{
  "type": "FeatureCollection",
  "features": [
    {
      "type": "Feature",
      "geometry": {
        "type": "MultiPolygon",
        "coordinates": [
          [
            [
              [
                19.113854371303567,
                47.575738195186794
              ],
              [
                19.113855446012327,
                47.57573868168207
              ],
              [
                19.113857416637607,
                47.57573948270842
              ],
              [
                19.113859749577184,
                47.575740232902874
              ],
              [
                19.113861911936898,
                47.57574076090471
              ],
              [
                19.11386441524199,
                47.57574119161736
              ],
              [
                19.113866687683103,
                47.57574142665675
              ],
              [
                19.113869266826207,
                47.575741521623435
              ],
              [
                19.113871563538883,
                47.57574145482502
              ],
              [
                19.113874121128752,
                47.57574121045978
              ],
              [
                19.113876355386623,
                47.5757408443459
              ],
              [
                19.1138787948459,
                47.57574026987614
              ],
              [
                19.113880882280977,
                47.57573961827176
              ],
              [
                19.113883111493045,
                47.5757387353901
              ],
              [
                19.113884973281536,
                47.57573782290044
              ],
              [
                19.113886908068956,
                47.57573666494541
              ],
              [
                19.113888473907753,
                47.57573552602712
              ],
              [
                19.11388930754801,
                47.57573485719833
              ],
              [
                19.113922717538976,
                47.575705241596786
              ],
              [
                19.11438492140281,
                47.57540002817716
              ],
              [
                19.11438587481788,
                47.57539932820408
              ],
              [
                19.114387469846303,
                47.575398025055875
              ],
              [
                19.11438830859799,
                47.575397260817454
              ],
              [
                19.114698937963983,
                47.57508048294209
              ],
              [
                19.114818404613306,
                47.57495899672396
              ],
              [
                19.11509186933508,
                47.57468090653208
              ],
              [
                19.115091885350086,
                47.57468089022339
              ],
              [
                19.11535207703584,
                47.574415393604774
              ],
              [
                19.11535283434983,
                47.57441451717103
              ],
              [
                19.115354048172318,
                47.574412910687336
              ],
              [
                19.11535510272518,
                47.57441101313992
              ],
              [
                19.115355754048895,
                47.574409263506205
              ],
              [
                19.115356153820795,
                47.57440725433934
              ],
              [
                19.115356209557977,
                47.57440545043864
              ],
              [
                19.115356156215153,
                47.5744044358135
              ],
              [
                19.115313225187446,
                47.57408964969155
              ],
              [
                19.115313044751094,
                47.57408878644138
              ],
              [
                19.11531261440979,
                47.57408726398628
              ],
              [
                19.1153118884142,
                47.57408559307742
              ],
              [
                19.115311032554054,
                47.574084155286506
              ],
              [
                19.115309844303383,
                47.57408261038282
              ],
              [
                19.115308595013342,
                47.574081311163376
              ],
              [
                19.11530698905889,
                47.57407995018814
              ],
              [
                19.115305393178783,
                47.57407883825191
              ],
              [
                19.115303429732837,
                47.57407771223231
              ],
              [
                19.11530154709723,
                47.57407682926927
              ],
              [
                19.11529929977553,
                47.57407598042335
              ],
              [
                19.115297200970307,
                47.57407535953853
              ],
              [
                19.11529475403195,
                47.57407481969212
              ],
              [
                19.115292517747854,
                47.5740744841644
              ],
              [
                19.115289962936163,
                47.574074273558026
              ],
              [
                19.115287673018425,
                47.57407423596746
              ],
              [
                19.115285106121227,
                47.57407436249735
              ],
              [
                19.115282848425974,
                47.574074624253214
              ],
              [
                19.115280365684193,
                47.57407508317548
              ],
              [
                19.11527822485943,
                47.574075634463775
              ],
              [
                19.115275919358798,
                47.574076408571955
              ],
              [
                19.115273975670693,
                47.5740772287232
              ],
              [
                19.115271933851584,
                47.574078288993555
              ],
              [
                19.11527026017508,
                47.574079347257666
              ],
              [
                19.115268558591694,
                47.574080653937344
              ],
              [
                19.115267217678163,
                47.57408191063678
              ],
              [
                19.115265920128206,
                47.57408341473433
              ],
              [
                19.11526496225274,
                47.57408482275149
              ],
              [
                19.115264480839013,
                47.574085631441925
              ],
              [
                19.115143505062356,
                47.574321193857806
              ],
              [
                19.11461421426935,
                47.574870211221956
              ],
              [
                19.114189612846076,
                47.575308715951
              ],
              [
                19.113758617645598,
                47.5755927886825
              ],
              [
                19.11375790436266,
                47.57559329693363
              ],
              [
                19.1137566886986,
                47.57559423369724
              ],
              [
                19.113756036066846,
                47.575594777989444
              ],
              [
                19.113704254416547,
                47.575641579088355
              ],
              [
                19.113703522906693,
                47.57564231291091
              ],
              [
                19.11370231883805,
                47.57564365925517
              ],
              [
                19.11370119223703,
                47.57564525466032
              ],
              [
                19.113700400666538,
                47.57564673438578
              ],
              [
                19.113699757071153,
                47.575648448104424
              ],
              [
                19.113699408589298,
                47.57565000402688
              ],
              [
                19.11369927287151,
                47.575651769832
              ],
              [
                19.113699380945526,
                47.57565334182241
              ],
              [
                19.113699758350283,
                47.57565509147402
              ],
              [
                19.113700318803723,
                47.575656618782524
              ],
              [
                19.11370119474622,
                47.57565828466496
              ],
              [
                19.113702185920307,
                47.575659708268304
              ],
              [
                19.113703526549617,
                47.57566122600321
              ],
              [
                19.113704910140257,
                47.575662490885854
              ],
              [
                19.113706663647502,
                47.57566380181989
              ],
              [
                19.113708386185543,
                47.57566485910024
              ],
              [
                19.113709397147414,
                47.575665420817074
              ],
              [
                19.113854371303567,
                47.575738195186794
              ]
            ]
          ]
        ]
      },
      "properties": {
        "lotNumber": "76331/228"
      }
    },
    {
      "type": "Feature",
      "geometry": {
        "type": "MultiPolygon",
        "coordinates": [
          [
            [
              [
                19.112223844050963,
                47.57533886930003
              ],
              [
                19.112282277266175,
                47.575317259586534
              ],
              [
                19.112282303362168,
                47.57531724992116
              ],
              [
                19.11246433181806,
                47.57524968660948
              ],
              [
                19.11246434982678,
                47.575249679912915
              ],
              [
                19.112464384388936,
                47.57524966703741
              ],
              [
                19.11246440238246,
                47.57524966032196
              ],
              [
                19.112645056985517,
                47.57518211395315
              ],
              [
                19.112827016251096,
                47.57511457540106
              ],
              [
                19.11299041033282,
                47.57505422947058
              ],
              [
                19.112990430248022,
                47.575054222100384
              ],
              [
                19.11299046846722,
                47.57505420792754
              ],
              [
                19.11299048836369,
                47.57505420053442
              ],
              [
                19.113382420647657,
                47.57490826978289
              ],
              [
                19.114551567031988,
                47.57447316979851
              ],
              [
                19.11455271972575,
                47.574472687451554
              ],
              [
                19.11455485746478,
                47.5744716874989
              ],
              [
                19.114556915957163,
                47.5744704978492
              ],
              [
                19.114558709978485,
                47.57446922554788
              ],
              [
                19.11456036960189,
                47.57446777834848
              ],
              [
                19.11456174549343,
                47.57446628647094
              ],
              [
                19.114562937410323,
                47.57446464174856
              ],
              [
                19.114563838103145,
                47.57446299217453
              ],
              [
                19.114564512875475,
                47.57446121814871
              ],
              [
                19.114564901010898,
                47.57445947929906
              ],
              [
                19.11456503065068,
                47.5744576495525
              ],
              [
                19.11456489012979,
                47.57445589355083
              ],
              [
                19.11456474794881,
                47.574454981494846
              ],
              [
                19.114540704691134,
                47.57435160481409
              ],
              [
                19.114530022459427,
                47.57430398704382
              ],
              [
                19.114529770294357,
                47.57430313969354
              ],
              [
                19.114529171870565,
                47.57430153226113
              ],
              [
                19.114528313884342,
                47.574299906073755
              ],
              [
                19.114527272581018,
                47.57429840564321
              ],
              [
                19.11452597120223,
                47.57429692036717
              ],
              [
                19.11452452539555,
                47.57429558223527
              ],
              [
                19.114522828585162,
                47.57429429260876
              ],
              [
                19.114521031558812,
                47.57429316609089
              ],
              [
                19.114519001850965,
                47.574292119641704
              ],
              [
                19.114516919832433,
                47.57429124625442
              ],
              [
                19.114514632029806,
                47.57429048154832
              ],
              [
                19.11451234174961,
                47.574289893479374
              ],
              [
                19.11450988016668,
                47.57428943869869
              ],
              [
                19.114507466030577,
                47.57428915762071
              ],
              [
                19.11450492138627,
                47.57428902952598
              ],
              [
                19.114502472364585,
                47.57428906579778
              ],
              [
                19.114499938438946,
                47.57428926910975
              ],
              [
                19.114497544787667,
                47.574289621394534
              ],
              [
                19.114495114965735,
                47.57429014862034
              ],
              [
                19.114492864900228,
                47.57429080393508
              ],
              [
                19.11449171725364,
                47.57429118339335
              ],
              [
                19.11209628126847,
                47.575182089406795
              ],
              [
                19.10965957527529,
                47.57608735863302
              ],
              [
                19.1096584160557,
                47.576087843189065
              ],
              [
                19.109656266575627,
                47.57608884818391
              ],
              [
                19.109654197675347,
                47.57609004465993
              ],
              [
                19.109652395736934,
                47.57609132482961
              ],
              [
                19.109650730322212,
                47.576092781361496
              ],
              [
                19.109649351464217,
                47.57609428304029
              ],
              [
                19.109648159350623,
                47.57609593856902
              ],
              [
                19.109647261375983,
                47.576097598805305
              ],
              [
                19.109646592537995,
                47.576099383929815
              ],
              [
                19.109646213090627,
                47.576101133125135
              ],
              [
                19.109646095566585,
                47.5761029730115
              ],
              [
                19.10964625055335,
                47.57610473783814
              ],
              [
                19.109646689270072,
                47.5761065553568
              ],
              [
                19.109647372193887,
                47.57610826183177
              ],
              [
                19.109648348760118,
                47.57610998079082
              ],
              [
                19.109649530992353,
                47.576111557377246
              ],
              [
                19.10965020901581,
                47.57611235713236
              ],
              [
                19.109686141724794,
                47.57615011541557
              ],
              [
                19.109686192929544,
                47.57615016880582
              ],
              [
                19.109686291777436,
                47.57615027107843
              ],
              [
                19.10968634353925,
                47.57615032422217
              ],
              [
                19.109767522027987,
                47.576233031494105
              ],
              [
                19.109768251075074,
                47.57623370433032
              ],
              [
                19.109769736281056,
                47.576234949514635
              ],
              [
                19.10977145432298,
                47.57623614400007
              ],
              [
                19.109773253566814,
                47.576237182361574
              ],
              [
                19.10977526782388,
                47.57623814182295
              ],
              [
                19.10977731931626,
                47.57623893770232
              ],
              [
                19.109779560615223,
                47.576239629189985
              ],
              [
                19.109781793904155,
                47.57624015525529
              ],
              [
                19.109784185274698,
                47.576240555022224
              ],
              [
                19.10978652366494,
                47.57624079320748
              ],
              [
                19.109788982983,
                47.576240887525
              ],
              [
                19.109791346169935,
                47.576240829650416
              ],
              [
                19.109793788978003,
                47.57624061527952
              ],
              [
                19.109796095805436,
                47.5762402633326
              ],
              [
                19.109798438212987,
                47.576239747635086
              ],
              [
                19.10980060946023,
                47.57623911370237
              ],
              [
                19.109801717664045,
                47.57623874800056
              ],
              [
                19.10990402438734,
                47.57620091643926
              ],
              [
                19.11009137615122,
                47.57613155425664
              ],
              [
                19.110091404269955,
                47.57613154381654
              ],
              [
                19.110091458222023,
                47.5761315237275
              ],
              [
                19.110091486303435,
                47.576131513241485
              ],
              [
                19.110230939583342,
                47.576079290640905
              ],
              [
                19.11040360933281,
                47.57601535694835
              ],
              [
                19.11040363279827,
                47.57601534824807
              ],
              [
                19.110597622865164,
                47.57594328452612
              ],
              [
                19.110762381032448,
                47.57588203019292
              ],
              [
                19.111147676985347,
                47.57573881114507
              ],
              [
                19.111329692109276,
                47.575671255652054
              ],
              [
                19.111329714180535,
                47.57567124744176
              ],
              [
                19.11132975653547,
                47.57567123165083
              ],
              [
                19.111329778583933,
                47.5756712234122
              ],
              [
                19.111469242282112,
                47.575618994495024
              ],
              [
                19.111859809816814,
                47.57547398582311
              ],
              [
                19.112100283802523,
                47.575384809474556
              ],
              [
                19.112100302463364,
                47.575384802546964
              ],
              [
                19.112223844050963,
                47.57533886930003
              ]
            ]
          ]
        ]
      },
      "properties": {
        "lotNumber": "76334/4"
      }
    },
    {
      "type": "Feature",
      "geometry": {
        "type": "MultiPolygon",
        "coordinates": [
          [
            [
              [
                19.11422599496228,
                47.5753313193755
              ],
              [
                19.114226977867038,
                47.575330596668046
              ],
              [
                19.114228489536842,
                47.57532935549358
              ],
              [
                19.114229350131854,
                47.57532856457362
              ],
              [
                19.114655475323467,
                47.57488848584511
              ],
              [
                19.114655494456528,
                47.574888466050496
              ],
              [
                19.115186485888774,
                47.574337684207826
              ],
              [
                19.115187208631408,
                47.57433683719126
              ],
              [
                19.1151882789812,
                47.574335408644814
              ],
              [
                19.115189297036054,
                47.57433358090607
              ],
              [
                19.115189886425064,
                47.57433202968293
              ],
              [
                19.1151902974053,
                47.57433009631947
              ],
              [
                19.115190378038992,
                47.57432849557277
              ],
              [
                19.115190162563575,
                47.574326547758936
              ],
              [
                19.1151897306395,
                47.57432497297723
              ],
              [
                19.115189390005998,
                47.574324022448835
              ],
              [
                19.11512940716286,
                47.57418913805541
              ],
              [
                19.11512898860711,
                47.57418833631445
              ],
              [
                19.115128211970227,
                47.57418704632866
              ],
              [
                19.11512704956241,
                47.57418554072609
              ],
              [
                19.11512592836882,
                47.574184372557006
              ],
              [
                19.11512436837751,
                47.57418304169799
              ],
              [
                19.115122942617273,
                47.57418203701113
              ],
              [
                19.115121040683295,
                47.57418092836398
              ],
              [
                19.115119361209548,
                47.574180122993845
              ],
              [
                19.115117185169908,
                47.574179276101034
              ],
              [
                19.11511531188505,
                47.574178698773096
              ],
              [
                19.115112939353327,
                47.57417814384107
              ],
              [
                19.115110939072498,
                47.57417781514706
              ],
              [
                19.11510845467062,
                47.57417757196873
              ],
              [
                19.115106398738522,
                47.57417750363231
              ],
              [
                19.115103891078526,
                47.574177580881205
              ],
              [
                19.11510185282481,
                47.57417777533975
              ],
              [
                19.115099411348268,
                47.57417817026064
              ],
              [
                19.11509746347204,
                47.574178620578316
              ],
              [
                19.115095175259963,
                47.5741793190854
              ],
              [
                19.11509338723681,
                47.574180009200575
              ],
              [
                19.115091333903663,
                47.574180986379965
              ],
              [
                19.115089769507662,
                47.57418189167807
              ],
              [
                19.115088024290444,
                47.57418311267635
              ],
              [
                19.115086739319484,
                47.574184200867776
              ],
              [
                19.115086002199668,
                47.574184889488826
              ],
              [
                19.114577583293897,
                47.574710465630794
              ],
              [
                19.114577572645494,
                47.57471047664923
              ],
              [
                19.11406661013669,
                47.575239949636305
              ],
              [
                19.113639525182275,
                47.57552226657478
              ],
              [
                19.113638813674818,
                47.57552277500247
              ],
              [
                19.113637696497477,
                47.575523638272365
              ],
              [
                19.113637045593542,
                47.57552418261284
              ],
              [
                19.113514894144092,
                47.575634884863106
              ],
              [
                19.113514151766772,
                47.57563563312494
              ],
              [
                19.113513028064123,
                47.5756368984178
              ],
              [
                19.113511892771218,
                47.57563852651099
              ],
              [
                19.113511163940085,
                47.575639917887315
              ],
              [
                19.113510530519786,
                47.57564166635912
              ],
              [
                19.113510225756432,
                47.575643128081964
              ],
              [
                19.11351011958297,
                47.57564492689058
              ],
              [
                19.113510251095963,
                47.57564640040481
              ],
              [
                19.113510676422617,
                47.575648177491864
              ],
              [
                19.113511238943765,
                47.57564960377007
              ],
              [
                19.113512178732513,
                47.57565128794733
              ],
              [
                19.113513149727886,
                47.5756526098544
              ],
              [
                19.113514566331858,
                47.57565413365551
              ],
              [
                19.11351590690448,
                47.57565529823722
              ],
              [
                19.113517743576082,
                47.57565660062027
              ],
              [
                19.113519400024057,
                47.57565756122465
              ],
              [
                19.1135215831882,
                47.57565859001763
              ],
              [
                19.113523489155988,
                47.575659308163885
              ],
              [
                19.113525931357405,
                47.5756600221543
              ],
              [
                19.113528010493923,
                47.575660469074315
              ],
              [
                19.11353061390059,
                47.57566083966051
              ],
              [
                19.11353278291779,
                47.575660997451
              ],
              [
                19.113535443239915,
                47.575661009787694
              ],
              [
                19.11353761524922,
                47.57566087212779
              ],
              [
                19.11354022591706,
                47.575660525720814
              ],
              [
                19.113542313910017,
                47.575660098125084
              ],
              [
                19.113544770342905,
                47.57565940685101
              ],
              [
                19.11354669067669,
                47.575658706448465
              ],
              [
                19.11354889447249,
                47.57565769799914
              ],
              [
                19.11355057022053,
                47.57565675284713
              ],
              [
                19.113551549296027,
                47.575656141850644
              ],
              [
                19.113611126142395,
                47.57561503883006
              ],
              [
                19.11370990148645,
                47.57566488996921
              ],
              [
                19.113710982815466,
                47.57566538180195
              ],
              [
                19.11371281028516,
                47.5756661277276
              ],
              [
                19.113715159810628,
                47.575666885378496
              ],
              [
                19.113717167051814,
                47.57566737603112
              ],
              [
                19.113719689717538,
                47.57566780934487
              ],
              [
                19.11372179977317,
                47.575668025912975
              ],
              [
                19.113724398860917,
                47.575668118276575
              ],
              [
                19.113726530832096,
                47.57566805245696
              ],
              [
                19.11372910669359,
                47.57566780032909
              ],
              [
                19.113731178841174,
                47.57566745464537
              ],
              [
                19.113733632718656,
                47.5756668676926
              ],
              [
                19.113735565597114,
                47.575666255398076
              ],
              [
                19.113737803409652,
                47.575665356124
              ],
              [
                19.113739522913015,
                47.575664500693954
              ],
              [
                19.113741458863586,
                47.57566332357645
              ],
              [
                19.113742899066636,
                47.575662257807764
              ],
              [
                19.113743730115313,
                47.57566157878964
              ],
              [
                19.11379437932146,
                47.575615801182686
              ],
              [
                19.11422599496228,
                47.5753313193755
              ]
            ]
          ]
        ]
      },
      "properties": {
        "lotNumber": "76334/6"
      }
    },
    {
      "type": "Feature",
      "geometry": {
        "type": "MultiPolygon",
        "coordinates": [
          [
            [
              [
                19.114173494138374,
                47.5731975762591
              ],
              [
                19.11417345104478,
                47.573197500180406
              ],
              [
                19.114173359480823,
                47.57319734069575
              ],
              [
                19.114173315370646,
                47.57319726488438
              ],
              [
                19.113960204212066,
                47.572835802746255
              ],
              [
                19.113960147357925,
                47.57283570788601
              ],
              [
                19.113960026293018,
                47.57283550914558
              ],
              [
                19.113959967847265,
                47.572835414729326
              ],
              [
                19.113734901840175,
                47.57247755674543
              ],
              [
                19.113734841764984,
                47.57247746271407
              ],
              [
                19.11373471394952,
                47.57247726574078
              ],
              [
                19.113734652295694,
                47.572477172178516
              ],
              [
                19.113497675183464,
                47.572122983365716
              ],
              [
                19.11343113715235,
                47.57202144705926
              ],
              [
                19.1134305764561,
                47.57202068981275
              ],
              [
                19.113429291088124,
                47.57201914059613
              ],
              [
                19.113427867276364,
                47.57201774961741
              ],
              [
                19.113426175896446,
                47.57201639072987
              ],
              [
                19.113424392316123,
                47.572015204827295
              ],
              [
                19.113422354783864,
                47.572014084361115
              ],
              [
                19.113420274557615,
                47.57201314550488
              ],
              [
                19.113417962983252,
                47.572012303114434
              ],
              [
                19.113415659732276,
                47.57201164453157
              ],
              [
                19.11341315592462,
                47.57201111002985
              ],
              [
                19.113410711163148,
                47.57201075502822
              ],
              [
                19.113408103734308,
                47.572010547331764
              ],
              [
                19.113405603984763,
                47.572010508475174
              ],
              [
                19.113402985214105,
                47.57201063493457
              ],
              [
                19.113400518944946,
                47.57201091359819
              ],
              [
                19.11339798151322,
                47.57201136973792
              ],
              [
                19.113395636008033,
                47.57201195605962
              ],
              [
                19.11339326971733,
                47.57201272573638
              ],
              [
                19.113392168440523,
                47.572013128192246
              ],
              [
                19.11103942563249,
                47.57297234974219
              ],
              [
                19.11103832034318,
                47.57297285310376
              ],
              [
                19.11103608325242,
                47.57297398613057
              ],
              [
                19.111034123022772,
                47.572975204119516
              ],
              [
                19.111032264310523,
                47.572976616020505
              ],
              [
                19.11103070192119,
                47.57297807385685
              ],
              [
                19.111029296098128,
                47.57297970803286
              ],
              [
                19.11102819418104,
                47.57298134727595
              ],
              [
                19.111027297602792,
                47.572983138217396
              ],
              [
                19.111026700330843,
                47.57298489315454
              ],
              [
                19.111026348938857,
                47.5729867690675
              ],
              [
                19.111026280255118,
                47.57298856934809
              ],
              [
                19.111026488135856,
                47.572990455032446
              ],
              [
                19.11102695079379,
                47.57299222848822
              ],
              [
                19.111027709613985,
                47.57299404835202
              ],
              [
                19.111028135217737,
                47.57299490268329
              ],
              [
                19.11152492257692,
                47.57384822054142
              ],
              [
                19.111524928874676,
                47.57384823133825
              ],
              [
                19.111524942121434,
                47.57384825400565
              ],
              [
                19.111524948439648,
                47.57384826479676
              ],
              [
                19.111975170378702,
                47.57461575850754
              ],
              [
                19.112081781251625,
                47.57519980151837
              ],
              [
                19.112082002590057,
                47.57520066544577
              ],
              [
                19.112082596819192,
                47.57520246007069
              ],
              [
                19.112083405988354,
                47.575204123828684
              ],
              [
                19.112084502940636,
                47.57520580649459
              ],
              [
                19.112085773276647,
                47.57520733258592
              ],
              [
                19.112087331354626,
                47.57520883948447
              ],
              [
                19.112089014685125,
                47.575210170038204
              ],
              [
                19.11209097480499,
                47.57521144402624
              ],
              [
                19.112093007296437,
                47.57521252858643
              ],
              [
                19.1120952951285,
                47.5752135213531
              ],
              [
                19.112097599706804,
                47.57521431879213
              ],
              [
                19.112100128494163,
                47.575214992690604
              ],
              [
                19.112102617767366,
                47.57521547276881
              ],
              [
                19.112105291615823,
                47.57521580224421
              ],
              [
                19.112107871188144,
                47.57521594675647
              ],
              [
                19.11211058870263,
                47.575215919314786
              ],
              [
                19.112113160754024,
                47.57521572278109
              ],
              [
                19.11211581888361,
                47.575215339462936
              ],
              [
                19.112118285879255,
                47.575214809335975
              ],
              [
                19.112120783824913,
                47.57521408467715
              ],
              [
                19.11212194843788,
                47.575213700321946
              ],
              [
                19.114517390229636,
                47.57432279199677
              ],
              [
                19.114517420646017,
                47.57432278066489
              ],
              [
                19.11470077175123,
                47.57425431324437
              ],
              [
                19.11470188743161,
                47.57425384660753
              ],
              [
                19.114704153297243,
                47.57425279092683
              ],
              [
                19.114706154328758,
                47.57425164648938
              ],
              [
                19.114708070171023,
                47.57425031055217
              ],
              [
                19.114709700596563,
                47.574248922735876
              ],
              [
                19.114711191978678,
                47.57424735844776
              ],
              [
                19.114712388450872,
                47.57424578117388
              ],
              [
                19.11471339742779,
                47.57424404931264
              ],
              [
                19.11471411345982,
                47.57424234386344
              ],
              [
                19.114714600829544,
                47.574240511717605
              ],
              [
                19.114714808601292,
                47.57423874435543
              ],
              [
                19.114714755428025,
                47.57423688310993
              ],
              [
                19.11471444686698,
                47.57423512250261
              ],
              [
                19.114713855216774,
                47.57423330447293
              ],
              [
                19.114713510281746,
                47.57423244816248
              ],
              [
                19.11456692148492,
                47.5739285145768
              ],
              [
                19.11456687596484,
                47.57392842190473
              ],
              [
                19.1145667788143,
                47.573928227650185
              ],
              [
                19.114566731810047,
                47.57392813531796
              ],
              [
                19.114376202912155,
                47.57356036490052
              ],
              [
                19.114376148503464,
                47.57356026188761
              ],
              [
                19.114376032305525,
                47.573560046038715
              ],
              [
                19.11437597604951,
                47.573559943481264
              ],
              [
                19.114173494138374,
                47.5731975762591
              ]
            ]
          ]
        ]
      },
      "properties": {
        "lotNumber": "76334/7"
      }
    },
    {
      "type": "Feature",
      "geometry": {
        "type": "MultiPolygon",
        "coordinates": [
          [
            [
              [
                19.114503133608572,
                47.57433970857254
              ],
              [
                19.11450197905003,
                47.574340190511144
              ],
              [
                19.114500083113168,
                47.57434107536208
              ],
              [
                19.11449802101265,
                47.574342264787894
              ],
              [
                19.114496429635647,
                47.574343391430105
              ],
              [
                19.11449476682061,
                47.57434483912118
              ],
              [
                19.11449354613394,
                47.57434616073647
              ],
              [
                19.114492351703515,
                47.57434780653331
              ],
              [
                19.11449155243347,
                47.57434926820135
              ],
              [
                19.11449087602287,
                47.574351043712056
              ],
              [
                19.11449053138358,
                47.57435258469251
              ],
              [
                19.114490401101495,
                47.57435441613491
              ],
              [
                19.114490525414706,
                47.57435597239159
              ],
              [
                19.114490667662942,
                47.57435688530825
              ],
              [
                19.114514711929306,
                47.5744602667464
              ],
              [
                19.114573512971834,
                47.574721933194766
              ],
              [
                19.114573779639993,
                47.57472281821302
              ],
              [
                19.114574343325202,
                47.57472430356772
              ],
              [
                19.114575262131595,
                47.574725997226146
              ],
              [
                19.11457625254181,
                47.574727376573726
              ],
              [
                19.114577652362698,
                47.5747289120751
              ],
              [
                19.114579029649597,
                47.574730129918535
              ],
              [
                19.11458085416435,
                47.57473144548321
              ],
              [
                19.11458256291391,
                47.5747324528235
              ],
              [
                19.114584738714626,
                47.574733495520746
              ],
              [
                19.114586710176653,
                47.57473425182829
              ],
              [
                19.114589149721667,
                47.57473497970591
              ],
              [
                19.114591304575903,
                47.57473545455138
              ],
              [
                19.114593909712006,
                47.5747358383238
              ],
              [
                19.11459616125952,
                47.57473601260205
              ],
              [
                19.114598827171022,
                47.57473603682849
              ],
              [
                19.114601084822503,
                47.57473590352754
              ],
              [
                19.114603704248463,
                47.57473556723326
              ],
              [
                19.114605877169,
                47.574735131716416
              ],
              [
                19.114608344718807,
                47.57473444843199
              ],
              [
                19.114610345482603,
                47.57473372822193
              ],
              [
                19.11461256187626,
                47.57473272543874
              ],
              [
                19.11461430998412,
                47.57473174951265
              ],
              [
                19.114616186046746,
                47.57473046757692
              ],
              [
                19.114617611164917,
                47.57472927520033
              ],
              [
                19.114618397361728,
                47.57472854528355
              ],
              [
                19.115126816035723,
                47.57420296896483
              ],
              [
                19.115127458470223,
                47.57420223027693
              ],
              [
                19.11512845981168,
                47.57420094218506
              ],
              [
                19.11512941935627,
                47.57419935778297
              ],
              [
                19.115130041834256,
                47.57419796462073
              ],
              [
                19.115130540293702,
                47.57419628587752
              ],
              [
                19.115130761349356,
                47.574194838133835
              ],
              [
                19.115130780659303,
                47.574193125887945
              ],
              [
                19.11513059228153,
                47.574191676029855
              ],
              [
                19.11513013174227,
                47.57418999233406
              ],
              [
                19.11512954075804,
                47.574188592905095
              ],
              [
                19.115128617059828,
                47.574186998777314
              ],
              [
                19.115127644886787,
                47.57418570049351
              ],
              [
                19.11512629150498,
                47.57418425370575
              ],
              [
                19.115124973375217,
                47.57418310361755
              ],
              [
                19.11512323935709,
                47.57418185660211
              ],
              [
                19.115121623040302,
                47.574180896389244
              ],
              [
                19.115119571227588,
                47.574179894338585
              ],
              [
                19.115117715299924,
                47.5741791587997
              ],
              [
                19.115115420051318,
                47.57417843802859
              ],
              [
                19.11511339177251,
                47.574177953819934
              ],
              [
                19.115110936268945,
                47.57417754044948
              ],
              [
                19.115108809144793,
                47.57417732511903
              ],
              [
                19.1151062823749,
                47.57417723412997
              ],
              [
                19.115104133493404,
                47.57417729548138
              ],
              [
                19.115102871989368,
                47.57417737237291
              ],
              [
                19.11489022867827,
                47.574197282771785
              ],
              [
                19.11488903915863,
                47.574197431756374
              ],
              [
                19.11488703817714,
                47.57419774671307
              ],
              [
                19.11488474361468,
                47.57419826055141
              ],
              [
                19.114882859995635,
                47.5741988155021
              ],
              [
                19.114881773959464,
                47.574199176099576
              ],
              [
                19.114503133608572,
                47.57433970857254
              ]
            ]
          ]
        ]
      },
      "properties": {
        "lotNumber": "76334/9"
      }
    },
    {
      "type": "Feature",
      "geometry": {
        "type": "MultiPolygon",
        "coordinates": [
          [
            [
              [
                19.115111087464456,
                47.574137030615766
              ],
              [
                19.115110647538398,
                47.5741361898309
              ],
              [
                19.115109486674456,
                47.57413427820736
              ],
              [
                19.11510824965906,
                47.574132705430046
              ],
              [
                19.11510655475754,
                47.574130986150486
              ],
              [
                19.11510488389667,
                47.574129609227036
              ],
              [
                19.115102721459944,
                47.574128149750265
              ],
              [
                19.11510068231265,
                47.57412702270644
              ],
              [
                19.115098137187573,
                47.57412588029743
              ],
              [
                19.11509580976324,
                47.57412504735473
              ],
              [
                19.115092981812033,
                47.574124266837785
              ],
              [
                19.115090457431016,
                47.57412376067805
              ],
              [
                19.115087457613033,
                47.57412337267805
              ],
              [
                19.115084835323575,
                47.5741232131613
              ],
              [
                19.115081781341605,
                47.57412323290207
              ],
              [
                19.11507916403356,
                47.57412342628725
              ],
              [
                19.115076175715615,
                47.5741238529942
              ],
              [
                19.115073666083365,
                47.574124391693445
              ],
              [
                19.11507086068103,
                47.57412520862409
              ],
              [
                19.115069677287543,
                47.574125601371364
              ],
              [
                19.11487969441606,
                47.574196767914046
              ],
              [
                19.11487857595726,
                47.57419723727562
              ],
              [
                19.114876067058702,
                47.5741984103495
              ],
              [
                19.11487406260206,
                47.574199561402075
              ],
              [
                19.114871943956434,
                47.57420104568015
              ],
              [
                19.114870313481468,
                47.5742024411834
              ],
              [
                19.114868667967414,
                47.574204178602805
              ],
              [
                19.114867475256197,
                47.57420576396649
              ],
              [
                19.1148663672441,
                47.57420768656165
              ],
              [
                19.11486565895399,
                47.57420939976847
              ],
              [
                19.11486513178793,
                47.57421143233002
              ],
              [
                19.114864935626397,
                47.57421320636157
              ],
              [
                19.11486500992853,
                47.5742152693784
              ],
              [
                19.114865333569266,
                47.57421703483692
              ],
              [
                19.11486600643313,
                47.57421904760653
              ],
              [
                19.114866837215846,
                47.574220735429584
              ],
              [
                19.114868082320005,
                47.57422261921507
              ],
              [
                19.11486938774566,
                47.57422416337724
              ],
              [
                19.114871156383362,
                47.574225844487344
              ],
              [
                19.114872885385488,
                47.57422718458297
              ],
              [
                19.114875108369993,
                47.57422859725489
              ],
              [
                19.114877193312303,
                47.57422968086116
              ],
              [
                19.114879783683374,
                47.574230769832845
              ],
              [
                19.11488214300564,
                47.57423155456058
              ],
              [
                19.114884999431318,
                47.57423227723291
              ],
              [
                19.114887540839888,
                47.57423273238446
              ],
              [
                19.114890551580448,
                47.57423306048748
              ],
              [
                19.114893175658672,
                47.574233168257884
              ],
              [
                19.114896222937787,
                47.5742330889566
              ],
              [
                19.114897533916405,
                47.574233010717386
              ],
              [
                19.1151101773684,
                47.574213100305236
              ],
              [
                19.115111428133304,
                47.57421294157471
              ],
              [
                19.115114297237383,
                47.5742124802708
              ],
              [
                19.115116703067738,
                47.574211924355865
              ],
              [
                19.11511938990888,
                47.574211101848064
              ],
              [
                19.115121595331715,
                47.5742102461457
              ],
              [
                19.115124001621293,
                47.57420909252267
              ],
              [
                19.115125925958992,
                47.574207968335735
              ],
              [
                19.1151279636714,
                47.57420652579866
              ],
              [
                19.115129536528865,
                47.57420517425164
              ],
              [
                19.115131131121633,
                47.574203495570615
              ],
              [
                19.115132294961498,
                47.57420196610509
              ],
              [
                19.11513338810215,
                47.57420011268877
              ],
              [
                19.115134100349515,
                47.57419846125479
              ],
              [
                19.115134652049463,
                47.574196500903945
              ],
              [
                19.11513488664936,
                47.57419478791334
              ],
              [
                19.11513487672673,
                47.574192792340405
              ],
              [
                19.11513462509728,
                47.574191080456934
              ],
              [
                19.115134053915167,
                47.57418912266283
              ],
              [
                19.115133747950996,
                47.57418828677066
              ],
              [
                19.115111087464456,
                47.574137030615766
              ]
            ]
          ]
        ]
      },
      "properties": {
        "lotNumber": "76334/10"
      }
    },
    {
      "type": "Feature",
      "geometry": {
        "type": "MultiPolygon",
        "coordinates": [
          [
            [
              [
                19.112749471205465,
                47.570577914318406
              ],
              [
                19.11171307905772,
                47.57080964281933
              ],
              [
                19.111711877188622,
                47.57080995601357
              ],
              [
                19.111709123823356,
                47.57081077927291
              ],
              [
                19.1117068822004,
                47.57081163375128
              ],
              [
                19.11170441479417,
                47.57081280058414
              ],
              [
                19.111702458430447,
                47.57081393132765
              ],
              [
                19.11170036943794,
                47.57081539801237
              ],
              [
                19.111698771639187,
                47.570816762651575
              ],
              [
                19.111697139335845,
                47.570818474230954
              ],
              [
                19.111695959972284,
                47.570820021632315
              ],
              [
                19.111694845521253,
                47.57082191397271
              ],
              [
                19.111694128784187,
                47.5708235861545
              ],
              [
                19.1116935739445,
                47.57082558834912
              ],
              [
                19.11169334669046,
                47.57082732265401
              ],
              [
                19.111693372252308,
                47.57082935967986
              ],
              [
                19.111693642996702,
                47.570831091122706
              ],
              [
                19.111694248002404,
                47.57083308665161
              ],
              [
                19.111694567677045,
                47.57083393095431
              ],
              [
                19.111699897998292,
                47.57084562103044
              ],
              [
                19.11170032093506,
                47.5708464144568
              ],
              [
                19.111701436923756,
                47.57084823562388
              ],
              [
                19.111702602017477,
                47.57084972486671
              ],
              [
                19.111704200360702,
                47.570851373205315
              ],
              [
                19.111705755464293,
                47.570852689246195
              ],
              [
                19.11170778006332,
                47.5708541069028
              ],
              [
                19.11170967059565,
                47.57085520355124
              ],
              [
                19.111712050390956,
                47.57085634076871
              ],
              [
                19.111714209997967,
                47.570857179534435
              ],
              [
                19.11171686146327,
                47.57085799639869
              ],
              [
                19.11171801878092,
                47.57085830949161
              ],
              [
                19.111801947617714,
                47.57087797980194
              ],
              [
                19.112001903837438,
                47.57118047184813
              ],
              [
                19.11200191425903,
                47.57118048757325
              ],
              [
                19.112001938697475,
                47.571180524354105
              ],
              [
                19.11200194916344,
                47.571180540065505
              ],
              [
                19.112093797691685,
                47.57131807012292
              ],
              [
                19.11226420938311,
                47.57157608444923
              ],
              [
                19.112264518400632,
                47.57157652046384
              ],
              [
                19.112265281491567,
                47.57157752685128
              ],
              [
                19.112265624688515,
                47.57157795099684
              ],
              [
                19.112360123857457,
                47.57168763302891
              ],
              [
                19.1123609786897,
                47.5716885044599
              ],
              [
                19.11236314713895,
                47.57169045813893
              ],
              [
                19.11236414568214,
                47.57169125651905
              ],
              [
                19.112490520132575,
                47.57178113270178
              ],
              [
                19.112491407070582,
                47.57178170776176
              ],
              [
                19.11249356985687,
                47.571782985698476
              ],
              [
                19.11249453145416,
                47.57178350289211
              ],
              [
                19.112643480650856,
                47.57185627666122
              ],
              [
                19.11264440845971,
                47.57185669116053
              ],
              [
                19.112646635624927,
                47.57185759799846
              ],
              [
                19.112648628242614,
                47.571858262703806
              ],
              [
                19.112651047491184,
                47.57185890583498
              ],
              [
                19.112652098358478,
                47.5718591513903
              ],
              [
                19.11283822070873,
                47.571896825320785
              ],
              [
                19.11283940137072,
                47.57189702494999
              ],
              [
                19.112842189897485,
                47.57189740559959
              ],
              [
                19.112843392591692,
                47.57189753131185
              ],
              [
                19.113026827382864,
                47.571910921001916
              ],
              [
                19.113027368811032,
                47.57191095295938
              ],
              [
                19.11302863748211,
                47.57191101018285
              ],
              [
                19.113029180388203,
                47.571911027134284
              ],
              [
                19.113224985240386,
                47.57191442776491
              ],
              [
                19.113314211301905,
                47.571937300579684
              ],
              [
                19.113379878053706,
                47.57203685632204
              ],
              [
                19.113446444641188,
                47.57213843635479
              ],
              [
                19.113446465610153,
                47.57213846818663
              ],
              [
                19.113446514890676,
                47.57213854260866
              ],
              [
                19.113446536041824,
                47.57213857438538
              ],
              [
                19.11368342092688,
                47.57249262586591
              ],
              [
                19.11390822944385,
                47.57285007499002
              ],
              [
                19.114121121834714,
                47.573211166673175
              ],
              [
                19.11432338694799,
                47.57357314654944
              ],
              [
                19.114513695851507,
                47.573940493028466
              ],
              [
                19.114652785814293,
                47.574228879406554
              ],
              [
                19.11449033020518,
                47.574289543948126
              ],
              [
                19.11448918479712,
                47.57429002447217
              ],
              [
                19.114486595558752,
                47.574291237838395
              ],
              [
                19.114484549093447,
                47.57429242121629
              ],
              [
                19.11448237421719,
                47.574293962721065
              ],
              [
                19.11448072205459,
                47.57429540084986
              ],
              [
                19.114479050742048,
                47.57429720726909
              ],
              [
                19.114477860644932,
                47.5742988411646
              ],
              [
                19.11447676144433,
                47.574300838408845
              ],
              [
                19.114476082224083,
                47.57430260105758
              ],
              [
                19.114475600218764,
                47.57430470721071
              ],
              [
                19.11447545973341,
                47.57430652631843
              ],
              [
                19.114475614692747,
                47.57430865499758
              ],
              [
                19.114475749152177,
                47.574309562414854
              ],
              [
                19.114486441990138,
                47.574357227682086
              ],
              [
                19.11448669400971,
                47.57435807464281
              ],
              [
                19.114487422870752,
                47.574360032815704
              ],
              [
                19.11448828024457,
                47.57436165830181
              ],
              [
                19.114489548383183,
                47.574363486219724
              ],
              [
                19.114490848767588,
                47.57436497096531
              ],
              [
                19.114492609491254,
                47.57436660132472
              ],
              [
                19.114494305006435,
                47.57436789066174
              ],
              [
                19.114496493485717,
                47.574369263433
              ],
              [
                19.11449852170316,
                47.574370309888344
              ],
              [
                19.114501057358705,
                47.574371374526365
              ],
              [
                19.11450334359984,
                47.57437213956966
              ],
              [
                19.114506133069288,
                47.574372856874604
              ],
              [
                19.11450859315514,
                47.57437331233719
              ],
              [
                19.11451153373071,
                47.57437365589804
              ],
              [
                19.114514077081356,
                47.57437378500976
              ],
              [
                19.114517060491576,
                47.57437374217667
              ],
              [
                19.114519593461267,
                47.57437354018372
              ],
              [
                19.114522509857466,
                47.57437311253376
              ],
              [
                19.114524939182683,
                47.57437258687347
              ],
              [
                19.11452768118367,
                47.57437179015266
              ],
              [
                19.11452882878668,
                47.5743714115467
              ],
              [
                19.11490746929626,
                47.574230878990825
              ],
              [
                19.114907492008378,
                47.57423087054167
              ],
              [
                19.11490754512612,
                47.57423085073556
              ],
              [
                19.114907567813788,
                47.57423084225647
              ],
              [
                19.115066214691502,
                47.57417141402905
              ],
              [
                19.115078609302522,
                47.574199449671774
              ],
              [
                19.115078619571154,
                47.574199472840824
              ],
              [
                19.115138605376142,
                47.57433436419557
              ],
              [
                19.115139034761842,
                47.57433518386741
              ],
              [
                19.11514017403826,
                47.57433706458579
              ],
              [
                19.11514137262832,
                47.574338600889114
              ],
              [
                19.115143024943254,
                47.574340298317374
              ],
              [
                19.115144637621405,
                47.57434165003865
              ],
              [
                19.11514674133496,
                47.5743431008539
              ],
              [
                19.115148707939944,
                47.57434421756682
              ],
              [
                19.115151184572653,
                47.57434536764603
              ],
              [
                19.11515343173987,
                47.57434620769146
              ],
              [
                19.115156188900407,
                47.57434701413059
              ],
              [
                19.11515863279876,
                47.57434754617033
              ],
              [
                19.115161567630608,
                47.574347978885044
              ],
              [
                19.115164117089893,
                47.5743481830713
              ],
              [
                19.115167120108456,
                47.57434822591907
              ],
              [
                19.115169680020472,
                47.57434809463459
              ],
              [
                19.115172639197404,
                47.57434774601699
              ],
              [
                19.115175114064012,
                47.574347284159366
              ],
              [
                19.115177919006495,
                47.5743465570816
              ],
              [
                19.115180216502218,
                47.57434578188054
              ],
              [
                19.11518276257122,
                47.574344703466444
              ],
              [
                19.115184796987442,
                47.57434364384103
              ],
              [
                19.1151869892013,
                47.57434225432115
              ],
              [
                19.115188684643677,
                47.5743409498009
              ],
              [
                19.115190441221387,
                47.57433930101153
              ],
              [
                19.115191734441133,
                47.57433780026195
              ],
              [
                19.115192989853245,
                47.57433595371155
              ],
              [
                19.11519346991394,
                47.57433514701595
              ],
              [
                19.115315454819864,
                47.574097619201545
              ],
              [
                19.115315818492533,
                47.574096782154975
              ],
              [
                19.11531652726949,
                47.574094800176475
              ],
              [
                19.115316887677512,
                47.574093074429484
              ],
              [
                19.115317018287833,
                47.57409103715799
              ],
              [
                19.115316880094984,
                47.574089296773025
              ],
              [
                19.11531642763472,
                47.57408728070278
              ],
              [
                19.11531617245372,
                47.57408642548779
              ],
              [
                19.115111144969276,
                47.573537927846765
              ],
              [
                19.115001737678025,
                47.573037964993766
              ],
              [
                19.115001500457286,
                47.57303714554388
              ],
              [
                19.11500081517066,
                47.57303524958059
              ],
              [
                19.115000009911963,
                47.573033672839664
              ],
              [
                19.114998819013287,
                47.57303189512874
              ],
              [
                19.114997597320322,
                47.57303044614269
              ],
              [
                19.114995941776712,
                47.573028847837485
              ],
              [
                19.114994345675882,
                47.57302757645153
              ],
              [
                19.114992282438255,
                47.57302621253395
              ],
              [
                19.114991360688823,
                47.57302565738992
              ],
              [
                19.11475860018163,
                47.572898067655984
              ],
              [
                19.11475754739773,
                47.57289754631518
              ],
              [
                19.114755001454796,
                47.57289641103044
              ],
              [
                19.114752695352134,
                47.572895589732624
              ],
              [
                19.114749871007064,
                47.57289481243733
              ],
              [
                19.11474737242414,
                47.57289431142525
              ],
              [
                19.11474437824685,
                47.57289392199911
              ],
              [
                19.114741783231032,
                47.57289376053194
              ],
              [
                19.114738734319893,
                47.57289377394487
              ],
              [
                19.114736142625485,
                47.57289395822962
              ],
              [
                19.11473315618287,
                47.57289437396591
              ],
              [
                19.114730667436504,
                47.572894896918505
              ],
              [
                19.114727858263446,
                47.57289569899704
              ],
              [
                19.11472556813437,
                47.57289654051477
              ],
              [
                19.114723044217573,
                47.57289769810302
              ],
              [
                19.114722001538585,
                47.572898228662304
              ],
              [
                19.114584053530276,
                47.57297587780602
              ],
              [
                19.11421737288848,
                47.57292207971212
              ],
              [
                19.114035303687128,
                47.57275979360089
              ],
              [
                19.113764218940048,
                47.5721629004849
              ],
              [
                19.113662458295597,
                47.57170845902306
              ],
              [
                19.113692993846925,
                47.57161943826919
              ],
              [
                19.11369306638068,
                47.571619213834616
              ],
              [
                19.113693226171975,
                47.57161868727656
              ],
              [
                19.113693290211973,
                47.57161846166155
              ],
              [
                19.11376605212712,
                47.57134318568371
              ],
              [
                19.11376623170838,
                47.571342186325616
              ],
              [
                19.113766457535647,
                47.57133983926153
              ],
              [
                19.11376631808665,
                47.571337831192054
              ],
              [
                19.113765767992646,
                47.571335508805426
              ],
              [
                19.11376545070935,
                47.57133452524958
              ],
              [
                19.11340818357037,
                47.57046404837678
              ],
              [
                19.113407779253674,
                47.5704632209927
              ],
              [
                19.11340669694756,
                47.57046132043801
              ],
              [
                19.113405543958557,
                47.57045976423886
              ],
              [
                19.11340394093341,
                47.57045804037896
              ],
              [
                19.113402366569666,
                47.57045666363956
              ],
              [
                19.113400302874517,
                47.57045518104978
              ],
              [
                19.113398366111383,
                47.570454035342486
              ],
              [
                19.113395919051808,
                47.5704528495603
              ],
              [
                19.113393692440003,
                47.570451977802975
              ],
              [
                19.113390953682273,
                47.570451133247474
              ],
              [
                19.11338852063013,
                47.57045056809595
              ],
              [
                19.11338559276744,
                47.57045009640394
              ],
              [
                19.113383044416487,
                47.5704498590287
              ],
              [
                19.113380037125825,
                47.57044977786965
              ],
              [
                19.11337746893663,
                47.57044987716262
              ],
              [
                19.11337449487034,
                47.5704501895768
              ],
              [
                19.113373233469968,
                47.57045036480359
              ],
              [
                19.113128733950713,
                47.57049277637916
              ],
              [
                19.113128288325147,
                47.5704928592918
              ],
              [
                19.113127250860227,
                47.570493065516324
              ],
              [
                19.113126809763642,
                47.57049315886397
              ],
              [
                19.112749471205465,
                47.570577914318406
              ]
            ]
          ]
        ]
      },
      "properties": {
        "lotNumber": "76370/1"
      }
    },
    {
      "type": "Feature",
      "geometry": {
        "type": "MultiPolygon",
        "coordinates": [
          [
            [
              [
                19.115097497493185,
                47.57466874859334
              ],
              [
                19.115097231299085,
                47.57466786657442
              ],
              [
                19.115096556728176,
                47.574666090128
              ],
              [
                19.11509564143075,
                47.57466440197174
              ],
              [
                19.115094458146853,
                47.57466275182796
              ],
              [
                19.11509306490038,
                47.57466122061354
              ],
              [
                19.115091420196812,
                47.574659762724956
              ],
              [
                19.115089604686336,
                47.57465844965167
              ],
              [
                19.115087564298296,
                47.574657242286875
              ],
              [
                19.11508539908578,
                47.57465619983529
              ],
              [
                19.115083044563068,
                47.57465529124994
              ],
              [
                19.115080616187242,
                47.57465456108451
              ],
              [
                19.115078041634877,
                47.574653987592725
              ],
              [
                19.1150754471525,
                47.57465359889652
              ],
              [
                19.11507275546958,
                47.57465338341951
              ],
              [
                19.11507009857629,
                47.57465335172784
              ],
              [
                19.115067397343335,
                47.574653502877695
              ],
              [
                19.11506478422919,
                47.57465382945726
              ],
              [
                19.11506218140843,
                47.574654341192826
              ],
              [
                19.11505971651374,
                47.57465501299094
              ],
              [
                19.115057316134077,
                47.57465586485941
              ],
              [
                19.11505509797518,
                47.57465685502578
              ],
              [
                19.115052995974434,
                47.5746580129798
              ],
              [
                19.115051113206192,
                47.5746592819397
              ],
              [
                19.115049393596678,
                47.57466069969847
              ],
              [
                19.11504860210979,
                47.57466142325932
              ],
              [
                19.114775137261244,
                47.57493951335043
              ],
              [
                19.114774505987004,
                47.574940224330305
              ],
              [
                19.114773319645803,
                47.574941711783545
              ],
              [
                19.114772360026315,
                47.574943236371716
              ],
              [
                19.11477159706733,
                47.57494484585442
              ],
              [
                19.11477106704961,
                47.57494646369633
              ],
              [
                19.11477075336974,
                47.574948140578364
              ],
              [
                19.114770670944047,
                47.57494979676027
              ],
              [
                19.11477081719049,
                47.57495148412393
              ],
              [
                19.1147709452986,
                47.574952309023786
              ],
              [
                19.114879214478027,
                47.57543435724347
              ],
              [
                19.11487921678791,
                47.575434367487944
              ],
              [
                19.114879221518024,
                47.575434388385624
              ],
              [
                19.11487922384551,
                47.57543439862902
              ],
              [
                19.11496470733718,
                47.57580917603541
              ],
              [
                19.11503157267751,
                47.576167772825364
              ],
              [
                19.115031575988894,
                47.57616779050656
              ],
              [
                19.115070383328714,
                47.57637374878071
              ],
              [
                19.115156026786927,
                47.57682882440579
              ],
              [
                19.115156107535128,
                47.576829192522766
              ],
              [
                19.115156295144658,
                47.57682994085453
              ],
              [
                19.115156398327382,
                47.576830306396175
              ],
              [
                19.115355254970094,
                47.57746341074941
              ],
              [
                19.115355586214374,
                47.577464259343834
              ],
              [
                19.115356385017723,
                47.57746596407288
              ],
              [
                19.1153574051593,
                47.57746757577039
              ],
              [
                19.11535867753675,
                47.57746914325085
              ],
              [
                19.115360140374968,
                47.577470590411515
              ],
              [
                19.115361837979812,
                47.57747196108344
              ],
              [
                19.11536368793097,
                47.57747318871925
              ],
              [
                19.115365746259016,
                47.577474310500975
              ],
              [
                19.11536791303018,
                47.57747527196508
              ],
              [
                19.115370253870736,
                47.577476102232005
              ],
              [
                19.115372655130646,
                47.57747676099155
              ],
              [
                19.1153751895383,
                47.57747726819586
              ],
              [
                19.115377734045786,
                47.577477599219726
              ],
              [
                19.115380365720096,
                47.57747776408908
              ],
              [
                19.11538295679093,
                47.57747775479936
              ],
              [
                19.11538558573558,
                47.577477571069146
              ],
              [
                19.115388124916276,
                47.57747722181874
              ],
              [
                19.115390651238666,
                47.577476696470214
              ],
              [
                19.115393042047398,
                47.57747602052973
              ],
              [
                19.115395369754307,
                47.57747517352469
              ],
              [
                19.115397521347017,
                47.57747419657797
              ],
              [
                19.115399561992078,
                47.577473060100196
              ],
              [
                19.115400522091218,
                47.57747246993895
              ],
              [
                19.115452318818612,
                47.577437361063375
              ],
              [
                19.115453162613967,
                47.577436732371424
              ],
              [
                19.115454790739065,
                47.577435397771026
              ],
              [
                19.115456197453167,
                47.577433993303636
              ],
              [
                19.115457426233025,
                47.57743247556189
              ],
              [
                19.115458418151327,
                47.57743091733068
              ],
              [
                19.115459203864923,
                47.57742927045026
              ],
              [
                19.115459532631835,
                47.57742845083837
              ],
              [
                19.115576921734124,
                47.57706955087324
              ],
              [
                19.115663896740767,
                47.57701396533425
              ],
              [
                19.115664836367937,
                47.577013300067065
              ],
              [
                19.115666645727106,
                47.57701188020889
              ],
              [
                19.1156682001306,
                47.57701037283113
              ],
              [
                19.115669545158585,
                47.577008733732676
              ],
              [
                19.115670614261955,
                47.577007044012596
              ],
              [
                19.11567143879029,
                47.57700525412289
              ],
              [
                19.11567197794772,
                47.57700345262345
              ],
              [
                19.11567224754412,
                47.577001586688475
              ],
              [
                19.11567223424045,
                47.57699974864047
              ],
              [
                19.115671937646646,
                47.5769978845819
              ],
              [
                19.115671723088344,
                47.576996975866955
              ],
              [
                19.115342472584153,
                47.575949661439026
              ],
              [
                19.115307600382746,
                47.57560108128286
              ],
              [
                19.115307551134705,
                47.575600705893756
              ],
              [
                19.115307427009757,
                47.57559994186002
              ],
              [
                19.115307354566667,
                47.575599568196466
              ],
              [
                19.115097497493185,
                47.57466874859334
              ]
            ]
          ]
        ]
      },
      "properties": {
        "lotNumber": "76555/3"
      }
    },
    {
      "type": "Feature",
      "geometry": {
        "type": "MultiPolygon",
        "coordinates": [
          [
            [
              [
                19.113885108249345,
                47.57568093724499
              ],
              [
                19.11388444083328,
                47.575681411259204
              ],
              [
                19.113883133082673,
                47.57568241047711
              ],
              [
                19.113882518390298,
                47.57568291608818
              ],
              [
                19.113847996577352,
                47.575713517221246
              ],
              [
                19.113847251985202,
                47.57571424965196
              ],
              [
                19.11384584571274,
                47.57571579089495
              ],
              [
                19.113844694180386,
                47.5757173866341
              ],
              [
                19.11384376280095,
                47.575719084798585
              ],
              [
                19.113843097019224,
                47.57572080253011
              ],
              [
                19.113842676837926,
                47.575722591422
              ],
              [
                19.113842522758983,
                47.575724364188986
              ],
              [
                19.113842630154522,
                47.57572617407749
              ],
              [
                19.11384299378444,
                47.57572793277777
              ],
              [
                19.11384362457067,
                47.5757296931137
              ],
              [
                19.1138444917353,
                47.5757313691934
              ],
              [
                19.113845621324355,
                47.5757330113592
              ],
              [
                19.11384695822185,
                47.575734539484934
              ],
              [
                19.1138485425826,
                47.57573599946916
              ],
              [
                19.113850297100946,
                47.57573732007483
              ],
              [
                19.113852274475263,
                47.57573854096744
              ],
              [
                19.113853287537037,
                47.5757391069903
              ],
              [
                19.114189789829627,
                47.57590891414877
              ],
              [
                19.114190905124914,
                47.57590941972864
              ],
              [
                19.114193251393626,
                47.575910370836525
              ],
              [
                19.114195678916417,
                47.57591114153903
              ],
              [
                19.114198259538966,
                47.575911754646185
              ],
              [
                19.114200866254873,
                47.57591217998357
              ],
              [
                19.114203576213264,
                47.57591243013966
              ],
              [
                19.114206256042422,
                47.57591249280293
              ],
              [
                19.114208985055342,
                47.57591236982794
              ],
              [
                19.114211628942538,
                47.57591206726697
              ],
              [
                19.114214265953265,
                47.57591157616533
              ],
              [
                19.114216766305947,
                47.57591092069285
              ],
              [
                19.114219204001756,
                47.57591008144987
              ],
              [
                19.114221459068503,
                47.575909099740116
              ],
              [
                19.1142235982478,
                47.57590794650868
              ],
              [
                19.114224604625452,
                47.57590734532182
              ],
              [
                19.11492452319535,
                47.57544462325602
              ],
              [
                19.114925381352897,
                47.575443999466
              ],
              [
                19.114927039073503,
                47.57544267373032
              ],
              [
                19.114928475205662,
                47.57544127573655
              ],
              [
                19.114929734043425,
                47.575439762366955
              ],
              [
                19.114930755140573,
                47.57543820628972
              ],
              [
                19.11493156999037,
                47.57543655951141
              ],
              [
                19.11493213946581,
                47.5754349011062
              ],
              [
                19.114932481131007,
                47.57543317992466
              ],
              [
                19.11493257858007,
                47.575431478613524
              ],
              [
                19.11493243481861,
                47.5754297447
              ],
              [
                19.114932304773856,
                47.57542889700416
              ],
              [
                19.114824035121707,
                47.57494684883342
              ],
              [
                19.114823769582088,
                47.57494596651066
              ],
              [
                19.11482309626632,
                47.574944189407034
              ],
              [
                19.11482218203861,
                47.57494250054065
              ],
              [
                19.114820999675217,
                47.574940849620575
              ],
              [
                19.114819607160292,
                47.574939317609456
              ],
              [
                19.114817963027704,
                47.57493785888714
              ],
              [
                19.11481614790717,
                47.574936544990756
              ],
              [
                19.114814107748227,
                47.57493533679514
              ],
              [
                19.114811942602056,
                47.57493429355131
              ],
              [
                19.11480958799519,
                47.57493338419361
              ],
              [
                19.11480715939957,
                47.57493265331776
              ],
              [
                19.114804584496767,
                47.57493207915978
              ],
              [
                19.11480198956223,
                47.57493168987693
              ],
              [
                19.114799297324296,
                47.57493147387721
              ],
              [
                19.11479663981261,
                47.57493144175336
              ],
              [
                19.114793937892106,
                47.57493159254882
              ],
              [
                19.114791324067276,
                47.574931918868444
              ],
              [
                19.114788720503952,
                47.57493243042938
              ],
              [
                19.114786254883093,
                47.57493310214422
              ],
              [
                19.114783853783756,
                47.57493395401519
              ],
              [
                19.114781634957907,
                47.57493494426584
              ],
              [
                19.114779532333614,
                47.57493610238375
              ],
              [
                19.114777649025392,
                47.574937371573746
              ],
              [
                19.114775928952326,
                47.57493878962967
              ],
              [
                19.114775137261244,
                47.57493951335043
              ],
              [
                19.11465566142474,
                47.57506100881066
              ],
              [
                19.114655646748133,
                47.57506102375306
              ],
              [
                19.114346581114603,
                47.575376206691004
              ],
              [
                19.113885108249345,
                47.57568093724499
              ]
            ]
          ]
        ]
      },
      "properties": {
        "lotNumber": "76555/4"
      }
    },
    {
      "type": "Feature",
      "geometry": {
        "type": "MultiPolygon",
        "coordinates": [
          [
            [
              [
                19.115399696812265,
                47.574422660391065
              ],
              [
                19.115350183430447,
                47.57439194252242
              ],
              [
                19.115349203409863,
                47.57439139065791
              ],
              [
                19.115346925701964,
                47.574390228488994
              ],
              [
                19.115344754475256,
                47.574389327464274
              ],
              [
                19.11534219100941,
                47.57438848062253
              ],
              [
                19.115339805677234,
                47.574387876386766
              ],
              [
                19.115337050579402,
                47.57438737596679
              ],
              [
                19.11533453872695,
                47.574387090706445
              ],
              [
                19.115331693159465,
                47.574386955082744
              ],
              [
                19.11532914701753,
                47.57438699927209
              ],
              [
                19.115326315464593,
                47.574387233424574
              ],
              [
                19.115323828523007,
                47.57438760544106
              ],
              [
                19.11532111495423,
                47.57438820077201
              ],
              [
                19.11531877852909,
                47.57438888695587
              ],
              [
                19.115316282581947,
                47.574389821605784
              ],
              [
                19.11531418246266,
                47.57439079676155
              ],
              [
                19.11531199578396,
                47.57439203641176
              ],
              [
                19.115310209083255,
                47.574393264733374
              ],
              [
                19.11530841196402,
                47.574394763866096
              ],
              [
                19.11530765716575,
                47.57439545918971
              ],
              [
                19.115047471111122,
                47.57466094984154
              ],
              [
                19.115046842283018,
                47.574661660493405
              ],
              [
                19.115045544895295,
                47.57466329282115
              ],
              [
                19.115044589552973,
                47.57466481618712
              ],
              [
                19.11504375604795,
                47.57466658172983
              ],
              [
                19.115043229299694,
                47.57466819775022
              ],
              [
                19.115042887891814,
                47.57467003674384
              ],
              [
                19.115042807568276,
                47.57467169071593
              ],
              [
                19.11504296981438,
                47.574673540910005
              ],
              [
                19.115043098507936,
                47.57467436463026
              ],
              [
                19.11525295464627,
                47.57560518433061
              ],
              [
                19.115253217109885,
                47.57560605648273
              ],
              [
                19.11525394625668,
                47.57560798566127
              ],
              [
                19.11525484566921,
                47.575609656169185
              ],
              [
                19.115256121342696,
                47.575611450607916
              ],
              [
                19.115257488765618,
                47.57561296876649
              ],
              [
                19.115259261122997,
                47.5756145583534
              ],
              [
                19.115261043128637,
                47.57561586484542
              ],
              [
                19.115263242920715,
                47.57561718747239
              ],
              [
                19.115265369882888,
                47.57561823125081
              ],
              [
                19.115267911159762,
                47.57561923524033
              ],
              [
                19.11527029997415,
                47.575619975522756
              ],
              [
                19.115273083443437,
                47.57562062164717
              ],
              [
                19.115275640774634,
                47.57562102950938
              ],
              [
                19.11527855768104,
                47.57562129252337
              ],
              [
                19.115281183609362,
                47.57562135202946
              ],
              [
                19.115284119983915,
                47.57562122165651
              ],
              [
                19.115286711909448,
                47.57562093048147
              ],
              [
                19.115289553022528,
                47.575620411815606
              ],
              [
                19.11529200967393,
                47.57561978133616
              ],
              [
                19.115294644517956,
                47.57561889464252
              ],
              [
                19.115296869909283,
                47.57561794949271
              ],
              [
                19.115299195536043,
                47.57561672941614
              ],
              [
                19.115300193888377,
                47.575616149936224
              ],
              [
                19.115840742725133,
                47.57526954450637
              ],
              [
                19.115841696049564,
                47.575268866103066
              ],
              [
                19.11584370900658,
                47.57526727549715
              ],
              [
                19.115845278415758,
                47.57526573659429
              ],
              [
                19.11584676189432,
                47.57526389872876
              ],
              [
                19.115847827205773,
                47.57526217350481
              ],
              [
                19.11584871709991,
                47.57526016780005
              ],
              [
                19.11584923227808,
                47.575258330807614
              ],
              [
                19.115849490132618,
                47.575256243936806
              ],
              [
                19.115849432915045,
                47.57525437455851
              ],
              [
                19.115849047587375,
                47.575252296702274
              ],
              [
                19.11584880413227,
                47.575251375153854
              ],
              [
                19.11576216013777,
                47.574999792114916
              ],
              [
                19.115571367912768,
                47.574381290977776
              ],
              [
                19.11557104855082,
                47.5743804574057
              ],
              [
                19.11557020288632,
                47.57437861762957
              ],
              [
                19.115569219154935,
                47.574377031362
              ],
              [
                19.115567871359946,
                47.57437533418322
              ],
              [
                19.115566459344738,
                47.5743739036638
              ],
              [
                19.115564658721162,
                47.574372411164525
              ],
              [
                19.11556287007316,
                47.57437118872101
              ],
              [
                19.115560682487153,
                47.574369955496245
              ],
              [
                19.115558582634435,
                47.574368985845204
              ],
              [
                19.11555608810705,
                47.57436805700584
              ],
              [
                19.115553753861402,
                47.574367375616646
              ],
              [
                19.115551043641474,
                47.574366785139226
              ],
              [
                19.11554856038867,
                47.57436641693689
              ],
              [
                19.115545733614926,
                47.57436618642082
              ],
              [
                19.115543192191335,
                47.574366144873984
              ],
              [
                19.115540352265995,
                47.57436628275146
              ],
              [
                19.115537845635842,
                47.574366569379904
              ],
              [
                19.11553509644222,
                47.574367070607465
              ],
              [
                19.115532716297004,
                47.5743676749264
              ],
              [
                19.115530158399462,
                47.57436852116935
              ],
              [
                19.115529043235924,
                47.57436893598932
              ],
              [
                19.115399696812265,
                47.574422660391065
              ]
            ]
          ]
        ]
      },
      "properties": {
        "lotNumber": "76555/5"
      }
    },
    {
      "type": "Feature",
      "geometry": {
        "type": "MultiPolygon",
        "coordinates": [
          [
            [
              [
                19.115290084622156,
                47.57595335648263
              ],
              [
                19.115290228025906,
                47.57595419856709
              ],
              [
                19.11529060714365,
                47.575955769584056
              ],
              [
                19.115291241170524,
                47.57595740776567
              ],
              [
                19.11529204873019,
                47.57595890285393
              ],
              [
                19.11529312528539,
                47.5759604315852
              ],
              [
                19.115294332661946,
                47.57596179774919
              ],
              [
                19.11529581358549,
                47.575963162842044
              ],
              [
                19.115297377981797,
                47.57596435165617
              ],
              [
                19.115299210780286,
                47.57596550472287
              ],
              [
                19.115301076744103,
                47.575966474047874
              ],
              [
                19.11530319645138,
                47.5759673742164
              ],
              [
                19.11530529784096,
                47.57596808969311
              ],
              [
                19.11530762932095,
                47.575968705055594
              ],
              [
                19.1153098916495,
                47.575969141323014
              ],
              [
                19.115312352259515,
                47.57596945006705
              ],
              [
                19.11531469533552,
                47.57596959166097
              ],
              [
                19.115317197855674,
                47.575969582842696
              ],
              [
                19.115319538625393,
                47.575969424744144
              ],
              [
                19.11532199435022,
                47.57596909867614
              ],
              [
                19.115324249841677,
                47.57596864648911
              ],
              [
                19.115326571724438,
                47.57596801472936
              ],
              [
                19.115328661988453,
                47.57596728448228
              ],
              [
                19.115330767726665,
                47.575966369424414
              ],
              [
                19.115332618670827,
                47.57596538700196
              ],
              [
                19.11533356678651,
                47.57596483300921
              ],
              [
                19.115943180707053,
                47.57557321422873
              ],
              [
                19.11594413061228,
                47.57557253719408
              ],
              [
                19.11594581414095,
                47.57557120516789
              ],
              [
                19.115947378423126,
                47.57556967013127
              ],
              [
                19.115948619904252,
                47.575568131833116
              ],
              [
                19.115949682843354,
                47.57556641152468
              ],
              [
                19.115950428923924,
                47.57556473306359
              ],
              [
                19.115950944839877,
                47.57556290141413
              ],
              [
                19.11595116345691,
                47.57556115492248
              ],
              [
                19.11595111017816,
                47.5755592906478
              ],
              [
                19.115950791936612,
                47.575557551181646
              ],
              [
                19.115950551604726,
                47.575556631886315
              ],
              [
                19.115846485373293,
                47.575251775770425
              ],
              [
                19.115846140851374,
                47.57525094882892
              ],
              [
                19.1158453850259,
                47.57524941863445
              ],
              [
                19.11584435509769,
                47.575247850109136
              ],
              [
                19.115843183491712,
                47.575246444929036
              ],
              [
                19.115841732013767,
                47.5752450373492
              ],
              [
                19.115840187290342,
                47.57524380835181
              ],
              [
                19.11583836711698,
                47.575242612973156
              ],
              [
                19.115836505525884,
                47.57524160491133
              ],
              [
                19.115834382937127,
                47.575240665262555
              ],
              [
                19.11583227226655,
                47.575239914843934
              ],
              [
                19.115829924554586,
                47.575239265141484
              ],
              [
                19.115827641662715,
                47.57523879969191
              ],
              [
                19.11582515431737,
                47.57523846359411
              ],
              [
                19.115822782333634,
                47.57523830006249
              ],
              [
                19.11582024592932,
                47.57523828980804
              ],
              [
                19.115817871227378,
                47.57523843414928
              ],
              [
                19.115815378124967,
                47.57523875011155
              ],
              [
                19.115813087177415,
                47.57523919706954
              ],
              [
                19.115810728160962,
                47.57523982774311
              ],
              [
                19.11580860439059,
                47.57524056104227
              ],
              [
                19.115806465361565,
                47.57524148346174
              ],
              [
                19.11580458610357,
                47.575242476399644
              ],
              [
                19.115803623818156,
                47.57524303690149
              ],
              [
                19.115263075009068,
                47.575589642160395
              ],
              [
                19.11526207116844,
                47.57559036070222
              ],
              [
                19.11526029921283,
                47.5755917775686
              ],
              [
                19.115258670047677,
                47.575593415782954
              ],
              [
                19.115257397680374,
                47.575595060149226
              ],
              [
                19.115256336039472,
                47.57559689944544
              ],
              [
                19.1152556245823,
                47.57559869206138
              ],
              [
                19.115255181631547,
                47.57560064379457
              ],
              [
                19.11525506537331,
                47.575602498265035
              ],
              [
                19.11525508378107,
                47.57560348698912
              ],
              [
                19.115290084622156,
                47.57595335648263
              ]
            ]
          ]
        ]
      },
      "properties": {
        "lotNumber": "76555/6"
      }
    },
    {
      "type": "Feature",
      "geometry": {
        "type": "MultiPolygon",
        "coordinates": [
          [
            [
              [
                19.115990396687277,
                47.57567110921389
              ],
              [
                19.115951867016005,
                47.57555648938335
              ],
              [
                19.11595152577551,
                47.57555566000312
              ],
              [
                19.11595069575413,
                47.57555396180314
              ],
              [
                19.115949670609186,
                47.5755523880317
              ],
              [
                19.11594837809667,
                47.57555082778187
              ],
              [
                19.1159469290266,
                47.57554941481748
              ],
              [
                19.11594522128009,
                47.57554804956396
              ],
              [
                19.11594340126609,
                47.57554684906758
              ],
              [
                19.11594134072455,
                47.57554572872696
              ],
              [
                19.115939216310316,
                47.57554478459139
              ],
              [
                19.115936878311643,
                47.57554395012577
              ],
              [
                19.115934527170367,
                47.575543296870656
              ],
              [
                19.115931997196856,
                47.575542778789895
              ],
              [
                19.115929505291355,
                47.575542440299664
              ],
              [
                19.115926875844277,
                47.575542257545834
              ],
              [
                19.115924334283985,
                47.57554224619641
              ],
              [
                19.1159217015016,
                47.575542405451465
              ],
              [
                19.11591920321142,
                47.575542721657804
              ],
              [
                19.115916663353914,
                47.575543217098996
              ],
              [
                19.115914299676724,
                47.57554384929988
              ],
              [
                19.115911945606765,
                47.57554466281286
              ],
              [
                19.11590980296371,
                47.57554558789369
              ],
              [
                19.115907720751192,
                47.57554668973462
              ],
              [
                19.115906757195102,
                47.57554725192233
              ],
              [
                19.11529714330412,
                47.57593887051371
              ],
              [
                19.115296208434767,
                47.57593953565592
              ],
              [
                19.11529437316021,
                47.57594098260483
              ],
              [
                19.115292827219086,
                47.57594248836407
              ],
              [
                19.115291463681253,
                47.57594415708454
              ],
              [
                19.11529040108943,
                47.575945843691656
              ],
              [
                19.11528956594594,
                47.575947664845245
              ],
              [
                19.11528903085616,
                47.57594946221858
              ],
              [
                19.11528875880888,
                47.57595136013298
              ],
              [
                19.115288773455255,
                47.57595319358831
              ],
              [
                19.11528907580838,
                47.57595508940163
              ],
              [
                19.115289289990624,
                47.57595599582451
              ],
              [
                19.115618936855363,
                47.57700457439001
              ],
              [
                19.115619262414953,
                47.57700541030398
              ],
              [
                19.115620061348007,
                47.57700712299625
              ],
              [
                19.11562105963561,
                47.577008712308846
              ],
              [
                19.115622327550938,
                47.577010290119226
              ],
              [
                19.115623756301016,
                47.5770117210441
              ],
              [
                19.115625446460854,
                47.57701310581143
              ],
              [
                19.115627253006934,
                47.57701432560185
              ],
              [
                19.115629303108733,
                47.57701546628091
              ],
              [
                19.11563142085803,
                47.57701642997307
              ],
              [
                19.115633755331054,
                47.57701728451614
              ],
              [
                19.11563610621918,
                47.57701795658642
              ],
              [
                19.115638639010154,
                47.577018493493384
              ],
              [
                19.11564113637876,
                47.57701884916796
              ],
              [
                19.11564377412402,
                47.57701904864736
              ],
              [
                19.115646325915165,
                47.57701907481533
              ],
              [
                19.11564897138221,
                47.577018929513955
              ],
              [
                19.115651483531817,
                47.577018625210755
              ],
              [
                19.115654039203502,
                47.577018140484746
              ],
              [
                19.11565641910878,
                47.57701751692757
              ],
              [
                19.115658790778017,
                47.57701671064482
              ],
              [
                19.11566095071097,
                47.5770157908192
              ],
              [
                19.11566305095336,
                47.57701469270091
              ],
              [
                19.11566402314962,
                47.5770141318883
              ],
              [
                19.11598278450708,
                47.57681156801459
              ],
              [
                19.116394526595023,
                47.576549576308494
              ],
              [
                19.116395501178953,
                47.576548886701566
              ],
              [
                19.11639741033219,
                47.576547383699065
              ],
              [
                19.11639900947841,
                47.57654581504565
              ],
              [
                19.11640040783292,
                47.576544073608396
              ],
              [
                19.116401482698414,
                47.57654231218833
              ],
              [
                19.116402307483934,
                47.576540410487326
              ],
              [
                19.116402809819473,
                47.576538535368485
              ],
              [
                19.116403024012556,
                47.57653655876864
              ],
              [
                19.11640293126906,
                47.57653465412273
              ],
              [
                19.116402525254998,
                47.576532691351055
              ],
              [
                19.11640184159573,
                47.5765308426752
              ],
              [
                19.116400833600096,
                47.57652898183802
              ],
              [
                19.11640027876086,
                47.576528104623065
              ],
              [
                19.116363780163365,
                47.576477937265125
              ],
              [
                19.11615400351882,
                47.57605867285538
              ],
              [
                19.115990396687277,
                47.57567110921389
              ]
            ]
          ]
        ]
      },
      "properties": {
        "lotNumber": "76555/7"
      }
    }
  ]
}