{
  "type": "FeatureCollection",
  "features": [
    {
      "type": "Feature",
      "geometry": {
        "type": "MultiPolygon",
        "coordinates": [
          [
            [
              [
                19.120711413462654,
                47.56891699664116
              ],
              [
                19.120710840094986,
                47.568916249991034
              ],
              [
                19.120709418144983,
                47.56891459269236
              ],
              [
                19.120707975540395,
                47.568913224169265
              ],
              [
                19.12070612274516,
                47.56891177488931
              ],
              [
                19.120704329056036,
                47.56891061194241
              ],
              [
                19.120702110136165,
                47.56890942130647
              ],
              [
                19.120700028018423,
                47.56890850455904
              ],
              [
                19.120697520483656,
                47.56890761415748
              ],
              [
                19.12069522266837,
                47.56890697563265
              ],
              [
                19.120692514110132,
                47.568906416568346
              ],
              [
                19.12069008086292,
                47.56890607857061
              ],
              [
                19.12068726589462,
                47.56890587037242
              ],
              [
                19.120684782211928,
                47.56890584470848
              ],
              [
                19.12068195916398,
                47.568905994648986
              ],
              [
                19.120679511803985,
                47.56890628221532
              ],
              [
                19.120676779289067,
                47.56890678505697
              ],
              [
                19.120674453741202,
                47.56890737580852
              ],
              [
                19.120671907209534,
                47.568908213986354
              ],
              [
                19.12067081574613,
                47.56890861700431
              ],
              [
                19.120035923130835,
                47.56916983988341
              ],
              [
                19.1197118505418,
                47.56930224534588
              ],
              [
                19.11971081110603,
                47.56930271657394
              ],
              [
                19.11970852108121,
                47.569303864000396
              ],
              [
                19.119706661033028,
                47.56930499388816
              ],
              [
                19.119704728938,
                47.569306411191874
              ],
              [
                19.119703214364137,
                47.56930775678496
              ],
              [
                19.119701708530858,
                47.56930939384049
              ],
              [
                19.119700592996924,
                47.56931090754969
              ],
              [
                19.119699566681877,
                47.56931270645974
              ],
              [
                19.11969888964074,
                47.56931433475006
              ],
              [
                19.119698379141433,
                47.56931623189306
              ],
              [
                19.11969816453793,
                47.56931791717712
              ],
              [
                19.119698187909183,
                47.56931984545724
              ],
              [
                19.119698443333238,
                47.5693215281321
              ],
              [
                19.11969899974859,
                47.56932341935233
              ],
              [
                19.11969971616677,
                47.569325039907206
              ],
              [
                19.11970078594771,
                47.56932682718123
              ],
              [
                19.119701309727898,
                47.569327596111
              ],
              [
                19.119890327037087,
                47.5695738789919
              ],
              [
                19.11995552738629,
                47.569660133892974
              ],
              [
                19.119956210754818,
                47.56966093374068
              ],
              [
                19.119957902940982,
                47.5696626984977
              ],
              [
                19.119959614136523,
                47.56966413530974
              ],
              [
                19.119961802892856,
                47.56966562920125
              ],
              [
                19.11996391136233,
                47.56966679942459
              ],
              [
                19.11996650455437,
                47.5696679595661
              ],
              [
                19.119968921542938,
                47.5696688139408
              ],
              [
                19.11997181001169,
                47.569669591496734
              ],
              [
                19.119974433777493,
                47.569670094058395
              ],
              [
                19.119977495934393,
                47.569670456297935
              ],
              [
                19.1199802160314,
                47.56967058589146
              ],
              [
                19.119983322976555,
                47.5696705175663
              ],
              [
                19.119986024903696,
                47.569670268736516
              ],
              [
                19.11998904585187,
                47.5696697727228
              ],
              [
                19.119991615872934,
                47.56966915594407
              ],
              [
                19.119994423658895,
                47.56966825312124
              ],
              [
                19.119995625053356,
                47.56966781428499
              ],
              [
                19.120934744283414,
                47.56928136086986
              ],
              [
                19.120935866430184,
                47.56928084420249
              ],
              [
                19.120938329494635,
                47.56927958097717
              ],
              [
                19.120940311826992,
                47.569278329537134
              ],
              [
                19.120942344913715,
                47.569276754356665
              ],
              [
                19.120943910802172,
                47.56927525673152
              ],
              [
                19.1209454293254,
                47.569273435130754
              ],
              [
                19.120946513621824,
                47.56927175362859
              ],
              [
                19.120947454404032,
                47.56926976139462
              ],
              [
                19.120948011996767,
                47.56926796597372
              ],
              [
                19.120948335897197,
                47.569265885992614
              ],
              [
                19.120948343587916,
                47.56926405135082
              ],
              [
                19.120948037130944,
                47.56926197015949
              ],
              [
                19.120947494599807,
                47.56926017262636
              ],
              [
                19.120946570535605,
                47.569258176811914
              ],
              [
                19.120946099115653,
                47.569257315478026
              ],
              [
                19.120942103345875,
                47.56925102175309
              ],
              [
                19.12094202112611,
                47.569250894949135
              ],
              [
                19.120941830387835,
                47.569250606829826
              ],
              [
                19.120941745293322,
                47.56925048089754
              ],
              [
                19.120869833894464,
                47.56914618842858
              ],
              [
                19.120869825216698,
                47.56914617586853
              ],
              [
                19.120869805398907,
                47.56914614724218
              ],
              [
                19.120869796692652,
                47.56914613469133
              ],
              [
                19.120757980393144,
                47.56898526372818
              ],
              [
                19.120711413462654,
                47.56891699664116
              ]
            ]
          ]
        ]
      },
      "properties": {
        "lotNumber": "88322/2"
      }
    },
    {
      "type": "Feature",
      "geometry": {
        "type": "MultiPolygon",
        "coordinates": [
          [
            [
              [
                19.12072222286673,
                47.57018877353247
              ],
              [
                19.120722364198,
                47.570188711130236
              ],
              [
                19.12072261753036,
                47.57018859771786
              ],
              [
                19.12072275767951,
                47.5701885341063
              ],
              [
                19.120908554616065,
                47.57010304113775
              ],
              [
                19.121043790531335,
                47.57004280233833
              ],
              [
                19.12136912841324,
                47.56990052181572
              ],
              [
                19.121370236143562,
                47.569899980798425
              ],
              [
                19.121372150938623,
                47.56989894028248
              ],
              [
                19.12137409189368,
                47.56989764246371
              ],
              [
                19.121375652362985,
                47.5698963592457
              ],
              [
                19.12137716080013,
                47.56989482053164
              ],
              [
                19.121378301175376,
                47.56989334869466
              ],
              [
                19.121379313519316,
                47.56989163393679
              ],
              [
                19.121379985737743,
                47.569890035513595
              ],
              [
                19.121380459321802,
                47.56988821698295
              ],
              [
                19.12138063505183,
                47.5698865593416
              ],
              [
                19.121380549916207,
                47.569884713682825
              ],
              [
                19.121380221751558,
                47.569883066687055
              ],
              [
                19.121379581484526,
                47.56988127168824
              ],
              [
                19.121378763256253,
                47.56987970475318
              ],
              [
                19.121378242491897,
                47.56987885006459
              ],
              [
                19.12127437124433,
                47.569730504414046
              ],
              [
                19.121274357750128,
                47.56973048520073
              ],
              [
                19.121274333400052,
                47.569730450636094
              ],
              [
                19.121274319838612,
                47.56973043144428
              ],
              [
                19.12117045404259,
                47.56958388800016
              ],
              [
                19.121069306755828,
                47.569441018164916
              ],
              [
                19.120942849078446,
                47.56925768532056
              ],
              [
                19.120942272582223,
                47.569256942128874
              ],
              [
                19.120941145017444,
                47.56925564002887
              ],
              [
                19.120939698343186,
                47.5692542785897
              ],
              [
                19.12093823323301,
                47.56925314076983
              ],
              [
                19.120936438283664,
                47.56925198473024
              ],
              [
                19.120934686553415,
                47.56925105073962
              ],
              [
                19.120932605719062,
                47.56925014028195
              ],
              [
                19.120930628256573,
                47.56924944258479
              ],
              [
                19.120928333864278,
                47.56924880935544
              ],
              [
                19.120926199403517,
                47.56924837220285
              ],
              [
                19.12092377120329,
                47.569248038211946
              ],
              [
                19.120921553935275,
                47.569247876798684
              ],
              [
                19.1209190763281,
                47.56924785365534
              ],
              [
                19.1209168533221,
                47.56924797359193
              ],
              [
                19.120914412426288,
                47.56924826210059
              ],
              [
                19.120912260951005,
                47.56924865921824
              ],
              [
                19.120909941608843,
                47.56924924935065
              ],
              [
                19.120907936446677,
                47.56924990984607
              ],
              [
                19.120906847794192,
                47.56925031200359
              ],
              [
                19.119967728911593,
                47.56963676519554
              ],
              [
                19.119966699257485,
                47.56963723483737
              ],
              [
                19.11996490820974,
                47.569638136875454
              ],
              [
                19.11996306504966,
                47.56963926045288
              ],
              [
                19.119961552888007,
                47.569640372028
              ],
              [
                19.119960050353832,
                47.569641707837484
              ],
              [
                19.119958869756978,
                47.569642990226065
              ],
              [
                19.119957760192037,
                47.56964449173244
              ],
              [
                19.119956952288106,
                47.569645900260376
              ],
              [
                19.119956274346034,
                47.56964751515614
              ],
              [
                19.119955867279774,
                47.569649000754964
              ],
              [
                19.119955644577903,
                47.56965067278253
              ],
              [
                19.119955652530226,
                47.56965218369888
              ],
              [
                19.119955892826834,
                47.569653854610365
              ],
              [
                19.11995631552079,
                47.56965533820894
              ],
              [
                19.1199570104448,
                47.56965694979524
              ],
              [
                19.119957833155187,
                47.56965835439235
              ],
              [
                19.119958344136517,
                47.569659120259104
              ],
              [
                19.12021531603599,
                47.57000075635493
              ],
              [
                19.120215324813827,
                47.57000076801238
              ],
              [
                19.120325811833936,
                47.570147278777405
              ],
              [
                19.12043363599442,
                47.57029198791022
              ],
              [
                19.120434243585382,
                47.57029271686684
              ],
              [
                19.12043542498721,
                47.57029399175147
              ],
              [
                19.12043692652489,
                47.57029531958746
              ],
              [
                19.12043843619065,
                47.570296424460814
              ],
              [
                19.120440274942837,
                47.570297541270115
              ],
              [
                19.12044206070313,
                47.57029843795113
              ],
              [
                19.120444173128213,
                47.57029930514026
              ],
              [
                19.120446173272654,
                47.57029996264236
              ],
              [
                19.12044848637168,
                47.57030055024391
              ],
              [
                19.120450631781402,
                47.57030094584586
              ],
              [
                19.120453065620737,
                47.570301233554055
              ],
              [
                19.12045528215691,
                47.570301353585045
              ],
              [
                19.12045775263049,
                47.57030133145768
              ],
              [
                19.120459963696387,
                47.57030117176982
              ],
              [
                19.12046238543218,
                47.57030084057143
              ],
              [
                19.120464514620117,
                47.57030040668304
              ],
              [
                19.120466803930324,
                47.570299777858914
              ],
              [
                19.120468777662044,
                47.570299084763825
              ],
              [
                19.120469847680155,
                47.57029866514923
              ],
              [
                19.12072222286673,
                47.57018877353247
              ]
            ]
          ]
        ]
      },
      "properties": {
        "lotNumber": "88323"
      }
    },
    {
      "type": "Feature",
      "geometry": {
        "type": "MultiPolygon",
        "coordinates": [
          [
            [
              [
                19.12053968629268,
                47.57044159830992
              ],
              [
                19.120540289136127,
                47.570442341514976
              ],
              [
                19.120541647800486,
                47.57044384399877
              ],
              [
                19.12054314939988,
                47.57044519903388
              ],
              [
                19.120544900187333,
                47.57044650250246
              ],
              [
                19.120546750529936,
                47.570447643002204
              ],
              [
                19.12054883135781,
                47.57044870123474
              ],
              [
                19.120550964830745,
                47.57044958675711
              ],
              [
                19.120553301913112,
                47.57045036222881
              ],
              [
                19.120555642863675,
                47.57045096137327
              ],
              [
                19.12055815332786,
                47.570451426585926
              ],
              [
                19.120560618746186,
                47.5704517181069
              ],
              [
                19.120563213571398,
                47.570451856564155
              ],
              [
                19.120565716033994,
                47.57045183012435
              ],
              [
                19.120568303207982,
                47.57045163691646
              ],
              [
                19.120570753977777,
                47.57045129345341
              ],
              [
                19.120573241759615,
                47.57045077543159
              ],
              [
                19.120575553932557,
                47.57045012712441
              ],
              [
                19.120577854105743,
                47.57044930265767
              ],
              [
                19.12057893232356,
                47.57044887096908
              ],
              [
                19.120864511625008,
                47.57032186858316
              ],
              [
                19.120864562895537,
                47.57032184566708
              ],
              [
                19.120864669374892,
                47.570321797835035
              ],
              [
                19.120864720488356,
                47.57032177475876
              ],
              [
                19.121045363061587,
                47.57023981060288
              ],
              [
                19.12104641227203,
                47.57023928209896
              ],
              [
                19.12104850951693,
                47.57023811288858
              ],
              [
                19.121050353051672,
                47.57023685995151
              ],
              [
                19.121052071791265,
                47.5702354356721
              ],
              [
                19.121053517520135,
                47.57023396287318
              ],
              [
                19.121054791335467,
                47.57023233856462
              ],
              [
                19.12105578338975,
                47.57023070281875
              ],
              [
                19.121056563055554,
                47.570228941250846
              ],
              [
                19.121057063098373,
                47.57022720576981
              ],
              [
                19.121057318485317,
                47.57022537501667
              ],
              [
                19.12105730719311,
                47.57022360686645
              ],
              [
                19.121057028432123,
                47.570221777675634
              ],
              [
                19.121056506241363,
                47.5702200451846
              ],
              [
                19.121055704105004,
                47.57021828824342
              ],
              [
                19.121054691195344,
                47.57021665836201
              ],
              [
                19.12105339668145,
                47.57021504156573
              ],
              [
                19.12105271773503,
                47.570214285009364
              ],
              [
                19.120916966227057,
                47.57007855150889
              ],
              [
                19.120916181904832,
                47.57007784476546
              ],
              [
                19.120914447856123,
                47.570076432468554
              ],
              [
                19.12091259160831,
                47.57007519179736
              ],
              [
                19.120910483303195,
                47.570074035957695
              ],
              [
                19.12090830469371,
                47.57007306459244
              ],
              [
                19.120905903370097,
                47.57007220974732
              ],
              [
                19.120903486345824,
                47.57007154511696
              ],
              [
                19.120900884532254,
                47.57007102420554
              ],
              [
                19.12089832222671,
                47.570070691919774
              ],
              [
                19.12089562017706,
                47.5700705250139
              ],
              [
                19.120893011321762,
                47.57007053787654
              ],
              [
                19.12089031315219,
                47.57007073140749
              ],
              [
                19.120887758272335,
                47.570071088922845
              ],
              [
                19.120885167949528,
                47.57007163543344
              ],
              [
                19.120882765490503,
                47.57007232382564
              ],
              [
                19.12088038282556,
                47.570073202257596
              ],
              [
                19.12087926801181,
                47.57007366271664
              ],
              [
                19.120693599053784,
                47.57015909677643
              ],
              [
                19.120441513472098,
                47.570268862265486
              ],
              [
                19.120440393516446,
                47.57026940755203
              ],
              [
                19.120438157153917,
                47.570270620408564
              ],
              [
                19.120436197034234,
                47.570271931196054
              ],
              [
                19.12043437831483,
                47.57027343008747
              ],
              [
                19.120432859741804,
                47.570274986252855
              ],
              [
                19.120431536847928,
                47.5702767067455
              ],
              [
                19.120430525101405,
                47.57027844139303
              ],
              [
                19.120429754901163,
                47.570280309527064
              ],
              [
                19.12042929347378,
                47.57028214808846
              ],
              [
                19.12042910907632,
                47.57028408355732
              ],
              [
                19.120429217803856,
                47.570285946997224
              ],
              [
                19.12042962713612,
                47.5702878665998
              ],
              [
                19.120430301344747,
                47.57028967481338
              ],
              [
                19.120431286810632,
                47.57029149603055
              ],
              [
                19.120431827835798,
                47.5702923549512
              ],
              [
                19.12053968629268,
                47.57044159830992
              ]
            ]
          ]
        ]
      },
      "properties": {
        "lotNumber": "88325"
      }
    },
    {
      "type": "Feature",
      "geometry": {
        "type": "MultiPolygon",
        "coordinates": [
          [
            [
              [
                19.120880994709534,
                47.57007493704157
              ],
              [
                19.120879933395784,
                47.57007546249249
              ],
              [
                19.120878198795136,
                47.57007641390384
              ],
              [
                19.12087633151775,
                47.57007766420923
              ],
              [
                19.120874907284307,
                47.57007882791334
              ],
              [
                19.120873439826884,
                47.5700803023331
              ],
              [
                19.120872381593315,
                47.570081632874015
              ],
              [
                19.12087137127694,
                47.57008327381518
              ],
              [
                19.12087072037944,
                47.57008471922003
              ],
              [
                19.12087020666861,
                47.57008646258504
              ],
              [
                19.12086998853226,
                47.57008796639424
              ],
              [
                19.120869991493365,
                47.5700897440847
              ],
              [
                19.120870214638963,
                47.57009124755722
              ],
              [
                19.120870734156426,
                47.570092990133986
              ],
              [
                19.12087138986767,
                47.57009443454203
              ],
              [
                19.120872405648477,
                47.570096073937414
              ],
              [
                19.120873468312375,
                47.570097402860256
              ],
              [
                19.120874150622008,
                47.570098163626
              ],
              [
                19.121009902070437,
                47.57023389717601
              ],
              [
                19.121010680388405,
                47.57023459902215
              ],
              [
                19.121012086278835,
                47.57023574569379
              ],
              [
                19.12101392663854,
                47.57023697922549
              ],
              [
                19.121015634470556,
                47.57023791957815
              ],
              [
                19.121017793415415,
                47.570238888111206
              ],
              [
                19.121019738323163,
                47.57023958642901
              ],
              [
                19.121022133853426,
                47.57024025317715
              ],
              [
                19.121024241966566,
                47.570240682936976
              ],
              [
                19.121026783096603,
                47.57024102257617
              ],
              [
                19.121028974346004,
                47.570241167455144
              ],
              [
                19.121031564560063,
                47.570241167085406
              ],
              [
                19.12103375571896,
                47.570241021580806
              ],
              [
                19.12103629663705,
                47.57024068121617
              ],
              [
                19.1210384044821,
                47.57024025085449
              ],
              [
                19.121040799596518,
                47.57023958342247
              ],
              [
                19.121042744068777,
                47.57023888454947
              ],
              [
                19.121043858208708,
                47.57023843564307
              ],
              [
                19.12124038758418,
                47.57015018869517
              ],
              [
                19.121463482695564,
                47.57005113092972
              ],
              [
                19.121464569275844,
                47.57005059330013
              ],
              [
                19.12146634342709,
                47.57004961845285
              ],
              [
                19.12146824855297,
                47.57004833458257
              ],
              [
                19.12146969650665,
                47.57004713804321
              ],
              [
                19.121471180858766,
                47.57004562096496
              ],
              [
                19.121472243362962,
                47.570044251697375
              ],
              [
                19.121473246199944,
                47.57004256349188
              ],
              [
                19.1214738797758,
                47.570041077528074
              ],
              [
                19.121474360060475,
                47.57003928727862
              ],
              [
                19.121474538781406,
                47.570037745425914
              ],
              [
                19.121474476860072,
                47.57003592639158
              ],
              [
                19.121474193412705,
                47.570034391744485
              ],
              [
                19.121473591819345,
                47.5700326183623
              ],
              [
                19.121472857802768,
                47.57003115372025
              ],
              [
                19.12147236148105,
                47.570030306981685
              ],
              [
                19.121411457894215,
                47.569940031889296
              ],
              [
                19.121378450975286,
                47.56988033655174
              ],
              [
                19.121377928198438,
                47.56987951736696
              ],
              [
                19.121376939718715,
                47.56987815797628
              ],
              [
                19.12137554837431,
                47.569876644543825
              ],
              [
                19.12137418320793,
                47.56987544375995
              ],
              [
                19.121372378202928,
                47.5698741457221
              ],
              [
                19.121370689960703,
                47.56987315070039
              ],
              [
                19.121368542178605,
                47.56987211903174
              ],
              [
                19.12136659715868,
                47.569871368847195
              ],
              [
                19.12136419094397,
                47.56987064406195
              ],
              [
                19.121362065528242,
                47.569870168174674
              ],
              [
                19.121359495374175,
                47.56986977873539
              ],
              [
                19.12135727302877,
                47.56986959583373
              ],
              [
                19.12135463986655,
                47.56986955703395
              ],
              [
                19.121352407864048,
                47.56986967430055
              ],
              [
                19.121349815099226,
                47.56986998766391
              ],
              [
                19.12134766109146,
                47.569870400493606
              ],
              [
                19.121345210543183,
                47.56987105371424
              ],
              [
                19.121343219119083,
                47.56987174589503
              ],
              [
                19.121342077572994,
                47.569872192432705
              ],
              [
                19.12101665066687,
                47.57001451185759
              ],
              [
                19.121016603822714,
                47.570014532438435
              ],
              [
                19.121016524296554,
                47.570014567539005
              ],
              [
                19.121016477580525,
                47.5700145882529
              ],
              [
                19.120880994709534,
                47.57007493704157
              ]
            ]
          ]
        ]
      },
      "properties": {
        "lotNumber": "88326"
      }
    },
    {
      "type": "Feature",
      "geometry": {
        "type": "MultiPolygon",
        "coordinates": [
          [
            [
              [
                19.11974154969537,
                47.567839737371486
              ],
              [
                19.119740245921804,
                47.56783953414189
              ],
              [
                19.11973732536541,
                47.56783918258929
              ],
              [
                19.11973466051575,
                47.56783904651555
              ],
              [
                19.11973169508277,
                47.56783909751518
              ],
              [
                19.11972904388417,
                47.5678393250145
              ],
              [
                19.119726153479586,
                47.567839776504215
              ],
              [
                19.119723623131215,
                47.56784035837787
              ],
              [
                19.119720924626293,
                47.567841192102065
              ],
              [
                19.11971861744084,
                47.56784210482242
              ],
              [
                19.11971621994757,
                47.567843287070126
              ],
              [
                19.11971422921432,
                47.56784449373196
              ],
              [
                19.119712229673553,
                47.5678459766999
              ],
              [
                19.11971063588634,
                47.56784742851285
              ],
              [
                19.119709115148037,
                47.56784915223828
              ],
              [
                19.11970798275051,
                47.56785079049935
              ],
              [
                19.119707002304676,
                47.56785268528481
              ],
              [
                19.119706377084576,
                47.56785444375221
              ],
              [
                19.119705976574913,
                47.56785643298335
              ],
              [
                19.119705883812653,
                47.56785824055473
              ],
              [
                19.119706079433605,
                47.567860243798556
              ],
              [
                19.119706522880072,
                47.56786202738607
              ],
              [
                19.119707306721978,
                47.56786396364289
              ],
              [
                19.119708268446846,
                47.567865651128464
              ],
              [
                19.119709608815736,
                47.5678674421071
              ],
              [
                19.119710272661703,
                47.567868228260295
              ],
              [
                19.119853953753193,
                47.56802008777966
              ],
              [
                19.119977675488496,
                47.56815307046866
              ],
              [
                19.11997772047323,
                47.56815311848327
              ],
              [
                19.119977820836056,
                47.56815322486101
              ],
              [
                19.11997786626828,
                47.56815327268218
              ],
              [
                19.120089501730444,
                47.568269965568476
              ],
              [
                19.1201877453062,
                47.56837756549208
              ],
              [
                19.120344718075568,
                47.568554556845186
              ],
              [
                19.120344842556232,
                47.56855469439009
              ],
              [
                19.120345122926324,
                47.56855499803843
              ],
              [
                19.120345251031324,
                47.56855513405055
              ],
              [
                19.120489632554214,
                47.56870543642462
              ],
              [
                19.120603222438394,
                47.56885081639447
              ],
              [
                19.120660163217845,
                47.568933067734825
              ],
              [
                19.120706739770434,
                47.5690013490244
              ],
              [
                19.120706759882427,
                47.569001378369805
              ],
              [
                19.12070680470386,
                47.569001443461794
              ],
              [
                19.12070682497154,
                47.56900147275785
              ],
              [
                19.1208186662891,
                47.56916237993786
              ],
              [
                19.120890554150776,
                47.569266638416806
              ],
              [
                19.121021056027658,
                47.56945633542817
              ],
              [
                19.12102108727158,
                47.569456380517416
              ],
              [
                19.121021157041934,
                47.56945648048463
              ],
              [
                19.121021188654193,
                47.56945652545601
              ],
              [
                19.12112239313053,
                47.569599476254126
              ],
              [
                19.121226237868118,
                47.56974599017853
              ],
              [
                19.12132957318758,
                47.5698935706268
              ],
              [
                19.12136246753141,
                47.569953062462794
              ],
              [
                19.121362638756906,
                47.56995335631058
              ],
              [
                19.12136303568309,
                47.569954003935095
              ],
              [
                19.121363222048746,
                47.5699542935329
              ],
              [
                19.121424484360645,
                47.57004510047236
              ],
              [
                19.12142512081986,
                47.57004592749574
              ],
              [
                19.12142667039772,
                47.570047709055764
              ],
              [
                19.12142830444587,
                47.57004920762827
              ],
              [
                19.121430362961387,
                47.57005073502164
              ],
              [
                19.121432418018966,
                47.570051973720595
              ],
              [
                19.121434897215277,
                47.57005318146176
              ],
              [
                19.121437285173666,
                47.570054107179224
              ],
              [
                19.121440078757573,
                47.570054943487364
              ],
              [
                19.1214426972353,
                47.57005551653404
              ],
              [
                19.121445685434516,
                47.57005594555324
              ],
              [
                19.12144842216677,
                47.57005614136026
              ],
              [
                19.121451476865005,
                47.570056144696665
              ],
              [
                19.121454214516916,
                47.57005595486899
              ],
              [
                19.121457204746797,
                47.57005553237964
              ],
              [
                19.12145982594406,
                47.570054965055945
              ],
              [
                19.121462623502254,
                47.57005413485464
              ],
              [
                19.121463854982014,
                47.57005371662459
              ],
              [
                19.121602005208786,
                47.570000561153165
              ],
              [
                19.121603089455338,
                47.57000009568739
              ],
              [
                19.121605417197365,
                47.56999898616986
              ],
              [
                19.121607361953064,
                47.569997854321755
              ],
              [
                19.121609331421336,
                47.56999646286234
              ],
              [
                19.121610918697307,
                47.56999509927603
              ],
              [
                19.12161245653779,
                47.56999347770053
              ],
              [
                19.121613627215005,
                47.56999193316367
              ],
              [
                19.12161467614993,
                47.569990141868644
              ],
              [
                19.121615386625855,
                47.56998847390852
              ],
              [
                19.121615907587085,
                47.56998657961189
              ],
              [
                19.121616131399694,
                47.569984850352675
              ],
              [
                19.121616104983815,
                47.56998292360869
              ],
              [
                19.12161583379717,
                47.56998119745769
              ],
              [
                19.121615260988165,
                47.56997931002912
              ],
              [
                19.121614504902876,
                47.56997765127795
              ],
              [
                19.12161340703548,
                47.56997587346322
              ],
              [
                19.121612194212492,
                47.569974343892994
              ],
              [
                19.121610612177516,
                47.56997274190784
              ],
              [
                19.12160898778922,
                47.56997139848826
              ],
              [
                19.12160698051057,
                47.569970031999645
              ],
              [
                19.121605005058324,
                47.56996892476723
              ],
              [
                19.12160264729832,
                47.56996784467073
              ],
              [
                19.12160155047727,
                47.569967392900175
              ],
              [
                19.12159506736575,
                47.569965005031314
              ],
              [
                19.12150176694535,
                47.56982867594921
              ],
              [
                19.121415222405577,
                47.569701037560876
              ],
              [
                19.121415198311887,
                47.56970100222854
              ],
              [
                19.12141514457339,
                47.56970092386935
              ],
              [
                19.12141512025403,
                47.56970088860786
              ],
              [
                19.12133658548638,
                47.569587657722444
              ],
              [
                19.121179535258687,
                47.56935763361085
              ],
              [
                19.12108649128027,
                47.56921765032273
              ],
              [
                19.120998699778674,
                47.569077577761114
              ],
              [
                19.120998549891343,
                47.56907734761793
              ],
              [
                19.120998206652807,
                47.56907683994805
              ],
              [
                19.120998047316228,
                47.569076612730974
              ],
              [
                19.1208928545853,
                47.568931865376754
              ],
              [
                19.120892845270895,
                47.56893185258554
              ],
              [
                19.120892824559604,
                47.5689318242
              ],
              [
                19.120892815215186,
                47.568931811418686
              ],
              [
                19.120831564934544,
                47.5688481998511
              ],
              [
                19.120831539153453,
                47.56884816484916
              ],
              [
                19.12083148167005,
                47.56884808722944
              ],
              [
                19.12083145566428,
                47.568848052303714
              ],
              [
                19.12077022029476,
                47.56876625600183
              ],
              [
                19.120661051459884,
                47.56861972838903
              ],
              [
                19.120660826237444,
                47.56861943928058
              ],
              [
                19.12066030918186,
                47.56861880381838
              ],
              [
                19.120660068588464,
                47.56861852043839
              ],
              [
                19.120517642768476,
                47.56845760565078
              ],
              [
                19.120517620213356,
                47.56845758026256
              ],
              [
                19.1205175700041,
                47.56845752395667
              ],
              [
                19.120517547325655,
                47.56845749861894
              ],
              [
                19.12044574225589,
                47.56837757079827
              ],
              [
                19.120373933806253,
                47.568295844479515
              ],
              [
                19.120373921953554,
                47.568295831003816
              ],
              [
                19.120219513484187,
                47.56812052771201
              ],
              [
                19.12021949171705,
                47.56812050304621
              ],
              [
                19.12002381963658,
                47.567899349058095
              ],
              [
                19.120023125947892,
                47.56789864284321
              ],
              [
                19.120021480299453,
                47.56789712760766
              ],
              [
                19.120019814368028,
                47.56789586309291
              ],
              [
                19.12001777808618,
                47.567894583582415
              ],
              [
                19.12001579134811,
                47.56789355291932
              ],
              [
                19.120013436674245,
                47.56789255452711
              ],
              [
                19.12001119961324,
                47.567891794280555
              ],
              [
                19.12000861008437,
                47.56789111242665
              ],
              [
                19.120007422212513,
                47.56789084254158
              ],
              [
                19.11974154969537,
                47.567839737371486
              ]
            ]
          ]
        ]
      },
      "properties": {
        "lotNumber": "88327"
      }
    },
    {
      "type": "Feature",
      "geometry": {
        "type": "MultiPolygon",
        "coordinates": [
          [
            [
              [
                19.122415456837608,
                47.568524232254006
              ],
              [
                19.12241472834305,
                47.568523548738774
              ],
              [
                19.12241331937375,
                47.56852234946335
              ],
              [
                19.122411595595647,
                47.56852113543841
              ],
              [
                19.122409881060335,
                47.56852013488747
              ],
              [
                19.12240785317004,
                47.56851915955222
              ],
              [
                19.12240589314614,
                47.568518392785066
              ],
              [
                19.122403632201042,
                47.56851769031527
              ],
              [
                19.122401495367882,
                47.56851718419955
              ],
              [
                19.122399080591588,
                47.56851677920981
              ],
              [
                19.1223968418239,
                47.56851655147975
              ],
              [
                19.12239435783028,
                47.568516458160936
              ],
              [
                19.122392095574558,
                47.56851651679624
              ],
              [
                19.12238962940281,
                47.56851673841816
              ],
              [
                19.12238742292858,
                47.568517081364234
              ],
              [
                19.122385060993476,
                47.56851761016138
              ],
              [
                19.12238298761567,
                47.568518225401384
              ],
              [
                19.1223808126795,
                47.568519042844564
              ],
              [
                19.122378945049366,
                47.5685199088205
              ],
              [
                19.12237795185243,
                47.56852041720326
              ],
              [
                19.122275696477562,
                47.56857804803617
              ],
              [
                19.122274675445937,
                47.56857868761972
              ],
              [
                19.122272912161314,
                47.56857991420878
              ],
              [
                19.122271193306506,
                47.56858139181269
              ],
              [
                19.122269845415975,
                47.56858283972803
              ],
              [
                19.122268618105508,
                47.56858452691962
              ],
              [
                19.122267744529864,
                47.56858613286814
              ],
              [
                19.122267062413602,
                47.56858795589472
              ],
              [
                19.122266701339804,
                47.56858964967511
              ],
              [
                19.122266594235406,
                47.568591528846135
              ],
              [
                19.12226676144728,
                47.56859323641774
              ],
              [
                19.122267234036745,
                47.568595089588484
              ],
              [
                19.122267922225014,
                47.5685967363076
              ],
              [
                19.122268953850007,
                47.56859848246988
              ],
              [
                19.122270132931778,
                47.56859999635304
              ],
              [
                19.122270845197885,
                47.56860080517662
              ],
              [
                19.122722292993963,
                47.569057289135706
              ],
              [
                19.122092478912847,
                47.569331621344304
              ],
              [
                19.121984833384445,
                47.569361543904265
              ],
              [
                19.121714285035555,
                47.56942815614604
              ],
              [
                19.121713926966947,
                47.5694282482821
              ],
              [
                19.121713278987933,
                47.569428422290336
              ],
              [
                19.12171292499167,
                47.56942852137212
              ],
              [
                19.121496375608213,
                47.56949162058698
              ],
              [
                19.12149516226232,
                47.56949202483599
              ],
              [
                19.121493014929037,
                47.569492834603516
              ],
              [
                19.12149080106185,
                47.56949388214283
              ],
              [
                19.121488940017088,
                47.56949496902638
              ],
              [
                19.12148708485194,
                47.569496297874956
              ],
              [
                19.121485586976508,
                47.569497616974665
              ],
              [
                19.121484167151333,
                47.569499172237016
              ],
              [
                19.121483094323327,
                47.5695006690603
              ],
              [
                19.121482168491966,
                47.56950238648768
              ],
              [
                19.121481565030585,
                47.569503999199846
              ],
              [
                19.12148117143972,
                47.569505807844465
              ],
              [
                19.12148106227438,
                47.56950746982344
              ],
              [
                19.121481217183593,
                47.56950929496916
              ],
              [
                19.12148160682407,
                47.56951093755772
              ],
              [
                19.121482303834064,
                47.56951270380665
              ],
              [
                19.121483176184192,
                47.56951425914856
              ],
              [
                19.121483719827356,
                47.569515097206576
              ],
              [
                19.12148800094235,
                47.569520878336334
              ],
              [
                19.121300431313003,
                47.56958010150215
              ],
              [
                19.121299276153138,
                47.569580514165935
              ],
              [
                19.121297233307526,
                47.569581333234204
              ],
              [
                19.121295129816986,
                47.56958237809628
              ],
              [
                19.121293362799197,
                47.5695834514928
              ],
              [
                19.121291601490157,
                47.56958475435036
              ],
              [
                19.121290178407165,
                47.56958604070275
              ],
              [
                19.121288827166595,
                47.56958755133926
              ],
              [
                19.121287802868967,
                47.569589001067
              ],
              [
                19.12128691377838,
                47.569590661257266
              ],
              [
                19.121286327746148,
                47.56959221848297
              ],
              [
                19.12128593507425,
                47.569593964237505
              ],
              [
                19.12128580989519,
                47.569595568940265
              ],
              [
                19.121285928777006,
                47.569597332971796
              ],
              [
                19.121286269276045,
                47.56959892330075
              ],
              [
                19.12128689512956,
                47.56960063761733
              ],
              [
                19.121287688182772,
                47.56960215227579
              ],
              [
                19.121288184428558,
                47.569602969996865
              ],
              [
                19.121366708302087,
                47.56971618532423
              ],
              [
                19.1214532275999,
                47.56984378665694
              ],
              [
                19.121453237407373,
                47.56984380108765
              ],
              [
                19.121453255291154,
                47.569843827340705
              ],
              [
                19.121453265136203,
                47.569843841759614
              ],
              [
                19.12155048306942,
                47.56998589522134
              ],
              [
                19.121551144740444,
                47.56998674092039
              ],
              [
                19.121552466385566,
                47.56998823244569
              ],
              [
                19.12155416782365,
                47.569989757786466
              ],
              [
                19.121555925270854,
                47.56999102667006
              ],
              [
                19.121558064494543,
                47.56999227430189
              ],
              [
                19.121560178400223,
                47.56999326325742
              ],
              [
                19.121561382658633,
                47.56999376476658
              ],
              [
                19.121576009882332,
                47.56999915228823
              ],
              [
                19.121577068597652,
                47.56999950200542
              ],
              [
                19.121579033316507,
                47.570000079502705
              ],
              [
                19.121581266905,
                47.5700005822325
              ],
              [
                19.12158335134701,
                47.57000091610897
              ],
              [
                19.12158568095215,
                47.57000114429088
              ],
              [
                19.121587819734785,
                47.57000122407391
              ],
              [
                19.121590172284037,
                47.57000117055051
              ],
              [
                19.12159229832028,
                47.570000993737544
              ],
              [
                19.121594600021425,
                47.570000660187674
              ],
              [
                19.121596646624067,
                47.57000023232484
              ],
              [
                19.121597755720064,
                47.56999996347353
              ],
              [
                19.121864796734368,
                47.569926038516776
              ],
              [
                19.12186483423551,
                47.56992602809004
              ],
              [
                19.121864902444702,
                47.56992600904302
              ],
              [
                19.121864939898703,
                47.56992599853892
              ],
              [
                19.12200573293123,
                47.569886342185605
              ],
              [
                19.122096027960616,
                47.569861112814834
              ],
              [
                19.122274040814087,
                47.56981153267172
              ],
              [
                19.12227411292274,
                47.569811512420166
              ],
              [
                19.12227424399944,
                47.56981147530171
              ],
              [
                19.12227431593112,
                47.569811454763794
              ],
              [
                19.122361564027575,
                47.56978633912329
              ],
              [
                19.12250062388773,
                47.56975038567307
              ],
              [
                19.122500676111507,
                47.569750372085416
              ],
              [
                19.122500771081445,
                47.56975034722065
              ],
              [
                19.12250082322023,
                47.56975033348431
              ],
              [
                19.12267084938435,
                47.56970525969019
              ],
              [
                19.12284214684751,
                47.56966019984516
              ],
              [
                19.123078576208417,
                47.569598899093116
              ],
              [
                19.12307863085541,
                47.569598884830775
              ],
              [
                19.123078730228006,
                47.56959885872515
              ],
              [
                19.123078784781665,
                47.56959884429997
              ],
              [
                19.123349811420017,
                47.569526712248965
              ],
              [
                19.123351011464866,
                47.569526345426084
              ],
              [
                19.123353141378413,
                47.569525606314315
              ],
              [
                19.123355351696674,
                47.56952464134536
              ],
              [
                19.123357224818555,
                47.56952363283327
              ],
              [
                19.12335911104664,
                47.56952239217088
              ],
              [
                19.123360654011037,
                47.569521153759666
              ],
              [
                19.123362142269812,
                47.56951968599768
              ],
              [
                19.123363294642438,
                47.56951826619301
              ],
              [
                19.123364326640324,
                47.569516628820296
              ],
              [
                19.123365043285485,
                47.569515083232616
              ],
              [
                19.123365578601597,
                47.56951334038119
              ],
              [
                19.123365831450048,
                47.56951172954755
              ],
              [
                19.123365849117413,
                47.56950994948095
              ],
              [
                19.12336562826577,
                47.56950833649395
              ],
              [
                19.12336512759249,
                47.56950658893314
              ],
              [
                19.12336444169107,
                47.56950503696971
              ],
              [
                19.123363442287424,
                47.56950339036257
              ],
              [
                19.12336231820148,
                47.56950196020949
              ],
              [
                19.123361642982267,
                47.56950119514287
              ],
              [
                19.123152751610576,
                47.5692891285114
              ],
              [
                19.122415456837608,
                47.568524232254006
              ]
            ],
            [
              [
                19.12286592876732,
                47.569219389123276
              ],
              [
                19.122866716490183,
                47.56922009264131
              ],
              [
                19.122868239415162,
                47.56922132241054
              ],
              [
                19.122870100624496,
                47.569222556283535
              ],
              [
                19.12287194878925,
                47.56922356134967
              ],
              [
                19.122874129921325,
                47.569224525776605
              ],
              [
                19.122876232301927,
                47.56922526751543
              ],
              [
                19.122878649537004,
                47.56922592543389
              ],
              [
                19.122880925340088,
                47.569226375340804
              ],
              [
                19.122883485785117,
                47.569226701467336
              ],
              [
                19.122885847552762,
                47.56922684225266
              ],
              [
                19.122888452811196,
                47.569226824054425
              ],
              [
                19.122890809781914,
                47.5692266503078
              ],
              [
                19.12289335973503,
                47.56922628848413
              ],
              [
                19.12289562133168,
                47.569225806882564
              ],
              [
                19.122898017986117,
                47.569225115338135
              ],
              [
                19.122900097296732,
                47.56922434438937
              ],
              [
                19.12290120902595,
                47.56922388280655
              ],
              [
                19.122938558232025,
                47.56920661339303
              ],
              [
                19.12300855765939,
                47.56927688881062
              ],
              [
                19.12293368725027,
                47.56931093062489
              ],
              [
                19.122927932604075,
                47.569305230263254
              ],
              [
                19.12292714838911,
                47.56930452958117
              ],
              [
                19.122925632563764,
                47.56930330452571
              ],
              [
                19.12292378061585,
                47.56930207477449
              ],
              [
                19.122921941990498,
                47.56930107237001
              ],
              [
                19.12291977229924,
                47.56930010955426
              ],
              [
                19.122917680942372,
                47.56929936800151
              ],
              [
                19.12291527619288,
                47.569298708813314
              ],
              [
                19.122913011804336,
                47.56929825637222
              ],
              [
                19.122910463639574,
                47.569297925932695
              ],
              [
                19.122908112513276,
                47.56929777984548
              ],
              [
                19.122905518041627,
                47.56929779074735
              ],
              [
                19.12290316977698,
                47.569297956581195
              ],
              [
                19.12290062787153,
                47.56929830840901
              ],
              [
                19.122898371958886,
                47.569298779844175
              ],
              [
                19.12289597948948,
                47.569299459190105
              ],
              [
                19.12289390189976,
                47.56930021826057
              ],
              [
                19.122892790515298,
                47.56930067312611
              ],
              [
                19.121697394959735,
                47.569845610167555
              ],
              [
                19.12169635917525,
                47.5698461336323
              ],
              [
                19.121694546887348,
                47.569847146056084
              ],
              [
                19.121692724491638,
                47.56984838428465
              ],
              [
                19.121691235708532,
                47.56984961477696
              ],
              [
                19.121689801531137,
                47.56985106813455
              ],
              [
                19.12168869245838,
                47.56985247024105
              ],
              [
                19.12168770064337,
                47.56985408385954
              ],
              [
                19.121687013151476,
                47.569855604646996
              ],
              [
                19.121686501142598,
                47.569857317608005
              ],
              [
                19.121686261186287,
                47.569858899662606
              ],
              [
                19.121686248313317,
                47.5698606472973
              ],
              [
                19.121686464951672,
                47.56986223089226
              ],
              [
                19.121686951700703,
                47.56986394722274
              ],
              [
                19.121687616755132,
                47.56986547257309
              ],
              [
                19.121688584750164,
                47.56986709280327
              ],
              [
                19.121689673113153,
                47.56986850232301
              ],
              [
                19.121690326834297,
                47.56986925707932
              ],
              [
                19.121696652403187,
                47.56987580771701
              ],
              [
                19.121622793038394,
                47.569909773919875
              ],
              [
                19.121552648555213,
                47.569839351036485
              ],
              [
                19.12159025990093,
                47.56982196126534
              ],
              [
                19.121591299450287,
                47.569821428170584
              ],
              [
                19.121593116614175,
                47.56982039752256
              ],
              [
                19.12159493984728,
                47.56981913793433
              ],
              [
                19.121596424989217,
                47.56981788717052
              ],
              [
                19.12159785008702,
                47.56981641106423
              ],
              [
                19.121598946133847,
                47.569814988250904
              ],
              [
                19.12159991833069,
                47.5698133523525
              ],
              [
                19.121600583161992,
                47.56981181216751
              ],
              [
                19.121601065096954,
                47.56981007934375
              ],
              [
                19.121601273163712,
                47.56980848097561
              ],
              [
                19.121601246316384,
                47.56980671781787
              ],
              [
                19.1216009896228,
                47.569805122690994
              ],
              [
                19.121600455025025,
                47.56980339695649
              ],
              [
                19.121599743435763,
                47.5698018663706
              ],
              [
                19.12159872163191,
                47.56980024437832
              ],
              [
                19.121597582493035,
                47.569798837153044
              ],
              [
                19.121596900465097,
                47.56979808476178
              ],
              [
                19.1215913464928,
                47.56979258303051
              ],
              [
                19.12286019659202,
                47.569213711
              ],
              [
                19.12286592876732,
                47.569219389123276
              ]
            ]
          ]
        ]
      },
      "properties": {
        "lotNumber": "88328/1"
      }
    },
    {
      "type": "Feature",
      "geometry": {
        "type": "MultiPolygon",
        "coordinates": [
          [
            [
              [
                19.121541564427684,
                47.56977353140258
              ],
              [
                19.1215405160201,
                47.56977406234065
              ],
              [
                19.121538622365467,
                47.56977512371259
              ],
              [
                19.121536781795207,
                47.569776381510984
              ],
              [
                19.121535231972004,
                47.56977767332326
              ],
              [
                19.12153379105033,
                47.569779150721814
              ],
              [
                19.121532645088468,
                47.56978062293827
              ],
              [
                19.121531659627184,
                47.56978226271239
              ],
              [
                19.12153096191368,
                47.5697838583091
              ],
              [
                19.1215304700831,
                47.569785596944826
              ],
              [
                19.121530247642838,
                47.56978725411903
              ],
              [
                19.121530268493313,
                47.56978902427307
              ],
              [
                19.121530529942234,
                47.5697906788368
              ],
              [
                19.12153106266625,
                47.56979241194524
              ],
              [
                19.12153179787766,
                47.569793999811566
              ],
              [
                19.121532821841104,
                47.56979562874517
              ],
              [
                19.121534002337853,
                47.56979708841078
              ],
              [
                19.121534686846225,
                47.56979784386914
              ],
              [
                19.121540105233795,
                47.56980321129884
              ],
              [
                19.121502953334,
                47.56982038862578
              ],
              [
                19.121501917752155,
                47.56982091946991
              ],
              [
                19.121500047493306,
                47.56982197939043
              ],
              [
                19.12149823002487,
                47.5698232330379
              ],
              [
                19.121496699765864,
                47.56982451871536
              ],
              [
                19.12149527691795,
                47.569825987484116
              ],
              [
                19.121494145001584,
                47.569827449900686
              ],
              [
                19.121493171021843,
                47.56982907779233
              ],
              [
                19.12149248060369,
                47.569830661191844
              ],
              [
                19.121491992626197,
                47.56983238614135
              ],
              [
                19.121491770029273,
                47.56983403015502
              ],
              [
                19.121491786658805,
                47.56983578639684
              ],
              [
                19.12149204036993,
                47.569837428344876
              ],
              [
                19.121492560972555,
                47.56983914892042
              ],
              [
                19.121493281318816,
                47.56984072620175
              ],
              [
                19.12149428604609,
                47.56984234551214
              ],
              [
                19.12149544556359,
                47.56984379799126
              ],
              [
                19.12149611818896,
                47.56984455016232
              ],
              [
                19.121594605710207,
                47.569943428654746
              ],
              [
                19.121595388909302,
                47.56994413710582
              ],
              [
                19.12159695444083,
                47.56994541682068
              ],
              [
                19.12159880948464,
                47.569946660894566
              ],
              [
                19.121600714562472,
                47.56994770872287
              ],
              [
                19.12160289326496,
                47.569948683284544
              ],
              [
                19.121605064330893,
                47.569949458767866
              ],
              [
                19.121607482568756,
                47.5699501261879
              ],
              [
                19.12160983579432,
                47.56995059938355
              ],
              [
                19.121612400195346,
                47.569950933891725
              ],
              [
                19.121614844718575,
                47.56995108652878
              ],
              [
                19.121617456266954,
                47.56995107520918
              ],
              [
                19.1216198977007,
                47.569950901394144
              ],
              [
                19.121622455560182,
                47.56995054468378
              ],
              [
                19.1216247996366,
                47.569950051127904
              ],
              [
                19.12162720504392,
                47.56994936280004
              ],
              [
                19.12162936125431,
                47.569948568560335
              ],
              [
                19.121630477434234,
                47.5699481078699
              ],
              [
                19.12174603306109,
                47.56989496651429
              ],
              [
                19.121747063077738,
                47.569894441660814
              ],
              [
                19.12174892431487,
                47.569893393766506
              ],
              [
                19.121750735426104,
                47.56989215438848
              ],
              [
                19.12175226305627,
                47.569890883216125
              ],
              [
                19.12175368692767,
                47.56988943069886
              ],
              [
                19.121754823579618,
                47.56988798398837
              ],
              [
                19.121755806736708,
                47.56988637288228
              ],
              [
                19.121756509722708,
                47.569884804965845
              ],
              [
                19.121757015242384,
                47.56988309577721
              ],
              [
                19.121757258161352,
                47.56988146553915
              ],
              [
                19.121757267058538,
                47.569879722457785
              ],
              [
                19.12175704078758,
                47.56987809112285
              ],
              [
                19.121756552728222,
                47.56987637961142
              ],
              [
                19.121755865765177,
                47.56987480844559
              ],
              [
                19.121754899078795,
                47.56987319278117
              ],
              [
                19.12175377722314,
                47.56987174079068
              ],
              [
                19.121753125070736,
                47.569870988067
              ],
              [
                19.12174707035302,
                47.5698647179269
              ],
              [
                19.122900132894557,
                47.569339078832286
              ],
              [
                19.122905646767084,
                47.569344540692185
              ],
              [
                19.122906430332556,
                47.56934524084919
              ],
              [
                19.1229079947728,
                47.56934650538931
              ],
              [
                19.12290984500728,
                47.56934773437659
              ],
              [
                19.122911742423984,
                47.569348769317
              ],
              [
                19.122913909999177,
                47.569349731832155
              ],
              [
                19.122916068195575,
                47.56935049779315
              ],
              [
                19.122918470635156,
                47.569351157212495
              ],
              [
                19.122920807491788,
                47.56935162504932
              ],
              [
                19.12292335338282,
                47.569351956281864
              ],
              [
                19.12292577998218,
                47.56935210819326
              ],
              [
                19.12292837245337,
                47.569352098635584
              ],
              [
                19.12293079646321,
                47.569351928841364
              ],
              [
                19.122933336870886,
                47.56935157885713
              ],
              [
                19.122935666057497,
                47.56935109381794
              ],
              [
                19.12293805773902,
                47.56935041672411
              ],
              [
                19.122940203476738,
                47.5693496348957
              ],
              [
                19.122941314788747,
                47.569349181271264
              ],
              [
                19.123058196843136,
                47.569296037737125
              ],
              [
                19.123059243482366,
                47.56929550957127
              ],
              [
                19.123061134440462,
                47.56929445368698
              ],
              [
                19.12306297354404,
                47.569293202249824
              ],
              [
                19.123064523418606,
                47.56929191678379
              ],
              [
                19.123065966009957,
                47.56929044638299
              ],
              [
                19.12306711512173,
                47.56928898083315
              ],
              [
                19.123068105652646,
                47.569287348087805
              ],
              [
                19.123068809754148,
                47.56928575888653
              ],
              [
                19.12306931008346,
                47.56928402666687
              ],
              [
                19.12306954206271,
                47.56928237500776
              ],
              [
                19.123069532924887,
                47.56928061001446
              ],
              [
                19.12306928384942,
                47.569278959496025
              ],
              [
                19.123068765596415,
                47.56927722969165
              ],
              [
                19.123068045057195,
                47.56927564386859
              ],
              [
                19.123067037644887,
                47.56927401586082
              ],
              [
                19.123065873386974,
                47.56927255579656
              ],
              [
                19.12306519766873,
                47.56927179977691
              ],
              [
                19.122966708648953,
                47.56917292251847
              ],
              [
                19.122965924117988,
                47.56917221299365
              ],
              [
                19.122964355801646,
                47.56917093143691
              ],
              [
                19.122962497240543,
                47.56916968580824
              ],
              [
                19.122960588420703,
                47.569168636948916
              ],
              [
                19.12295840537472,
                47.56916766179328
              ],
              [
                19.122956229987576,
                47.56916688625785
              ],
              [
                19.122953807014753,
                47.56916621934681
              ],
              [
                19.122951449321693,
                47.56916574717489
              ],
              [
                19.12294888027338,
                47.56916541434065
              ],
              [
                19.122946431597203,
                47.56916526382126
              ],
              [
                19.122943815982815,
                47.56916527795583
              ],
              [
                19.12294137117044,
                47.56916545491919
              ],
              [
                19.122938810303072,
                47.56916581547499
              ],
              [
                19.12293646405176,
                47.56916631306664
              ],
              [
                19.12293405712395,
                47.56916700607798
              ],
              [
                19.122931900313308,
                47.56916780502418
              ],
              [
                19.12293078404493,
                47.569168268290035
              ],
              [
                19.122893633042736,
                47.56918544606769
              ],
              [
                19.1228882145811,
                47.56918007870052
              ],
              [
                19.122887430176277,
                47.56917937786279
              ],
              [
                19.12288586398152,
                47.5691781121535
              ],
              [
                19.122884011531628,
                47.569176882175626
              ],
              [
                19.122882111757836,
                47.56917584657316
              ],
              [
                19.12287994144582,
                47.56917488366781
              ],
              [
                19.12287778052507,
                47.569174117656296
              ],
              [
                19.122875375097713,
                47.56917345853585
              ],
              [
                19.122873035418706,
                47.569172991320656
              ],
              [
                19.122870486586926,
                47.56917266111519
              ],
              [
                19.122868057353788,
                47.56917251050971
              ],
              [
                19.122865462296,
                47.56917252180885
              ],
              [
                19.122863036127274,
                47.56917269355522
              ],
              [
                19.122860493784355,
                47.56917304592811
              ],
              [
                19.122858163181725,
                47.56917353347817
              ],
              [
                19.12285577048471,
                47.56917421349005
              ],
              [
                19.122853624306263,
                47.56917499825515
              ],
              [
                19.12285251290299,
                47.569175453487745
              ],
              [
                19.121541564427684,
                47.56977353140258
              ]
            ]
          ]
        ]
      },
      "properties": {
        "lotNumber": "88328/2"
      }
    },
    {
      "type": "Feature",
      "geometry": {
        "type": "MultiPolygon",
        "coordinates": [
          [
            [
              [
                19.125014101946572,
                47.56900169549382
              ],
              [
                19.125014180276057,
                47.56900165427312
              ],
              [
                19.125014325543972,
                47.56900157723558
              ],
              [
                19.125014403416543,
                47.569001535620274
              ],
              [
                19.125149860593012,
                47.56892858951569
              ],
              [
                19.125149894682853,
                47.56892857109577
              ],
              [
                19.125149958006716,
                47.56892853676428
              ],
              [
                19.12514999200705,
                47.56892851826871
              ],
              [
                19.125258846190228,
                47.56886910412823
              ],
              [
                19.12539691668032,
                47.56879437949321
              ],
              [
                19.12539693409446,
                47.56879437005921
              ],
              [
                19.12553637948979,
                47.56871871916218
              ],
              [
                19.125536394866238,
                47.56871871080758
              ],
              [
                19.125536423449223,
                47.568718695253715
              ],
              [
                19.12553643880718,
                47.56871868688374
              ],
              [
                19.125699751078905,
                47.568629547404136
              ],
              [
                19.12587006305665,
                47.56853714991366
              ],
              [
                19.125898641568835,
                47.56854035380531
              ],
              [
                19.125899905739427,
                47.568540453721944
              ],
              [
                19.12590226483929,
                47.568540563029764
              ],
              [
                19.125904806486275,
                47.56854051580762
              ],
              [
                19.125907153171745,
                47.56854031906931
              ],
              [
                19.125909635018523,
                47.56853994513844
              ],
              [
                19.125911883400036,
                47.56853944955466
              ],
              [
                19.125914214610088,
                47.568538762601094
              ],
              [
                19.12591628239606,
                47.56853798631042
              ],
              [
                19.12591837764627,
                47.56853701147694
              ],
              [
                19.125920189154982,
                47.568535982891824
              ],
              [
                19.125921971758427,
                47.56853475585767
              ],
              [
                19.12592346068806,
                47.56853351262476
              ],
              [
                19.125924865400872,
                47.56853207829984
              ],
              [
                19.1259259772561,
                47.56853066592189
              ],
              [
                19.12592695266536,
                47.56852907680295
              ],
              [
                19.125927646751954,
                47.56852754697354
              ],
              [
                19.125928157157407,
                47.56852586122294
              ],
              [
                19.125928408071644,
                47.56852426993432
              ],
              [
                19.125928434792357,
                47.56852254925109
              ],
              [
                19.125928233350773,
                47.56852095474494
              ],
              [
                19.125927775408858,
                47.56851926210669
              ],
              [
                19.12592712898436,
                47.56851772274245
              ],
              [
                19.125926203140732,
                47.5685161201003
              ],
              [
                19.12592513539274,
                47.568514692219246
              ],
              [
                19.12592450695809,
                47.56851394316563
              ],
              [
                19.125912348661,
                47.56850094326459
              ],
              [
                19.12590554355114,
                47.56828990365694
              ],
              [
                19.125905446400456,
                47.568288996862535
              ],
              [
                19.125905140369667,
                47.56828732070598
              ],
              [
                19.125904544145847,
                47.56828555007663
              ],
              [
                19.125903746865646,
                47.568283949687086
              ],
              [
                19.12590263726749,
                47.56828229620064
              ],
              [
                19.12590138123848,
                47.56828083681674
              ],
              [
                19.125899803497983,
                47.568279367876244
              ],
              [
                19.125898139921297,
                47.568278108988665
              ],
              [
                19.125896158353893,
                47.56827688447439
              ],
              [
                19.12589415504398,
                47.568275877400716
              ],
              [
                19.125891850426754,
                47.56827494722895
              ],
              [
                19.125889589047,
                47.568274233021725
              ],
              [
                19.125887055325894,
                47.56827363511023
              ],
              [
                19.125884628059676,
                47.56827324288353
              ],
              [
                19.12588196851982,
                47.56827300160575
              ],
              [
                19.12587947431273,
                47.56827294734837
              ],
              [
                19.125876797368168,
                47.568273072539775
              ],
              [
                19.12587433789457,
                47.56827335846352
              ],
              [
                19.125871752668814,
                47.568273845020755
              ],
              [
                19.125869428187194,
                47.56827445947013
              ],
              [
                19.12586704006494,
                47.568275287559075
              ],
              [
                19.125864945330967,
                47.56827620548661
              ],
              [
                19.125863856030836,
                47.56827673756645
              ],
              [
                19.125578340364893,
                47.568431635673896
              ],
              [
                19.125339353762737,
                47.568561289563725
              ],
              [
                19.12508442815196,
                47.56869814938168
              ],
              [
                19.125084352868758,
                47.568698190100015
              ],
              [
                19.125084213249565,
                47.56869826617868
              ],
              [
                19.125084138404603,
                47.56869830726538
              ],
              [
                19.12494735658335,
                47.56877395255853
              ],
              [
                19.12481070963368,
                47.56884952288327
              ],
              [
                19.12457977147766,
                47.568973727304446
              ],
              [
                19.12441924862808,
                47.569060090969316
              ],
              [
                19.12429458449199,
                47.569124843937864
              ],
              [
                19.124294573638092,
                47.56912484958159
              ],
              [
                19.124294553458057,
                47.569124860085864
              ],
              [
                19.124294542613015,
                47.569124865737
              ],
              [
                19.124260373189763,
                47.56914268975409
              ],
              [
                19.124214755486783,
                47.56916478683555
              ],
              [
                19.124062464246848,
                47.569231367223814
              ],
              [
                19.123950842621817,
                47.56922147979868
              ],
              [
                19.12394958966394,
                47.56922140940069
              ],
              [
                19.123947255234988,
                47.56922135327107
              ],
              [
                19.12394474790098,
                47.56922145370981
              ],
              [
                19.123942439555982,
                47.56922169581968
              ],
              [
                19.12394000491932,
                47.56922211371755
              ],
              [
                19.123937805102425,
                47.569222645419735
              ],
              [
                19.123935530117855,
                47.56922336585124
              ],
              [
                19.123933517397067,
                47.569224168155706
              ],
              [
                19.123931483317275,
                47.569225165390066
              ],
              [
                19.123929729578332,
                47.569226209641926
              ],
              [
                19.12392800905193,
                47.56922744806221
              ],
              [
                19.123926576930888,
                47.56922869696529
              ],
              [
                19.123925231407732,
                47.56923013234048
              ],
              [
                19.12392417205386,
                47.5692315412893
              ],
              [
                19.12392324959033,
                47.569233122353936
              ],
              [
                19.12392260083928,
                47.569234641026924
              ],
              [
                19.123922134381893,
                47.56923631131216
              ],
              [
                19.12392191940433,
                47.569237885468766
              ],
              [
                19.123921925613036,
                47.56923958531916
              ],
              [
                19.12392215208714,
                47.56924115873727
              ],
              [
                19.123922630740278,
                47.5692428274414
              ],
              [
                19.123923290577427,
                47.5692443439252
              ],
              [
                19.123924224579625,
                47.56924592188412
              ],
              [
                19.123925294213326,
                47.569247327271306
              ],
              [
                19.123925922152317,
                47.569248064426674
              ],
              [
                19.12395362203212,
                47.56927729356845
              ],
              [
                19.123676605160853,
                47.569379111069544
              ],
              [
                19.12342246110646,
                47.569467108828015
              ],
              [
                19.123330618065932,
                47.56949470632808
              ],
              [
                19.12306021212138,
                47.56956667317864
              ],
              [
                19.122823830893253,
                47.56962796144582
              ],
              [
                19.122823800776924,
                47.56962796928266
              ],
              [
                19.12282374478679,
                47.56962798390515
              ],
              [
                19.12282371469866,
                47.56962799179143
              ],
              [
                19.122652328769906,
                47.569673074903704
              ],
              [
                19.12265231248467,
                47.56967307919585
              ],
              [
                19.122652282201955,
                47.56967308719274
              ],
              [
                19.12265226592513,
                47.56967309149939
              ],
              [
                19.122482309313575,
                47.56971814685158
              ],
              [
                19.12234290868527,
                47.56975418840295
              ],
              [
                19.12234267828396,
                47.56975424964225
              ],
              [
                19.122342251341966,
                47.56975436623809
              ],
              [
                19.12234202266585,
                47.56975443037064
              ],
              [
                19.122254478146054,
                47.56977963133872
              ],
              [
                19.122076591499333,
                47.56982917632599
              ],
              [
                19.122076571703253,
                47.56982918184688
              ],
              [
                19.121986223221338,
                47.56985442614889
              ],
              [
                19.121986205760056,
                47.5698544310376
              ],
              [
                19.121986173291386,
                47.56985444014624
              ],
              [
                19.12198615584013,
                47.56985444505179
              ],
              [
                19.121845401796428,
                47.569894090419716
              ],
              [
                19.121578433339266,
                47.56996799528361
              ],
              [
                19.121577652801903,
                47.56996823146745
              ],
              [
                19.121576223373147,
                47.56996870190176
              ],
              [
                19.121575466890334,
                47.56996897156128
              ],
              [
                19.121437316719394,
                47.57002212700149
              ],
              [
                19.12143695222614,
                47.57002227249006
              ],
              [
                19.12143628080533,
                47.570022550333455
              ],
              [
                19.121435923340734,
                47.570022703601225
              ],
              [
                19.121212775235925,
                47.57012178487441
              ],
              [
                19.12121274657825,
                47.57012179763469
              ],
              [
                19.121212693320263,
                47.57012182141527
              ],
              [
                19.1212126647113,
                47.57012183422556
              ],
              [
                19.121016082513172,
                47.57021010487226
              ],
              [
                19.121016055844986,
                47.57021011687827
              ],
              [
                19.12101600628181,
                47.570210139249994
              ],
              [
                19.121015979656264,
                47.5702101512996
              ],
              [
                19.120835435636124,
                47.57029207071861
              ],
              [
                19.12054995552994,
                47.570419028960565
              ],
              [
                19.120548903637594,
                47.57041954841033
              ],
              [
                19.120547021666432,
                47.570420577053554
              ],
              [
                19.120545167688764,
                47.57042181182752
              ],
              [
                19.1205436178121,
                47.57042306884104
              ],
              [
                19.120542154718777,
                47.57042452434755
              ],
              [
                19.120540996303042,
                47.57042596158275
              ],
              [
                19.120539980136375,
                47.57042758207017
              ],
              [
                19.120539257553535,
                47.5704291444753
              ],
              [
                19.1205387272368,
                47.57043086787252
              ],
              [
                19.120538468164707,
                47.5704324956013
              ],
              [
                19.120538444011217,
                47.57043425589544
              ],
              [
                19.120538658373462,
                47.570435886599405
              ],
              [
                19.120539141308498,
                47.57043761636416
              ],
              [
                19.120539820894233,
                47.57043918758089
              ],
              [
                19.120540792419558,
                47.57044082055947
              ],
              [
                19.12054191119804,
                47.57044227210515
              ],
              [
                19.120543334100443,
                47.57044374574789
              ],
              [
                19.12054484921807,
                47.57044502202251
              ],
              [
                19.120545713526077,
                47.570445681154006
              ],
              [
                19.120660122435694,
                47.57052476236273
              ],
              [
                19.120661093697898,
                47.57052537004057
              ],
              [
                19.12066297877831,
                47.570526436760666
              ],
              [
                19.120665164177563,
                47.57052744173983
              ],
              [
                19.12066732380919,
                47.57052823502375
              ],
              [
                19.120669759778448,
                47.570528927582785
              ],
              [
                19.120672108610968,
                47.57052941607929
              ],
              [
                19.12067469887879,
                47.57052976884773
              ],
              [
                19.120677144084468,
                47.57052993325111
              ],
              [
                19.120679786281435,
                47.57052993228721
              ],
              [
                19.120682231223796,
                47.57052976610002
              ],
              [
                19.12068482092817,
                47.570529411441974
              ],
              [
                19.120687168981153,
                47.570528921232125
              ],
              [
                19.12068960384576,
                47.57052822689626
              ],
              [
                19.12069176221245,
                47.5705274320372
              ],
              [
                19.120692891163287,
                47.57052696556711
              ],
              [
                19.12089611310837,
                47.570433294557084
              ],
              [
                19.120896126584796,
                47.5704332883372
              ],
              [
                19.12089615164024,
                47.570433276757846
              ],
              [
                19.12089616510514,
                47.57043327052687
              ],
              [
                19.12121484729771,
                47.570285602812106
              ],
              [
                19.12145979490619,
                47.570174268512446
              ],
              [
                19.12155616064351,
                47.57013629118729
              ],
              [
                19.121681019581604,
                47.57009883920943
              ],
              [
                19.121805481119974,
                47.5700620065688
              ],
              [
                19.12193782152756,
                47.57002608412266
              ],
              [
                19.12219275943566,
                47.56995940122389
              ],
              [
                19.1221928115994,
                47.56995938749409
              ],
              [
                19.122192908544022,
                47.569959361818505
              ],
              [
                19.12219296062181,
                47.569959347940205
              ],
              [
                19.122465294750473,
                47.56988632393359
              ],
              [
                19.122651271570785,
                47.56983674066146
              ],
              [
                19.122651288238476,
                47.569836736208885
              ],
              [
                19.122651319232336,
                47.56983672791287
              ],
              [
                19.122651335891366,
                47.56983672344508
              ],
              [
                19.122849167669518,
                47.569783561591464
              ],
              [
                19.12299784342369,
                47.5697448215784
              ],
              [
                19.12299791507618,
                47.56974480274688
              ],
              [
                19.12299804819902,
                47.5697447674597
              ],
              [
                19.122998119689377,
                47.569744748348015
              ],
              [
                19.12309510015549,
                47.56971860264447
              ],
              [
                19.123262444429173,
                47.569673536060805
              ],
              [
                19.123428465023387,
                47.569629368209526
              ],
              [
                19.123429085746572,
                47.56962919064909
              ],
              [
                19.123430227181633,
                47.56962884079626
              ],
              [
                19.12343083380796,
                47.56962864217084
              ],
              [
                19.123476339129823,
                47.569612766722976
              ],
              [
                19.123592221246525,
                47.569580595996726
              ],
              [
                19.12359289573935,
                47.5695803937695
              ],
              [
                19.123594133910352,
                47.56957999436194
              ],
              [
                19.123594790784203,
                47.56957976711864
              ],
              [
                19.1236239387865,
                47.56956898271917
              ],
              [
                19.123858984475625,
                47.56948340865293
              ],
              [
                19.124422228614936,
                47.56927795650623
              ],
              [
                19.12442262281422,
                47.569277806804614
              ],
              [
                19.12442334881716,
                47.56927752000314
              ],
              [
                19.124423735266266,
                47.56927736131602
              ],
              [
                19.124763764120864,
                47.56913232423371
              ],
              [
                19.124764288958072,
                47.569132088422606
              ],
              [
                19.124765249251503,
                47.569131634406986
              ],
              [
                19.124765756987873,
                47.56913138202929
              ],
              [
                19.125014101946572,
                47.56900169549382
              ]
            ]
          ]
        ]
      },
      "properties": {
        "lotNumber": "88422"
      }
    }
  ]
}