{
  "type": "FeatureCollection",
  "features": [
    {
      "type": "Feature",
      "geometry": {
        "type": "MultiPolygon",
        "coordinates": [
          [
            [
              [
                19.116784238844755,
                47.570559294883715
              ],
              [
                19.117000678786912,
                47.57047195461876
              ],
              [
                19.11700070455898,
                47.57047194419213
              ],
              [
                19.117000762764558,
                47.5704719205835
              ],
              [
                19.11700078850185,
                47.5704719101175
              ],
              [
                19.11721727137173,
                47.570383652081205
              ],
              [
                19.117437739490285,
                47.57029449169499
              ],
              [
                19.117437780773376,
                47.570294474930705
              ],
              [
                19.117437873971486,
                47.57029443692923
              ],
              [
                19.117437915164597,
                47.57029442006384
              ],
              [
                19.11765035453822,
                47.570207086211894
              ],
              [
                19.1180833043133,
                47.57003237119851
              ],
              [
                19.118084390753832,
                47.57003188230862
              ],
              [
                19.118086760157148,
                47.57003069861757
              ],
              [
                19.118088695109897,
                47.57002951701788
              ],
              [
                19.118090677629745,
                47.57002804316029
              ],
              [
                19.118092234655062,
                47.57002662873128
              ],
              [
                19.118093754057718,
                47.57002492138134
              ],
              [
                19.118094873283418,
                47.57002332851197
              ],
              [
                19.118095871143442,
                47.57002145332232
              ],
              [
                19.118096509532084,
                47.57001974326323
              ],
              [
                19.11809694747891,
                47.57001777234046
              ],
              [
                19.11809708048266,
                47.570016010848384
              ],
              [
                19.118096941676054,
                47.57001401998029
              ],
              [
                19.118096564180636,
                47.570012274789796
              ],
              [
                19.118095853958252,
                47.57001034053114
              ],
              [
                19.118094980479576,
                47.570008678749964
              ],
              [
                19.11809372615166,
                47.57000687547866
              ],
              [
                19.11809311320032,
                47.57000609602914
              ],
              [
                19.118018574232682,
                47.56992159153583
              ],
              [
                19.11801785311257,
                47.56992085816265
              ],
              [
                19.118016107505525,
                47.56991925865833
              ],
              [
                19.118014365531405,
                47.56991795222231
              ],
              [
                19.118012193157718,
                47.56991661334136
              ],
              [
                19.118010108662446,
                47.569915561441356
              ],
              [
                19.11800759267011,
                47.56991453442966
              ],
              [
                19.118005245438134,
                47.569913777327315
              ],
              [
                19.118002482127185,
                47.56991310149385
              ],
              [
                19.11799996199918,
                47.569912668167376
              ],
              [
                19.117997057135778,
                47.56991236937977
              ],
              [
                19.117994460570014,
                47.56991227641481
              ],
              [
                19.117991525338244,
                47.56991236610922
              ],
              [
                19.117988951718683,
                47.56991261706403
              ],
              [
                19.117986098464982,
                47.569913091807365
              ],
              [
                19.117983646297297,
                47.5699136770766
              ],
              [
                19.117980984230385,
                47.569914518698056
              ],
              [
                19.117979833302975,
                47.569914930179806
              ],
              [
                19.117544126316012,
                47.57008968662623
              ],
              [
                19.117544090330668,
                47.57008970111123
              ],
              [
                19.11754400908037,
                47.57008973393386
              ],
              [
                19.1175439731628,
                47.570089748495484
              ],
              [
                19.11733143372078,
                47.57017622347341
              ],
              [
                19.11733141309677,
                47.57017623188182
              ],
              [
                19.117331366511987,
                47.57017625091331
              ],
              [
                19.11733134591053,
                47.57017625934696
              ],
              [
                19.117116279960616,
                47.57026448109794
              ],
              [
                19.11689589781363,
                47.570352706539126
              ],
              [
                19.116895852002365,
                47.57035272496263
              ],
              [
                19.116895748592626,
                47.57035276674012
              ],
              [
                19.11689570289085,
                47.570352785287824
              ],
              [
                19.116679231186026,
                47.57044103800302
              ],
              [
                19.116462812982288,
                47.57052836873121
              ],
              [
                19.116246338129596,
                47.570614821927954
              ],
              [
                19.116246304427175,
                47.570614835432906
              ],
              [
                19.11624622832638,
                47.57061486602999
              ],
              [
                19.116246194682965,
                47.570614879602154
              ],
              [
                19.115814463474138,
                47.57078962714928
              ],
              [
                19.115814442014855,
                47.57078963585361
              ],
              [
                19.115814393544422,
                47.57078965555628
              ],
              [
                19.11581437210952,
                47.570789664287894
              ],
              [
                19.1156842341882,
                47.57084278956211
              ],
              [
                19.115252583857202,
                47.57101750075669
              ],
              [
                19.11496568248438,
                47.571132781377536
              ],
              [
                19.114964635195633,
                47.57113324878775
              ],
              [
                19.114962347180196,
                47.57113437829274
              ],
              [
                19.114960470666926,
                47.57113550259649
              ],
              [
                19.114958536654328,
                47.57113690269888
              ],
              [
                19.114957005384973,
                47.57113824541362
              ],
              [
                19.11495549414504,
                47.57113986632858
              ],
              [
                19.114954362568675,
                47.571141379709935
              ],
              [
                19.114953327838283,
                47.57114316380073
              ],
              [
                19.114952636191664,
                47.57114479403574
              ],
              [
                19.11495211476395,
                47.57114667786355
              ],
              [
                19.11495188764081,
                47.57114836698421
              ],
              [
                19.114951898056848,
                47.57115028356366
              ],
              [
                19.11495196187255,
                47.571151131460326
              ],
              [
                19.114968049933328,
                47.571261755872854
              ],
              [
                19.114968247066216,
                47.571262648785996
              ],
              [
                19.11496884092887,
                47.57126464657451
              ],
              [
                19.114969625715126,
                47.57126636996925
              ],
              [
                19.114970796534887,
                47.571268247432485
              ],
              [
                19.114972073557134,
                47.571269830242294
              ],
              [
                19.11497377426919,
                47.571271511909536
              ],
              [
                19.11497549219344,
                47.57127289050826
              ],
              [
                19.114977654432185,
                47.57127430877934
              ],
              [
                19.114979744200905,
                47.57127542774973
              ],
              [
                19.11498228104811,
                47.571276525612504
              ],
              [
                19.114984658656233,
                47.57127733997381
              ],
              [
                19.114987468135027,
                47.571278073296234
              ],
              [
                19.114990038006777,
                47.57127855031251
              ],
              [
                19.11499300718093,
                47.57127888961624
              ],
              [
                19.114995666011865,
                47.57127901011225
              ],
              [
                19.11499867552564,
                47.57127894175781
              ],
              [
                19.115001316435293,
                47.57127870088982
              ],
              [
                19.115004245311376,
                47.57127822762495
              ],
              [
                19.115006762139682,
                47.57127763507552
              ],
              [
                19.11500949264226,
                47.5712767759246
              ],
              [
                19.115010672601432,
                47.57127635468313
              ],
              [
                19.115219236356108,
                47.57119258468616
              ],
              [
                19.115219253129148,
                47.57119257793795
              ],
              [
                19.11521929102005,
                47.57119256266798
              ],
              [
                19.115219307778776,
                47.57119255590298
              ],
              [
                19.115653662764394,
                47.571016925178206
              ],
              [
                19.11592063624513,
                47.57090974946411
              ],
              [
                19.11592065685632,
                47.57090974117278
              ],
              [
                19.115920703412772,
                47.5709097224058
              ],
              [
                19.11592072400198,
                47.57090971408923
              ],
              [
                19.116352439427164,
                47.57073497279456
              ],
              [
                19.116568952393564,
                47.57064760445415
              ],
              [
                19.11656899367208,
                47.57064758772857
              ],
              [
                19.116569086860085,
                47.57064754981463
              ],
              [
                19.11656912804883,
                47.570647532988026
              ],
              [
                19.116784238844755,
                47.570559294883715
              ]
            ]
          ]
        ]
      },
      "properties": {
        "lotNumber": "88081"
      }
    },
    {
      "type": "Feature",
      "geometry": {
        "type": "MultiPolygon",
        "coordinates": [
          [
            [
              [
                19.115520994145925,
                47.57142620808981
              ],
              [
                19.115519904859624,
                47.57142670591097
              ],
              [
                19.115517405161366,
                47.57142797447467
              ],
              [
                19.11551547043689,
                47.57142917569307
              ],
              [
                19.115513388007788,
                47.57143075204894
              ],
              [
                19.115511839965976,
                47.57143218721277
              ],
              [
                19.11551025607213,
                47.57143400984408
              ],
              [
                19.115509155124812,
                47.57143562294673
              ],
              [
                19.115508131577222,
                47.57143762072593
              ],
              [
                19.115507520688578,
                47.57143934881656
              ],
              [
                19.115507097430932,
                47.571441443781005
              ],
              [
                19.115507000440786,
                47.57144321942149
              ],
              [
                19.11550719399071,
                47.57144532981598
              ],
              [
                19.11550761468417,
                47.57144708371254
              ],
              [
                19.115508417488577,
                47.57144912717959
              ],
              [
                19.115509339448344,
                47.57145079088706
              ],
              [
                19.115510720178165,
                47.57145268768098
              ],
              [
                19.115511358620218,
                47.571453465216365
              ],
              [
                19.115644452967942,
                47.57159820115625
              ],
              [
                19.11564518784512,
                47.57159891993177
              ],
              [
                19.11564705540037,
                47.57160056913772
              ],
              [
                19.115648816133916,
                47.57160184539821
              ],
              [
                19.11565111933887,
                47.571603219350784
              ],
              [
                19.115653211261435,
                47.57160424135146
              ],
              [
                19.115655863324918,
                47.5716052882762
              ],
              [
                19.115658207607016,
                47.57160601750521
              ],
              [
                19.115661108591844,
                47.57160669795109
              ],
              [
                19.11566361689435,
                47.57160710692901
              ],
              [
                19.11566665748326,
                47.57160739525491
              ],
              [
                19.11566923528626,
                47.571607468570285
              ],
              [
                19.115672300901288,
                47.57160735391125
              ],
              [
                19.1156748510659,
                47.5716070888014
              ],
              [
                19.11567782618604,
                47.57160657547808
              ],
              [
                19.11568025261488,
                47.571605981933104
              ],
              [
                19.11568302512921,
                47.571605089289015
              ],
              [
                19.11568416309124,
                47.57160467587939
              ],
              [
                19.1160428372276,
                47.571458754305276
              ],
              [
                19.116043916575073,
                47.57145826505358
              ],
              [
                19.116046395298127,
                47.5714570185576
              ],
              [
                19.116048317201894,
                47.57145583847082
              ],
              [
                19.116050390760297,
                47.57145428977614
              ],
              [
                19.116051937181805,
                47.57145287944797
              ],
              [
                19.116053526525832,
                47.57145108759514
              ],
              [
                19.11605463851126,
                47.57144950079123
              ],
              [
                19.116055683050792,
                47.571447534090666
              ],
              [
                19.11605631820827,
                47.571445831304445
              ],
              [
                19.11605677812268,
                47.57144376473218
              ],
              [
                19.116056912238353,
                47.571442010878485
              ],
              [
                19.116056769994564,
                47.57143992321796
              ],
              [
                19.11605639795568,
                47.571438185158584
              ],
              [
                19.116055658976546,
                47.571436155997155
              ],
              [
                19.116054794966352,
                47.57143449999166
              ],
              [
                19.116053487423905,
                47.57143260668658
              ],
              [
                19.116052880519867,
                47.571431829371825
              ],
              [
                19.11592376934677,
                47.57128439319038
              ],
              [
                19.115923045431458,
                47.57128365251199
              ],
              [
                19.115921198279796,
                47.571281951481225
              ],
              [
                19.115919445330213,
                47.57128063259572
              ],
              [
                19.115917140795517,
                47.571279209977625
              ],
              [
                19.11591503945461,
                47.571278149561316
              ],
              [
                19.115912367172786,
                47.571277060689155
              ],
              [
                19.11590999917312,
                47.571276299987396
              ],
              [
                19.115907063083725,
                47.57127558721333
              ],
              [
                19.115904520529657,
                47.57127515581393
              ],
              [
                19.115901434833116,
                47.57127484686158
              ],
              [
                19.11589881661834,
                47.57127476154398
              ],
              [
                19.115895701334104,
                47.57127486843018
              ],
              [
                19.115893109295158,
                47.57127513251292
              ],
              [
                19.115890085593477,
                47.57127565108027
              ],
              [
                19.115887620548808,
                47.57127625429166
              ],
              [
                19.115884806037812,
                47.57127716437034
              ],
              [
                19.115883651397358,
                47.57127758631104
              ],
              [
                19.115520994145925,
                47.57142620808981
              ]
            ]
          ]
        ]
      },
      "properties": {
        "lotNumber": "88085"
      }
    },
    {
      "type": "Feature",
      "geometry": {
        "type": "MultiPolygon",
        "coordinates": [
          [
            [
              [
                19.115655880845264,
                47.57157283840142
              ],
              [
                19.115654790035176,
                47.57157333341721
              ],
              [
                19.115652812178922,
                47.57157433025931
              ],
              [
                19.115650873006356,
                47.57157552608572
              ],
              [
                19.11564922301696,
                47.571576766421366
              ],
              [
                19.11564766871337,
                47.571578196722726
              ],
              [
                19.115646410878266,
                47.57157963222556
              ],
              [
                19.11564530200297,
                47.571581241273975
              ],
              [
                19.115644485330407,
                47.57158281601354
              ],
              [
                19.115643865087847,
                47.571584541116835
              ],
              [
                19.11564352139736,
                47.57158619373755
              ],
              [
                19.115643413953734,
                47.571587967681666
              ],
              [
                19.11564355663639,
                47.571589633793614
              ],
              [
                19.115643966178034,
                47.57159138746147
              ],
              [
                19.11564458967469,
                47.571593002149065
              ],
              [
                19.115645500245005,
                47.571594667213766
              ],
              [
                19.115646580262847,
                47.571596167564934
              ],
              [
                19.115647213076688,
                47.57159694639236
              ],
              [
                19.115778979042684,
                47.57174168294274
              ],
              [
                19.11577971085089,
                47.57174240546768
              ],
              [
                19.115781181010373,
                47.57174371531126
              ],
              [
                19.11578293788312,
                47.57174499919999
              ],
              [
                19.11578475498148,
                47.571746091621094
              ],
              [
                19.115786845941518,
                47.571747121010326
              ],
              [
                19.11578894120666,
                47.57174795466381
              ],
              [
                19.115791287116995,
                47.57174869059406
              ],
              [
                19.115793581248944,
                47.571749233928415
              ],
              [
                19.115796093323368,
                47.571749648546735
              ],
              [
                19.115798499495593,
                47.57174988099832
              ],
              [
                19.115801082659036,
                47.57174995861253
              ],
              [
                19.115803509804564,
                47.57174987138366
              ],
              [
                19.115806066291437,
                47.571749609056276
              ],
              [
                19.115808422549517,
                47.5717492054484
              ],
              [
                19.115810855603836,
                47.571748613107765
              ],
              [
                19.11581305179663,
                47.57174790839623
              ],
              [
                19.115814192980626,
                47.57174749500895
              ],
              [
                19.116171539765208,
                47.57160247327514
              ],
              [
                19.11617262725509,
                47.571601981131145
              ],
              [
                19.11617459957936,
                47.571600990131294
              ],
              [
                19.116176534479443,
                47.571599801387734
              ],
              [
                19.11617818214595,
                47.57159856837569
              ],
              [
                19.11617973593705,
                47.57159714639795
              ],
              [
                19.116180995247255,
                47.571595719041895
              ],
              [
                19.116182107860062,
                47.57159411880341
              ],
              [
                19.116182930129266,
                47.5715925522847
              ],
              [
                19.116183558550407,
                47.571590835650525
              ],
              [
                19.11618391198986,
                47.5715891905306
              ],
              [
                19.116184031924742,
                47.57158742386555
              ],
              [
                19.116183902870635,
                47.57158576374449
              ],
              [
                19.116183509682696,
                47.57158401534759
              ],
              [
                19.116182903124322,
                47.57158240440542
              ],
              [
                19.11618201201424,
                47.571580741869425
              ],
              [
                19.11618095140114,
                47.57157924238493
              ],
              [
                19.116180329170593,
                47.571578463599124
              ],
              [
                19.116049890472333,
                47.57143282726307
              ],
              [
                19.11604916227961,
                47.57143209739837
              ],
              [
                19.11604769741783,
                47.57143077384114
              ],
              [
                19.116045943056115,
                47.571429475682315
              ],
              [
                19.116044125526482,
                47.57142837039868
              ],
              [
                19.116042031339216,
                47.57142732816203
              ],
              [
                19.11603993066756,
                47.5714264834323
              ],
              [
                19.11603757676351,
                47.57142573698635
              ],
              [
                19.116035273306636,
                47.571425185123914
              ],
              [
                19.116032749729452,
                47.57142476302237
              ],
              [
                19.116030331601248,
                47.57142452513752
              ],
              [
                19.11602773488508,
                47.57142444352705
              ],
              [
                19.11602529458596,
                47.57142452871958
              ],
              [
                19.116022724062695,
                47.57142479072201
              ],
              [
                19.116020354941146,
                47.57142519573306
              ],
              [
                19.116017908940744,
                47.571425791326
              ],
              [
                19.116015701622523,
                47.571426500662746
              ],
              [
                19.11601455484375,
                47.57142691691377
              ],
              [
                19.115655880845264,
                47.57157283840142
              ]
            ]
          ]
        ]
      },
      "properties": {
        "lotNumber": "88086"
      }
    },
    {
      "type": "Feature",
      "geometry": {
        "type": "MultiPolygon",
        "coordinates": [
          [
            [
              [
                19.115788220042713,
                47.57171807643971
              ],
              [
                19.115610279698387,
                47.57178920894363
              ],
              [
                19.115610261915442,
                47.57178921606506
              ],
              [
                19.11561023098727,
                47.571789228472646
              ],
              [
                19.115610213220585,
                47.57178923561278
              ],
              [
                19.115397673386074,
                47.5718748032055
              ],
              [
                19.115153249840645,
                47.57197298124096
              ],
              [
                19.115152118481447,
                47.57197349031999
              ],
              [
                19.115150221870817,
                47.571974441803036
              ],
              [
                19.115148218228285,
                47.571975680354576
              ],
              [
                19.115146646715136,
                47.57197687269209
              ],
              [
                19.11514505655807,
                47.5719783608261
              ],
              [
                19.115143875653366,
                47.57197974431365
              ],
              [
                19.115142765269955,
                47.571981419994934
              ],
              [
                19.115142024201557,
                47.57198293695985
              ],
              [
                19.115141439879906,
                47.5719847303351
              ],
              [
                19.115141169540465,
                47.57198631754034
              ],
              [
                19.11514113563901,
                47.57198815384996
              ],
              [
                19.115141347298128,
                47.57198974513044
              ],
              [
                19.11514153810116,
                47.571990655446555
              ],
              [
                19.115173577429225,
                47.57210217006849
              ],
              [
                19.115173883439102,
                47.57210301481793
              ],
              [
                19.115174519543356,
                47.57210446384465
              ],
              [
                19.115175484991465,
                47.57210607381581
              ],
              [
                19.115176520913028,
                47.57210741304184
              ],
              [
                19.11517792575997,
                47.57210886735751
              ],
              [
                19.11517932284369,
                47.572110046809904
              ],
              [
                19.115181114667948,
                47.57211129120255
              ],
              [
                19.115182820781957,
                47.57211226687025
              ],
              [
                19.115184932721988,
                47.57211325490566
              ],
              [
                19.115186884203016,
                47.57211399038186
              ],
              [
                19.1151892374522,
                47.57211468519159
              ],
              [
                19.1151913614811,
                47.572115153032065
              ],
              [
                19.11519386822838,
                47.57211552868945
              ],
              [
                19.115196085547403,
                47.57211571143687
              ],
              [
                19.115198652253987,
                47.57211575392434
              ],
              [
                19.11520088012428,
                47.572115644759506
              ],
              [
                19.115203411013958,
                47.57211535249166
              ],
              [
                19.115205566302944,
                47.572114955488
              ],
              [
                19.115207966936026,
                47.57211433937072
              ],
              [
                19.11520996921948,
                47.572113669342414
              ],
              [
                19.115211092413233,
                47.57211324657316
              ],
              [
                19.115382265284687,
                47.572041271992184
              ],
              [
                19.11559852924429,
                47.57195400878522
              ],
              [
                19.115816317811195,
                47.57186756463934
              ],
              [
                19.115816379793074,
                47.57186753988467
              ],
              [
                19.115816487468475,
                47.57186749661421
              ],
              [
                19.115816549251424,
                47.571867471632736
              ],
              [
                19.11624828810065,
                47.57169182467539
              ],
              [
                19.116249361758946,
                47.571691338282584
              ],
              [
                19.11625116479813,
                47.57169043258238
              ],
              [
                19.116253078103178,
                47.57168926029064
              ],
              [
                19.116254588485152,
                47.57168813584086
              ],
              [
                19.116256130917336,
                47.57168673540392
              ],
              [
                19.11625729168676,
                47.571685434606714
              ],
              [
                19.11625840508217,
                47.571683858834035
              ],
              [
                19.116259172467345,
                47.57168243074148
              ],
              [
                19.11625981484074,
                47.571680739054266
              ],
              [
                19.116260159904222,
                47.57167923751869
              ],
              [
                19.11626030703228,
                47.57167749370917
              ],
              [
                19.116260216762065,
                47.57167597535232
              ],
              [
                19.11625986309678,
                47.57167424517823
              ],
              [
                19.116259340896967,
                47.57167276725622
              ],
              [
                19.116258499774887,
                47.571671115961095
              ],
              [
                19.1162575653373,
                47.571669734205166
              ],
              [
                19.116256971201988,
                47.57166895777785
              ],
              [
                19.11617976770585,
                47.571579056939015
              ],
              [
                19.116179051100968,
                47.571578310186624
              ],
              [
                19.116177712345493,
                47.57157705573584
              ],
              [
                19.11617597042405,
                47.571575723865
              ],
              [
                19.11617429308728,
                47.57157467221562
              ],
              [
                19.116172197955606,
                47.57157359834741
              ],
              [
                19.116170247625686,
                47.57157279062164
              ],
              [
                19.11616788120873,
                47.57157201674704
              ],
              [
                19.11616573414848,
                47.571571484528924
              ],
              [
                19.11616318897913,
                47.57157104090844
              ],
              [
                19.116160929144016,
                47.57157080500904
              ],
              [
                19.116158304744765,
                47.57157070898926
              ],
              [
                19.116156020500018,
                47.571570778632854
              ],
              [
                19.11615341949149,
                47.571571033968425
              ],
              [
                19.116151200156796,
                47.57157140643183
              ],
              [
                19.116148724244947,
                47.57157200313848
              ],
              [
                19.11614665660188,
                47.571572663857374
              ],
              [
                19.11614549610826,
                47.57157308343325
              ],
              [
                19.115788220042713,
                47.57171807643971
              ]
            ]
          ]
        ]
      },
      "properties": {
        "lotNumber": "88090"
      }
    },
    {
      "type": "Feature",
      "geometry": {
        "type": "MultiPolygon",
        "coordinates": [
          [
            [
              [
                19.115791006005658,
                47.57183871771965
              ],
              [
                19.115789918202722,
                47.571839211219434
              ],
              [
                19.115788113442182,
                47.57184012028343
              ],
              [
                19.11578617879084,
                47.5718413119667
              ],
              [
                19.115784672104468,
                47.57184244264789
              ],
              [
                19.115783119843353,
                47.57184386769126
              ],
              [
                19.11578196960125,
                47.571845176186294
              ],
              [
                19.115780859866092,
                47.571846779382604
              ],
              [
                19.115780110629494,
                47.5718482149994
              ],
              [
                19.115779486412283,
                47.57184993423976
              ],
              [
                19.11577916720721,
                47.57185144136157
              ],
              [
                19.115779052690645,
                47.57185321004136
              ],
              [
                19.115779175883414,
                47.571854730281196
              ],
              [
                19.11577957550404,
                47.57185647988051
              ],
              [
                19.115780136322147,
                47.57185795434321
              ],
              [
                19.115781034598477,
                47.571859617081344
              ],
              [
                19.11578201131551,
                47.57186098864516
              ],
              [
                19.115782637297315,
                47.57186176711037
              ],
              [
                19.115913075172447,
                47.57200650426945
              ],
              [
                19.115913804503975,
                47.57200723113776
              ],
              [
                19.115915146083463,
                47.57200843695648
              ],
              [
                19.115916900760087,
                47.57200972938442
              ],
              [
                19.115918562825925,
                47.57201073593654
              ],
              [
                19.115920654978282,
                47.57201177315982
              ],
              [
                19.11592257424679,
                47.572012542120554
              ],
              [
                19.11592492421554,
                47.57201328464648
              ],
              [
                19.11592702760997,
                47.5720137867374
              ],
              [
                19.115929545919258,
                47.57201420629409
              ],
              [
                19.11593175335215,
                47.572014422397885
              ],
              [
                19.115934344116525,
                47.572014503010564
              ],
              [
                19.11593657153913,
                47.57201442489906
              ],
              [
                19.115939136114346,
                47.57201416349831
              ],
              [
                19.1159412987168,
                47.572013794145626
              ],
              [
                19.1159437394558,
                47.57201320068445
              ],
              [
                19.115945754896277,
                47.57201255415378
              ],
              [
                19.11594689950318,
                47.57201213948831
              ],
              [
                19.11637731113647,
                47.57183739229151
              ],
              [
                19.116378395347954,
                47.57183690158977
              ],
              [
                19.11638019457953,
                47.571835997765795
              ],
              [
                19.11638212441602,
                47.571834813093936
              ],
              [
                19.11638362851977,
                47.571833689094106
              ],
              [
                19.11638517975556,
                47.57183227239979
              ],
              [
                19.116386330929636,
                47.57183097141884
              ],
              [
                19.116387443951655,
                47.57182937714485
              ],
              [
                19.11638819795711,
                47.571827949178726
              ],
              [
                19.11638882999259,
                47.57182623859209
              ],
              [
                19.116389157853487,
                47.57182473851683
              ],
              [
                19.116389284613746,
                47.57182297735451
              ],
              [
                19.11638917373065,
                47.57182146281708
              ],
              [
                19.11638879034446,
                47.57181971875954
              ],
              [
                19.116388244978626,
                47.57181824796279
              ],
              [
                19.116387366179385,
                47.57181658803315
              ],
              [
                19.11638640728898,
                47.57181521749898
              ],
              [
                19.116385791950158,
                47.57181443921118
              ],
              [
                19.116256681216907,
                47.57166880233881
              ],
              [
                19.116255955669338,
                47.57166806820426
              ],
              [
                19.11625461923875,
                47.571666849949516
              ],
              [
                19.116252867449337,
                47.571665543341645
              ],
              [
                19.116251205327714,
                47.57166452506501
              ],
              [
                19.116249110352463,
                47.5716634750039
              ],
              [
                19.11624718648785,
                47.57166269588228
              ],
              [
                19.11624482892827,
                47.57166194276767
              ],
              [
                19.116242717338913,
                47.57166143277682
              ],
              [
                19.116240187899123,
                47.57166100558386
              ],
              [
                19.11623796982573,
                47.571660784344964
              ],
              [
                19.116235365822664,
                47.571660699509316
              ],
              [
                19.11623312660275,
                47.5716607755343
              ],
              [
                19.116230548222095,
                47.571661036319924
              ],
              [
                19.116228374006777,
                47.571661406683795
              ],
              [
                19.116225920448404,
                47.57166200305726
              ],
              [
                19.11622389488782,
                47.571662653510785
              ],
              [
                19.116222744704995,
                47.571663070856246
              ],
              [
                19.115791006005658,
                47.57183871771965
              ]
            ]
          ]
        ]
      },
      "properties": {
        "lotNumber": "88096"
      }
    },
    {
      "type": "Feature",
      "geometry": {
        "type": "MultiPolygon",
        "coordinates": [
          [
            [
              [
                19.115921599850925,
                47.57198360130758
              ],
              [
                19.11592051922941,
                47.571984090198654
              ],
              [
                19.115918767403368,
                47.571984969576114
              ],
              [
                19.115916842979235,
                47.571986149308884
              ],
              [
                19.11591537723404,
                47.57198724240412
              ],
              [
                19.11591382847826,
                47.571988652832765
              ],
              [
                19.115912704756845,
                47.57198991792583
              ],
              [
                19.11591159078063,
                47.571991505218705
              ],
              [
                19.115910851971986,
                47.57199289402491
              ],
              [
                19.11591021529241,
                47.57199459759997
              ],
              [
                19.11590988959462,
                47.5719960571129
              ],
              [
                19.115909754511833,
                47.571997811950055
              ],
              [
                19.115909854355852,
                47.57199928646467
              ],
              [
                19.115910226025637,
                47.57200102558721
              ],
              [
                19.1159107476008,
                47.57200245882584
              ],
              [
                19.115911611837767,
                47.57200411585687
              ],
              [
                19.115912535237236,
                47.57200545311729
              ],
              [
                19.115913142465228,
                47.57200623089522
              ],
              [
                19.116042255370754,
                47.572153667056114
              ],
              [
                19.116042977713022,
                47.57215440627216
              ],
              [
                19.116044278599116,
                47.57215560473257
              ],
              [
                19.116046027229796,
                47.572156921409665
              ],
              [
                19.116047649783805,
                47.57215792422979
              ],
              [
                19.116049745625066,
                47.57215898363002
              ],
              [
                19.116051626993553,
                47.57215975196324
              ],
              [
                19.116053988858052,
                47.572160513048196
              ],
              [
                19.11605605616177,
                47.57216101713133
              ],
              [
                19.11605859255709,
                47.57216145041857
              ],
              [
                19.11606076571412,
                47.572161670724704
              ],
              [
                19.116063378386983,
                47.57216175942985
              ],
              [
                19.116065573214943,
                47.57216168742494
              ],
              [
                19.116068160957234,
                47.572161428111734
              ],
              [
                19.116070292434237,
                47.57216106658509
              ],
              [
                19.116072755003625,
                47.572160469298666
              ],
              [
                19.116074740561835,
                47.572159832254854
              ],
              [
                19.116075894803846,
                47.57215941361187
              ],
              [
                19.11650763517488,
                47.571983765700644
              ],
              [
                19.11650871933016,
                47.57198327402899
              ],
              [
                19.116510476467507,
                47.57198238956965
              ],
              [
                19.11651240562135,
                47.571981202884274
              ],
              [
                19.116513873838326,
                47.571980103323085
              ],
              [
                19.116515423586883,
                47.571978684626544
              ],
              [
                19.11651654639616,
                47.57197741226746
              ],
              [
                19.116517657115317,
                47.571975816141915
              ],
              [
                19.1165183913186,
                47.57197441993702
              ],
              [
                19.116519020275245,
                47.5719727077909
              ],
              [
                19.116519337625277,
                47.571971241456914
              ],
              [
                19.116519460621383,
                47.571969479162405
              ],
              [
                19.116519348908685,
                47.571967999114264
              ],
              [
                19.116518961212254,
                47.571966254472834
              ],
              [
                19.116518424734885,
                47.57196481765314
              ],
              [
                19.116517541262013,
                47.57196315778714
              ],
              [
                19.11651660066017,
                47.57196181947519
              ],
              [
                19.11651598291538,
                47.5719610414853
              ],
              [
                19.11638554119631,
                47.57181450608551
              ],
              [
                19.11638481503175,
                47.5718137740671
              ],
              [
                19.11638350904771,
                47.571812587644644
              ],
              [
                19.116381757438482,
                47.57181128503257
              ],
              [
                19.11638013485633,
                47.57181029358028
              ],
              [
                19.116378041734695,
                47.571809246932325
              ],
              [
                19.11637616476618,
                47.5718084884636
              ],
              [
                19.116373810384946,
                47.57180773790945
              ],
              [
                19.11637175099529,
                47.57180724150494
              ],
              [
                19.116369225624226,
                47.57180681582172
              ],
              [
                19.11636706277286,
                47.5718066005141
              ],
              [
                19.11636446323767,
                47.57180651602298
              ],
              [
                19.116362279850858,
                47.571806590067546
              ],
              [
                19.116359705820784,
                47.57180685000804
              ],
              [
                19.116357585612157,
                47.57180721056564
              ],
              [
                19.116355135778534,
                47.571807804971364
              ],
              [
                19.116353160039385,
                47.57180843821788
              ],
              [
                19.116352011335564,
                47.571808854203525
              ],
              [
                19.115921599850925,
                47.57198360130758
              ]
            ]
          ]
        ]
      },
      "properties": {
        "lotNumber": "88097"
      }
    },
    {
      "type": "Feature",
      "geometry": {
        "type": "MultiPolygon",
        "coordinates": [
          [
            [
              [
                19.116049597982137,
                47.57212981178973
              ],
              [
                19.116048518063522,
                47.57213030132177
              ],
              [
                19.116046434047774,
                47.572131349428915
              ],
              [
                19.116044511277916,
                47.572132530280136
              ],
              [
                19.116042768142762,
                47.572133832582104
              ],
              [
                19.116041221313164,
                47.57213524388005
              ],
              [
                19.116039885582545,
                47.572136750676634
              ],
              [
                19.116038773725478,
                47.57213833856143
              ],
              [
                19.116037896375445,
                47.57213999234822
              ],
              [
                19.116037261923204,
                47.57214169622078
              ],
              [
                19.11603687643648,
                47.57214343388373
              ],
              [
                19.11603674360199,
                47.57214518871854
              ],
              [
                19.116036864690145,
                47.57214694394252
              ],
              [
                19.116037238542926,
                47.57214868276923
              ],
              [
                19.116037861584925,
                47.57215038856895
              ],
              [
                19.116038727857575,
                47.572152045027984
              ],
              [
                19.11603982907612,
                47.572153636304336
              ],
              [
                19.116040437243026,
                47.57215441370096
              ],
              [
                19.116168219437686,
                47.57230005157136
              ],
              [
                19.116168941618398,
                47.57230078938572
              ],
              [
                19.11617048962763,
                47.57230221341516
              ],
              [
                19.11617223693762,
                47.57230352760271
              ],
              [
                19.11617416663272,
                47.57230471922579
              ],
              [
                19.116176260031608,
                47.57230577674832
              ],
              [
                19.116178496868148,
                47.57230668993245
              ],
              [
                19.116180855487585,
                47.57230744993765
              ],
              [
                19.11618331305617,
                47.57230804940635
              ],
              [
                19.116185845782248,
                47.572308482535036
              ],
              [
                19.116188429146558,
                47.57230874513073
              ],
              [
                19.116191038139597,
                47.57230883465113
              ],
              [
                19.11619364750376,
                47.57230875022967
              ],
              [
                19.116196231977852,
                47.5723084926836
              ],
              [
                19.11619876654163,
                47.57230806450618
              ],
              [
                19.11620122665805,
                47.57230746984268
              ],
              [
                19.11620358851076,
                47.572306714449866
              ],
              [
                19.11620474194652,
                47.57230629739004
              ],
              [
                19.11663781221295,
                47.57213064822181
              ],
              [
                19.1166388970491,
                47.57213015769568
              ],
              [
                19.116640990427097,
                47.57212910702782
              ],
              [
                19.116642921498208,
                47.572127922526384
              ],
              [
                19.116644671654594,
                47.57212661560526
              ],
              [
                19.11664622403173,
                47.572125198857876
              ],
              [
                19.116647563670913,
                47.572123685936155
              ],
              [
                19.116648677663342,
                47.57212209141856
              ],
              [
                19.116649555274623,
                47.572120430669976
              ],
              [
                19.116650188048073,
                47.57211871969327
              ],
              [
                19.11665056988631,
                47.5721169749755
              ],
              [
                19.116650697109968,
                47.572115213328864
              ],
              [
                19.11665056849313,
                47.57211345172853
              ],
              [
                19.116650185275187,
                47.57211170714938
              ],
              [
                19.116649551148846,
                47.572109996402105
              ],
              [
                19.116648672224585,
                47.5721083359715
              ],
              [
                19.116647556971753,
                47.57210674185757
              ],
              [
                19.1166469414671,
                47.572105963344555
              ],
              [
                19.11651782930314,
                47.571960326777045
              ],
              [
                19.116517103747952,
                47.57195959264422
              ],
              [
                19.116515549743337,
                47.57195817607256
              ],
              [
                19.116513797937838,
                47.57195686946875
              ],
              [
                19.116511865221796,
                47.57195568543064
              ],
              [
                19.11650977022983,
                47.57195463537434
              ],
              [
                19.11650753316118,
                47.57195372942415
              ],
              [
                19.116505175584933,
                47.5719529763149
              ],
              [
                19.116502720232045,
                47.57195238330786
              ],
              [
                19.116500190776236,
                47.57195195612062
              ],
              [
                19.11649761160567,
                47.571951698871935
              ],
              [
                19.11649500758787,
                47.57195161404214
              ],
              [
                19.1164924038299,
                47.571951702449134
              ],
              [
                19.116489825436332,
                47.57195196324047
              ],
              [
                19.11648729726719,
                47.571952393901825
              ],
              [
                19.11648484369823,
                47.57195299028074
              ],
              [
                19.11648248838597,
                47.57195374662723
              ],
              [
                19.116481338198856,
                47.571954163975256
              ],
              [
                19.116049597982137,
                47.57212981178973
              ]
            ]
          ]
        ]
      },
      "properties": {
        "lotNumber": "88098"
      }
    },
    {
      "type": "Feature",
      "geometry": {
        "type": "MultiPolygon",
        "coordinates": [
          [
            [
              [
                19.11613886666873,
                47.57119681627717
              ],
              [
                19.11613958222894,
                47.57119755886513
              ],
              [
                19.11614128681778,
                47.57119915049188
              ],
              [
                19.11614302360678,
                47.57120047511834
              ],
              [
                19.11614515596147,
                47.571201809878616
              ],
              [
                19.116147242590934,
                47.57120287854402
              ],
              [
                19.116149720053215,
                47.571203904697356
              ],
              [
                19.11615207563734,
                47.57120467597609
              ],
              [
                19.116154802171195,
                47.5712053537448
              ],
              [
                19.116157335398437,
                47.57120579773916
              ],
              [
                19.11616020531284,
                47.57120610085026
              ],
              [
                19.11616281798548,
                47.571206200349245
              ],
              [
                19.11616572003144,
                47.57120611705304
              ],
              [
                19.11616831087214,
                47.57120586819972
              ],
              [
                19.116171132555074,
                47.57120540172503
              ],
              [
                19.1161736011328,
                47.57120481416596
              ],
              [
                19.116176233073336,
                47.571203982595144
              ],
              [
                19.116177391321468,
                47.571203568426355
              ],
              [
                19.11661045496356,
                47.571029718221666
              ],
              [
                19.116611549115373,
                47.571029228009394
              ],
              [
                19.116613892927226,
                47.57102806134255
              ],
              [
                19.116615841029752,
                47.57102687450452
              ],
              [
                19.11661780092777,
                47.571025419232086
              ],
              [
                19.116619366962336,
                47.57102399673708
              ],
              [
                19.116620866717167,
                47.571022309461355
              ],
              [
                19.116621989773577,
                47.57102070663664
              ],
              [
                19.11662297105297,
                47.57101885298346
              ],
              [
                19.116623607450517,
                47.57101713217032
              ],
              [
                19.116624032088136,
                47.57101518423674
              ],
              [
                19.116624157074508,
                47.5710134123654
              ],
              [
                19.116624008554368,
                47.571011445915445
              ],
              [
                19.116623617268388,
                47.57100969190209
              ],
              [
                19.116622901367233,
                47.57100778342001
              ],
              [
                19.1166220090279,
                47.57100611548614
              ],
              [
                19.1166207535905,
                47.57100433920146
              ],
              [
                19.11662012964251,
                47.57100355798846
              ],
              [
                19.116489691151045,
                47.5708579221236
              ],
              [
                19.116488965005374,
                47.57085719410998
              ],
              [
                19.11648724033845,
                47.57085563497612
              ],
              [
                19.11648549155127,
                47.570854339607635
              ],
              [
                19.1164833524216,
                47.570853036734924
              ],
              [
                19.116481265298443,
                47.570851995778035
              ],
              [
                19.116478793106964,
                47.570850998745044
              ],
              [
                19.11647644706974,
                47.570850251811635
              ],
              [
                19.116473735891432,
                47.57084959855873
              ],
              [
                19.11647122021453,
                47.57084917407201
              ],
              [
                19.116468373218602,
                47.57084888945757
              ],
              [
                19.116465783631735,
                47.57084880357064
              ],
              [
                19.116462909155654,
                47.57084889842526
              ],
              [
                19.11646034420107,
                47.5708491544064
              ],
              [
                19.116457551628027,
                47.570849625120424
              ],
              [
                19.116455108910586,
                47.57085021322876
              ],
              [
                19.11645250450711,
                47.5708510418901
              ],
              [
                19.116451358315484,
                47.57085145397192
              ],
              [
                19.11602228175272,
                47.57102440180103
              ],
              [
                19.11602120100392,
                47.571024887275144
              ],
              [
                19.116018885076723,
                47.57102604160066
              ],
              [
                19.11601695838853,
                47.57102721422155
              ],
              [
                19.11601501743883,
                47.57102865071637
              ],
              [
                19.116013463576206,
                47.571030054047405
              ],
              [
                19.116011971379905,
                47.57103171811013
              ],
              [
                19.116010849405534,
                47.571033298810406
              ],
              [
                19.116009862681388,
                47.57103512718966
              ],
              [
                19.116009215241814,
                47.571036825176506
              ],
              [
                19.116008771495515,
                47.5710387483752
              ],
              [
                19.116008623200152,
                47.57104049910777
              ],
              [
                19.11600873929869,
                47.57104244402477
              ],
              [
                19.116009095784367,
                47.57104418095728
              ],
              [
                19.116009767314942,
                47.57104607366592
              ],
              [
                19.11601061503167,
                47.571047730777295
              ],
              [
                19.11601181646935,
                47.571049499335196
              ],
              [
                19.116012415170623,
                47.57105027808926
              ],
              [
                19.11613886666873,
                47.57119681627717
              ]
            ]
          ]
        ]
      },
      "properties": {
        "lotNumber": "88112"
      }
    },
    {
      "type": "Feature",
      "geometry": {
        "type": "MultiPolygon",
        "coordinates": [
          [
            [
              [
                19.11657341510075,
                47.57102272002373
              ],
              [
                19.116574141070362,
                47.57102344787456
              ],
              [
                19.116575694427553,
                47.57102485219911
              ],
              [
                19.116577442734226,
                47.57102614732165
              ],
              [
                19.116579369326104,
                47.57102732089745
              ],
              [
                19.11658145583957,
                47.571028361740424
              ],
              [
                19.116583682386658,
                47.57102925992955
              ],
              [
                19.11658602774467,
                47.57103000690365
              ],
              [
                19.11658846955843,
                47.57103059554273
              ],
              [
                19.116590984553355,
                47.571031020236106
              ],
              [
                19.116593548757344,
                47.57103127693573
              ],
              [
                19.116596137729235,
                47.571031363194855
              ],
              [
                19.116598726791814,
                47.5710312781913
              ],
              [
                19.116601291266957,
                47.5710310227352
              ],
              [
                19.11660380671093,
                47.57103059926157
              ],
              [
                19.11660624914736,
                47.57103001180681
              ],
              [
                19.116608595295727,
                47.57102926597031
              ],
              [
                19.116609741438374,
                47.571028854252845
              ],
              [
                19.1168289286374,
                47.57094057777843
              ],
              [
                19.116830018087867,
                47.57094008834726
              ],
              [
                19.116832120647967,
                47.570939039403164
              ],
              [
                19.11683406071968,
                47.570937855711556
              ],
              [
                19.116835819523416,
                47.57093654873046
              ],
              [
                19.11683738003424,
                47.57093513111119
              ],
              [
                19.11683872714665,
                47.570933616576134
              ],
              [
                19.116839847820817,
                47.57093201978573
              ],
              [
                19.116840731208814,
                47.570930356196676
              ],
              [
                19.116841368759605,
                47.57092864191225
              ],
              [
                19.116841754301813,
                47.57092689352649
              ],
              [
                19.11684188410348,
                47.570925127963456
              ],
              [
                19.116841756908176,
                47.57092336231361
              ],
              [
                19.116841373947146,
                47.570921613668055
              ],
              [
                19.116840738927422,
                47.5709198989534
              ],
              [
                19.11683985799592,
                47.57091823476798
              ],
              [
                19.116838739679938,
                47.57091663722065
              ],
              [
                19.116838122388298,
                47.57091585708464
              ],
              [
                19.116577241886787,
                47.570621887305364
              ],
              [
                19.116576517870588,
                47.57062115523666
              ],
              [
                19.116574967494525,
                47.57061974254003
              ],
              [
                19.116573220357346,
                47.57061843925317
              ],
              [
                19.11657129321721,
                47.57061725787697
              ],
              [
                19.116569204558843,
                47.570616209742916
              ],
              [
                19.11656697441619,
                47.57061530490449
              ],
              [
                19.116564624180295,
                47.570614552040695
              ],
              [
                19.116562176394105,
                47.570613958372796
              ],
              [
                19.11655965453623,
                47.57061352959514
              ],
              [
                19.116557082795776,
                47.570613269820505
              ],
              [
                19.116554485840304,
                47.57061318154059
              ],
              [
                19.11655188857923,
                47.570613265602084
              ],
              [
                19.116549315924896,
                47.5706135211988
              ],
              [
                19.116546792553628,
                47.57061394587905
              ],
              [
                19.116544342669044,
                47.57061453556936
              ],
              [
                19.116541989769882,
                47.570615284613574
              ],
              [
                19.116540840452785,
                47.570615698169675
              ],
              [
                19.11632431114413,
                47.57070307308672
              ],
              [
                19.116323233340317,
                47.570703557634225
              ],
              [
                19.116321152464074,
                47.570704595360574
              ],
              [
                19.116319230557956,
                47.57070576510654
              ],
              [
                19.116317485838227,
                47.57070705578502
              ],
              [
                19.116315934841715,
                47.57070845516263
              ],
              [
                19.11631459226911,
                47.57070994997586
              ],
              [
                19.116313470845633,
                47.57071152605646
              ],
              [
                19.11631258120038,
                47.57071316846608
              ],
              [
                19.116311931765626,
                47.57071486163762
              ],
              [
                19.116311528696876,
                47.570716589522696
              ],
              [
                19.11631137581455,
                47.57071833574418
              ],
              [
                19.116311474567706,
                47.57072008375094
              ],
              [
                19.116311824020354,
                47.57072181697499
              ],
              [
                19.116312420860346,
                47.57072351898847
              ],
              [
                19.116313259430722,
                47.57072517365927
              ],
              [
                19.116314331783347,
                47.57072676530413
              ],
              [
                19.116314925270537,
                47.57072754344239
              ],
              [
                19.116442709390057,
                47.57087677891271
              ],
              [
                19.116442775659326,
                47.57087685543429
              ],
              [
                19.116442909309626,
                47.570877008031374
              ],
              [
                19.116442976690657,
                47.57087708410697
              ],
              [
                19.11657341510075,
                47.57102272002373
              ]
            ]
          ]
        ]
      },
      "properties": {
        "lotNumber": "88113"
      }
    },
    {
      "type": "Feature",
      "geometry": {
        "type": "MultiPolygon",
        "coordinates": [
          [
            [
              [
                19.116794705453803,
                47.57053267181663
              ],
              [
                19.11679397731901,
                47.57053193732991
              ],
              [
                19.116792106107834,
                47.5705302368993
              ],
              [
                19.116790348656387,
                47.57052893036941
              ],
              [
                19.116788022376475,
                47.570527510288485
              ],
              [
                19.11678592143966,
                47.57052646145972
              ],
              [
                19.116783229849194,
                47.570525376521466
              ],
              [
                19.116780866490473,
                47.5705246258622
              ],
              [
                19.116777913442924,
                47.57052391792831
              ],
              [
                19.11677537885109,
                47.570523494402295
              ],
              [
                19.116772278288057,
                47.57052319078797
              ],
              [
                19.11676967025884,
                47.57052311073673
              ],
              [
                19.11676654181368,
                47.57052322315679
              ],
              [
                19.116763960976318,
                47.57052348966903
              ],
              [
                19.11676092535823,
                47.57052401378577
              ],
              [
                19.11675847129279,
                47.570524616578275
              ],
              [
                19.116755645629283,
                47.570525532169015
              ],
              [
                19.11675449601913,
                47.57052595288769
              ],
              [
                19.11653929767267,
                47.57061422688574
              ],
              [
                19.116538219492345,
                47.57061471953606
              ],
              [
                19.11653572345956,
                47.570615984666055
              ],
              [
                19.11653380569736,
                47.57061717150888
              ],
              [
                19.116531721149123,
                47.570618741156665
              ],
              [
                19.11653018130711,
                47.5706201578616
              ],
              [
                19.116528587937864,
                47.57062197201799
              ],
              [
                19.116527484885818,
                47.57062356442298
              ],
              [
                19.116526443611807,
                47.57062555373089
              ],
              [
                19.116525819520636,
                47.570627260956634
              ],
              [
                19.116525370150946,
                47.57062934936285
              ],
              [
                19.1165252488804,
                47.57063110614038
              ],
              [
                19.116525408595034,
                47.57063321380283
              ],
              [
                19.11652579478152,
                47.57063495296872
              ],
              [
                19.116526557474558,
                47.5706369993094
              ],
              [
                19.11652743635386,
                47.5706386543735
              ],
              [
                19.116528772866857,
                47.57064056115858
              ],
              [
                19.11652938727162,
                47.57064133718605
              ],
              [
                19.116790267603097,
                47.57093530707169
              ],
              [
                19.116790991626548,
                47.57093603913893
              ],
              [
                19.116792852095884,
                47.5709377343713
              ],
              [
                19.11679459924903,
                47.57093903765469
              ],
              [
                19.116796911837255,
                47.57094045530152
              ],
              [
                19.116799000512934,
                47.57094150343132
              ],
              [
                19.116801676705396,
                47.57094258923197
              ],
              [
                19.116804026959247,
                47.57094334209089
              ],
              [
                19.116806964324233,
                47.570944054486105
              ],
              [
                19.116809486199866,
                47.57094448325832
              ],
              [
                19.11681257230922,
                47.57094479498106
              ],
              [
                19.116815169281406,
                47.5709448832552
              ],
              [
                19.116818286013732,
                47.570944782374234
              ],
              [
                19.116820858682882,
                47.570944526771626
              ],
              [
                19.116823886744683,
                47.5709440171482
              ],
              [
                19.11682633664141,
                47.570943427452036
              ],
              [
                19.116829160133076,
                47.57094252859208
              ],
              [
                19.116830309455025,
                47.570942115033105
              ],
              [
                19.117046838906393,
                47.5708547391738
              ],
              [
                19.11704792776782,
                47.570854249097316
              ],
              [
                19.117050449314444,
                47.57085298886392
              ],
              [
                19.11705238793467,
                47.570851804008534
              ],
              [
                19.117054496556598,
                47.57085023435275
              ],
              [
                19.11705605529598,
                47.57084881577768
              ],
              [
                19.117057669541484,
                47.57084699733216
              ],
              [
                19.11705878818916,
                47.57084539983415
              ],
              [
                19.117059845703324,
                47.57084340284176
              ],
              [
                19.117060481048302,
                47.5708416881289
              ],
              [
                19.117060940981624,
                47.570839589729346
              ],
              [
                19.117061068481924,
                47.57083782403746
              ],
              [
                19.11706091306825,
                47.57083570528765
              ],
              [
                19.11706052779892,
                47.57083395682182
              ],
              [
                19.117059763041702,
                47.57083189956466
              ],
              [
                19.117058879884997,
                47.5708302358645
              ],
              [
                19.117057535325348,
                47.570828319567624
              ],
              [
                19.117056916979944,
                47.57082753978465
              ],
              [
                19.116794705453803,
                47.57053267181663
              ]
            ]
          ]
        ]
      },
      "properties": {
        "lotNumber": "88114"
      }
    },
    {
      "type": "Feature",
      "geometry": {
        "type": "MultiPolygon",
        "coordinates": [
          [
            [
              [
                19.117007942593833,
                47.57044665422482
              ],
              [
                19.11700721857408,
                47.57044592215883
              ],
              [
                19.117005807726063,
                47.570444636610034
              ],
              [
                19.117004060584048,
                47.57044333332965
              ],
              [
                19.117002306883574,
                47.570442258283805
              ],
              [
                19.11700021822357,
                47.570441210157476
              ],
              [
                19.116998188793758,
                47.570440386762
              ],
              [
                19.1169958385595,
                47.57043963390697
              ],
              [
                19.116993611077017,
                47.5704390936775
              ],
              [
                19.11699108922399,
                47.570438664909226
              ],
              [
                19.116988748945992,
                47.570438428523076
              ],
              [
                19.11698615199838,
                47.57043834025283
              ],
              [
                19.116983788499237,
                47.57043841675766
              ],
              [
                19.116981215855496,
                47.570438672364
              ],
              [
                19.11697891959839,
                47.57043905883162
              ],
              [
                19.116976469726726,
                47.57043964853111
              ],
              [
                19.116974328601145,
                47.57044033016943
              ],
              [
                19.11697317929122,
                47.570440743729854
              ],
              [
                19.116756651412977,
                47.57052811946211
              ],
              [
                19.11675556255558,
                47.57052860953585
              ],
              [
                19.116753650389125,
                47.5705295652081
              ],
              [
                19.11675171177402,
                47.57053075005859
              ],
              [
                19.11675011273858,
                47.570531940376824
              ],
              [
                19.116748554000328,
                47.5705333589479
              ],
              [
                19.11674732986336,
                47.570534737932604
              ],
              [
                19.116746211212853,
                47.57053633542773
              ],
              [
                19.116745409260293,
                47.570537849811615
              ],
              [
                19.116744773908753,
                47.570539564522925
              ],
              [
                19.116744425118455,
                47.57054115580845
              ],
              [
                19.116744297608296,
                47.57054292150013
              ],
              [
                19.116744415453393,
                47.57054452821921
              ],
              [
                19.116744800710173,
                47.57054627668625
              ],
              [
                19.116745380638633,
                47.57054783677464
              ],
              [
                19.116746263780758,
                47.57054950047734
              ],
              [
                19.11674728339123,
                47.57055095367202
              ],
              [
                19.116747901728832,
                47.570551733456725
              ],
              [
                19.11701011308854,
                47.570846601529304
              ],
              [
                19.117010841230666,
                47.570847336014594
              ],
              [
                19.117012260246305,
                47.570848625505015
              ],
              [
                19.117014017713856,
                47.57084993203134
              ],
              [
                19.117015781824804,
                47.570851008922475
              ],
              [
                19.117017882779063,
                47.570852057747004
              ],
              [
                19.11701992391808,
                47.57085288048759
              ],
              [
                19.117022287294862,
                47.570853631141944
              ],
              [
                19.117024526705688,
                47.57085416798699
              ],
              [
                19.11702706131536,
                47.570854591507526
              ],
              [
                19.1170294125915,
                47.57085482174313
              ],
              [
                19.11703202063747,
                47.57085490178852
              ],
              [
                19.117034393056162,
                47.570854816531224
              ],
              [
                19.11703697390832,
                47.57085455001296
              ],
              [
                19.11703927593103,
                47.570854152552336
              ],
              [
                19.117041730008555,
                47.57085354975397
              ],
              [
                19.117043872812925,
                47.57085285542572
              ],
              [
                19.117045022427885,
                47.57085243470419
              ],
              [
                19.1172602208995,
                47.57076415977021
              ],
              [
                19.117261299076155,
                47.57076366711316
              ],
              [
                19.117263191893148,
                47.57076270771107
              ],
              [
                19.11726510964424,
                47.570761520856195
              ],
              [
                19.117266690414432,
                47.57076033052996
              ],
              [
                19.117268230240807,
                47.57075891381527
              ],
              [
                19.117269438529714,
                47.5707575380723
              ],
              [
                19.11727054156222,
                47.57075594566033
              ],
              [
                19.11727133117574,
                47.57075443709679
              ],
              [
                19.117271955244348,
                47.57075272986709
              ],
              [
                19.117272295994812,
                47.570751146156894
              ],
              [
                19.117272417240816,
                47.570749389378676
              ],
              [
                19.117272296101042,
                47.570747791068776
              ],
              [
                19.11727190988919,
                47.57074605190545
              ],
              [
                19.117271331490574,
                47.5707445001009
              ],
              [
                19.117270452586226,
                47.57074284504254
              ],
              [
                19.11726943904163,
                47.57074139907042
              ],
              [
                19.117268824624848,
                47.57074062304688
              ],
              [
                19.117007942593833,
                47.57044665422482
              ]
            ]
          ]
        ]
      },
      "properties": {
        "lotNumber": "88115"
      }
    },
    {
      "type": "Feature",
      "geometry": {
        "type": "MultiPolygon",
        "coordinates": [
          [
            [
              [
                19.117223767796627,
                47.57035863714633
              ],
              [
                19.117223040742196,
                47.5703579043169
              ],
              [
                19.117221717507583,
                47.57035670250026
              ],
              [
                19.11721996347585,
                47.57035539867101
              ],
              [
                19.11721831921499,
                47.57035439465114
              ],
              [
                19.117216223027185,
                47.57035334745619
              ],
              [
                19.11721432092809,
                47.57035257981698
              ],
              [
                19.117211963139486,
                47.57035182949942
              ],
              [
                19.117209876298716,
                47.57035132774079
              ],
              [
                19.117207347517752,
                47.570350903134816
              ],
              [
                19.117205156131376,
                47.57035068653909
              ],
              [
                19.117202553537602,
                47.57035060396212
              ],
              [
                19.117200341819288,
                47.57035068085291
              ],
              [
                19.117197765428845,
                47.57035094347828
              ],
              [
                19.11719561837361,
                47.570351310900776
              ],
              [
                19.117193167195623,
                47.57035190863599
              ],
              [
                19.117191167313525,
                47.570352552470275
              ],
              [
                19.117190018404706,
                47.57035297030794
              ],
              [
                19.11697349240706,
                47.57044124590927
              ],
              [
                19.116972410444166,
                47.570441737490064
              ],
              [
                19.116970635994292,
                47.57044263212119
              ],
              [
                19.11696871074971,
                47.57044381792705
              ],
              [
                19.116967228016676,
                47.570444929475556
              ],
              [
                19.116965681248224,
                47.57044634650574
              ],
              [
                19.116964547114932,
                47.57044763232875
              ],
              [
                19.11696343816218,
                47.57044922622095
              ],
              [
                19.116962696138053,
                47.570450636989655
              ],
              [
                19.11696206754441,
                47.570452346596575
              ],
              [
                19.116961746096173,
                47.57045382818895
              ],
              [
                19.116961621976824,
                47.57045558792405
              ],
              [
                19.116961733436458,
                47.57045708350094
              ],
              [
                19.116962118553136,
                47.57045882585449
              ],
              [
                19.116962658644727,
                47.57046027804027
              ],
              [
                19.11696353822308,
                47.570461936169416
              ],
              [
                19.116964486226873,
                47.57046328925306
              ],
              [
                19.116965101604677,
                47.57046406666063
              ],
              [
                19.11722598348347,
                47.57075803557789
              ],
              [
                19.11722671197595,
                47.570758771708846
              ],
              [
                19.11722803837054,
                47.57075997886908
              ],
              [
                19.11722979772123,
                47.57076128827382
              ],
              [
                19.117231447713525,
                47.570762296303016
              ],
              [
                19.117233551863865,
                47.570763347225544
              ],
              [
                19.117235461574307,
                47.57076411709775
              ],
              [
                19.117237829061953,
                47.570764868851576
              ],
              [
                19.117239924555946,
                47.57076537076111
              ],
              [
                19.117242463723418,
                47.57076579424192
              ],
              [
                19.117244663873713,
                47.57076600875736
              ],
              [
                19.11724727641689,
                47.570766087570135
              ],
              [
                19.11724949604447,
                47.570766006386435
              ],
              [
                19.117252080818492,
                47.57076573747987
              ],
              [
                19.117254233990234,
                47.570765363740115
              ],
              [
                19.117256690925345,
                47.570764757524955
              ],
              [
                19.117258694281016,
                47.5707641056985
              ],
              [
                19.11725984478784,
                47.57076368294587
              ],
              [
                19.117476370455922,
                47.57067450735621
              ],
              [
                19.117477447057254,
                47.570674013546785
              ],
              [
                19.117479212278695,
                47.57067311555131
              ],
              [
                19.117481126489917,
                47.570671926780896
              ],
              [
                19.117482599847342,
                47.57067081354247
              ],
              [
                19.11748413576155,
                47.570669395469295
              ],
              [
                19.11748526095714,
                47.5706681095254
              ],
              [
                19.117486359886225,
                47.5706665163349
              ],
              [
                19.117487093925657,
                47.57066510682219
              ],
              [
                19.117487713878962,
                47.57066339939102
              ],
              [
                19.117488028714234,
                47.57066192016787
              ],
              [
                19.117488146003076,
                47.570660163738
              ],
              [
                19.117488029604225,
                47.57065867132633
              ],
              [
                19.117487639747022,
                47.570656933011904
              ],
              [
                19.117487096561785,
                47.57065548443763
              ],
              [
                19.117486214455297,
                47.57065383066069
              ],
              [
                19.117485265239175,
                47.57065248127465
              ],
              [
                19.11748464942129,
                47.5706517060286
              ],
              [
                19.117223767796627,
                47.57035863714633
              ]
            ]
          ]
        ]
      },
      "properties": {
        "lotNumber": "88116"
      }
    },
    {
      "type": "Feature",
      "geometry": {
        "type": "MultiPolygon",
        "coordinates": [
          [
            [
              [
                19.11744533144985,
                47.57026924893665
              ],
              [
                19.117444612586205,
                47.57026850755606
              ],
              [
                19.117443178429955,
                47.570267176489125
              ],
              [
                19.117441435575362,
                47.57026585495233
              ],
              [
                19.117439643775697,
                47.57026473990619
              ],
              [
                19.117437552023567,
                47.57026367514754
              ],
              [
                19.11743547207158,
                47.57026281936686
              ],
              [
                19.117433112546028,
                47.57026205268065
              ],
              [
                19.117430825108165,
                47.57026148935501
              ],
              [
                19.11742828931826,
                47.57026105047551
              ],
              [
                19.117425883107824,
                47.57026080145231
              ],
              [
                19.117423269398664,
                47.570260707400514
              ],
              [
                19.11742083773529,
                47.57026078233752
              ],
              [
                19.11741824747388,
                47.57026103676098
              ],
              [
                19.117415884664336,
                47.570261432752
              ],
              [
                19.117413418308338,
                47.57026202578353
              ],
              [
                19.11741121598904,
                47.570262727470826
              ],
              [
                19.117410059457956,
                47.57026314426918
              ],
              [
                19.117189548123264,
                47.57035232211456
              ],
              [
                19.117188460300017,
                47.57035281272813
              ],
              [
                19.117186508075335,
                47.57035379032201
              ],
              [
                19.117184571653407,
                47.570354975973494
              ],
              [
                19.1171829395554,
                47.57035619302395
              ],
              [
                19.117181383066914,
                47.57035761202505
              ],
              [
                19.117180134100177,
                47.57035902154983
              ],
              [
                19.117179017630985,
                47.57036061912229
              ],
              [
                19.117178200009974,
                47.57036216670884
              ],
              [
                19.117177566659684,
                47.570363881180846
              ],
              [
                19.11717721194746,
                47.57036550708711
              ],
              [
                19.117177086165665,
                47.57036727227421
              ],
              [
                19.11717720805543,
                47.57036891373452
              ],
              [
                19.117177594697832,
                47.57037066149437
              ],
              [
                19.117178188484306,
                47.570372255142715
              ],
              [
                19.117179072625277,
                47.57037391800587
              ],
              [
                19.117180115386343,
                47.57037540232194
              ],
              [
                19.117180734071976,
                47.57037618166005
              ],
              [
                19.117441615544724,
                47.570669250637955
              ],
              [
                19.11744233811089,
                47.57066997938047
              ],
              [
                19.117443776480126,
                47.57067128729696
              ],
              [
                19.117445518271197,
                47.57067258496146
              ],
              [
                19.11744730421249,
                47.57067367921218
              ],
              [
                19.117449384873776,
                47.57067472357373
              ],
              [
                19.11745145054141,
                47.570675562589386
              ],
              [
                19.117453791031124,
                47.57067631397401
              ],
              [
                19.117456057952893,
                47.57067686588136
              ],
              [
                19.117458569358654,
                47.57067729574485
              ],
              [
                19.11746095141695,
                47.57067753957772
              ],
              [
                19.11746353833348,
                47.570677631590044
              ],
              [
                19.11746594503676,
                47.57067755808544
              ],
              [
                19.1174685091902,
                47.57067730875114
              ],
              [
                19.117470849110685,
                47.570676920701416
              ],
              [
                19.117473293091916,
                47.57067633949246
              ],
              [
                19.11747547733884,
                47.5706756516392
              ],
              [
                19.117476624974596,
                47.57067524300877
              ],
              [
                19.117693153441078,
                47.570588765390724
              ],
              [
                19.117694241682305,
                47.57058828058432
              ],
              [
                19.117696195718413,
                47.570587313950995
              ],
              [
                19.11769813636278,
                47.57058614033376
              ],
              [
                19.11769977458229,
                47.57058493452735
              ],
              [
                19.11770134006354,
                47.57058352747159
              ],
              [
                19.117702599648954,
                47.57058212872871
              ],
              [
                19.117703729938732,
                47.570580542188004
              ],
              [
                19.117704562591285,
                47.57057900414349
              ],
              [
                19.117705214348703,
                47.57057729895364
              ],
              [
                19.11770558814042,
                47.57057568058385
              ],
              [
                19.117705736373928,
                47.57057392213049
              ],
              [
                19.117705636971845,
                47.57057228549176
              ],
              [
                19.117705275997526,
                47.57057054120272
              ],
              [
                19.117704707213306,
                47.57056894905197
              ],
              [
                19.117703850872818,
                47.57056728581199
              ],
              [
                19.117702834516578,
                47.5705657992002
              ],
              [
                19.11770223013305,
                47.57056501809339
              ],
              [
                19.11744533144985,
                47.57026924893665
              ]
            ]
          ]
        ]
      },
      "properties": {
        "lotNumber": "88117"
      }
    },
    {
      "type": "Feature",
      "geometry": {
        "type": "MultiPolygon",
        "coordinates": [
          [
            [
              [
                19.117409072253263,
                47.57026228668495
              ],
              [
                19.11740800169981,
                47.57026277653516
              ],
              [
                19.117405832661024,
                47.57026387666879
              ],
              [
                19.117403927029827,
                47.57026505523242
              ],
              [
                19.11740211315978,
                47.570266418383156
              ],
              [
                19.117400580132156,
                47.57026782402364
              ],
              [
                19.117399189862144,
                47.57026939876438
              ],
              [
                19.117398087274186,
                47.57027097845151
              ],
              [
                19.117397173054545,
                47.57027270537261
              ],
              [
                19.117396542503275,
                47.57027439951007
              ],
              [
                19.11739613882456,
                47.57027621346045
              ],
              [
                19.117396004098683,
                47.5702779581341
              ],
              [
                19.117396126190464,
                47.57027979067948
              ],
              [
                19.117396492372837,
                47.57028152006854
              ],
              [
                19.117397135629087,
                47.57028330207311
              ],
              [
                19.117397988904962,
                47.570284950933534
              ],
              [
                19.117399129057855,
                47.57028661516804
              ],
              [
                19.117399728985323,
                47.57028738977655
              ],
              [
                19.117656627501624,
                47.57058315903312
              ],
              [
                19.11765734368261,
                47.57058389791488
              ],
              [
                19.117658956523854,
                47.57058539588585
              ],
              [
                19.117660692004623,
                47.570586713637574
              ],
              [
                19.117662706084985,
                47.570587969590655
              ],
              [
                19.11766478843399,
                47.57058903258558
              ],
              [
                19.11766712618322,
                47.57058999814902
              ],
              [
                19.117669475200874,
                47.570590765446944
              ],
              [
                19.1176720465829,
                47.57059140343302
              ],
              [
                19.117674571799135,
                47.570591845482234
              ],
              [
                19.11767727777971,
                47.57059213131952
              ],
              [
                19.117679881938322,
                47.570592231094885
              ],
              [
                19.117682618299277,
                47.570592153774726
              ],
              [
                19.117685201103644,
                47.57059190743351
              ],
              [
                19.117687862456723,
                47.5705914699337
              ],
              [
                19.117690324432672,
                47.57059088696355
              ],
              [
                19.117692808278488,
                47.57059010613406
              ],
              [
                19.11769396404088,
                47.570589694943386
              ],
              [
                19.11791049180181,
                47.57050321691555
              ],
              [
                19.117911584246883,
                47.570502730024764
              ],
              [
                19.11791379856807,
                47.570501633721996
              ],
              [
                19.117915745574283,
                47.570500454388686
              ],
              [
                19.117917600163928,
                47.57049908608606
              ],
              [
                19.117919168600764,
                47.57049767175134
              ],
              [
                19.11792059177655,
                47.57049608433562
              ],
              [
                19.117921721021887,
                47.57049448966536
              ],
              [
                19.117922657776237,
                47.57049274449232
              ],
              [
                19.11792330418333,
                47.57049103112269
              ],
              [
                19.117923718309537,
                47.570489195645536
              ],
              [
                19.11792385689398,
                47.57048742980058
              ],
              [
                19.117923732385634,
                47.57048557496296
              ],
              [
                19.117923357791057,
                47.57048382489486
              ],
              [
                19.117922699460678,
                47.570482022388724
              ],
              [
                19.11792182616576,
                47.570480355739875
              ],
              [
                19.117920659458775,
                47.57047867523439
              ],
              [
                19.117920045624672,
                47.570477893518245
              ],
              [
                19.117790944499223,
                47.57033137217338
              ],
              [
                19.117659181207028,
                47.57018125444103
              ],
              [
                19.117658456012375,
                47.57018051410219
              ],
              [
                19.117656823523117,
                47.57017901400777
              ],
              [
                19.117655068136525,
                47.57017769609181
              ],
              [
                19.11765303228844,
                47.570176442057715
              ],
              [
                19.117650928777373,
                47.57017538298426
              ],
              [
                19.117648568791346,
                47.5701744238086
              ],
              [
                19.117646199009613,
                47.570173664789294
              ],
              [
                19.117643606719646,
                47.57017303779642
              ],
              [
                19.117641062882424,
                47.570172608366896
              ],
              [
                19.11763833916212,
                47.57017233795494
              ],
              [
                19.11763572025757,
                47.57017225482558
              ],
              [
                19.117632971094867,
                47.57017235151708
              ],
              [
                19.117630379032217,
                47.570172617922715
              ],
              [
                19.117627711405074,
                47.57017307795511
              ],
              [
                19.11762524704909,
                47.57017368352903
              ],
              [
                19.1176227647627,
                47.57017448900112
              ],
              [
                19.117621610740102,
                47.57017491210616
              ],
              [
                19.117409072253263,
                47.57026228668495
              ]
            ]
          ]
        ]
      },
      "properties": {
        "lotNumber": "88118"
      }
    },
    {
      "type": "Feature",
      "geometry": {
        "type": "MultiPolygon",
        "coordinates": [
          [
            [
              [
                19.117621529876104,
                47.570174525124976
              ],
              [
                19.117620444875676,
                47.57017501328758
              ],
              [
                19.117618162240543,
                47.5701761532912
              ],
              [
                19.11761622945821,
                47.57017733290568
              ],
              [
                19.117614318873407,
                47.57017875210546
              ],
              [
                19.117612762840135,
                47.57018016401498
              ],
              [
                19.11761129757158,
                47.57018180798845
              ],
              [
                19.11761017795718,
                47.57018339804998
              ],
              [
                19.11760921419412,
                47.57018520375512
              ],
              [
                19.11760857393291,
                47.57018691099406
              ],
              [
                19.117608148633195,
                47.57018880918684
              ],
              [
                19.117608012277604,
                47.57019056813513
              ],
              [
                19.117608141750473,
                47.570192486024865
              ],
              [
                19.117608514529483,
                47.57019422923141
              ],
              [
                19.117609193810104,
                47.57019609327208
              ],
              [
                19.11761006142872,
                47.57019775388951
              ],
              [
                19.117611264468575,
                47.5701994926001
              ],
              [
                19.11761187415677,
                47.57020027184601
              ],
              [
                19.117743649076495,
                47.570350402977674
              ],
              [
                19.117744373801916,
                47.570351142881556
              ],
              [
                19.117746067325772,
                47.57035269924737
              ],
              [
                19.117747821424565,
                47.57035401650667
              ],
              [
                19.11774993321318,
                47.57035531778104
              ],
              [
                19.117752035085026,
                47.57035637655302
              ],
              [
                19.117754483061862,
                47.57035737216076
              ],
              [
                19.117756851015624,
                47.570358131295265
              ],
              [
                19.117759540037863,
                47.57035878254113
              ],
              [
                19.117762082040855,
                47.57035921253373
              ],
              [
                19.11776490759718,
                47.57035949410653
              ],
              [
                19.117767524852137,
                47.57035957824512
              ],
              [
                19.117770377124714,
                47.570359479201166
              ],
              [
                19.117772967909602,
                47.57035921421568
              ],
              [
                19.117775736042212,
                47.570358738404444
              ],
              [
                19.117778199663803,
                47.57035813459377
              ],
              [
                19.117780776070443,
                47.57035730050812
              ],
              [
                19.117781929976054,
                47.57035687838413
              ],
              [
                19.11821231970885,
                47.57018032533989
              ],
              [
                19.118213392205316,
                47.5701798355409
              ],
              [
                19.11821564800167,
                47.570178693382545
              ],
              [
                19.118217557180703,
                47.57017751431214
              ],
              [
                19.118219443672984,
                47.57017609827672
              ],
              [
                19.118220979545594,
                47.57017469142865
              ],
              [
                19.11822242539019,
                47.57017305506798
              ],
              [
                19.118223529872573,
                47.570171473646674
              ],
              [
                19.118224480390396,
                47.57016967884487
              ],
              [
                19.118225111713144,
                47.57016798265672
              ],
              [
                19.11822553095745,
                47.570166097289885
              ],
              [
                19.118225665245212,
                47.57016435048161
              ],
              [
                19.118225537361084,
                47.57016244585085
              ],
              [
                19.118225169535453,
                47.57016071448346
              ],
              [
                19.11822449935934,
                47.57015886261825
              ],
              [
                19.118223643330886,
                47.57015721216887
              ],
              [
                19.118222456207693,
                47.57015548310339
              ],
              [
                19.118221854541797,
                47.570154707913474
              ],
              [
                19.118092739258156,
                47.57000637463919
              ],
              [
                19.11809202029316,
                47.57000563457221
              ],
              [
                19.118090339519604,
                47.57000407729727
              ],
              [
                19.11808859737749,
                47.57000275816446
              ],
              [
                19.118086498693582,
                47.570001453671466
              ],
              [
                19.118084408708427,
                47.570000390843326
              ],
              [
                19.118081973313277,
                47.569999389603694
              ],
              [
                19.11807961634762,
                47.569998624201524
              ],
              [
                19.11807693846786,
                47.569997964953735
              ],
              [
                19.11807440571382,
                47.569997526591315
              ],
              [
                19.118071588957864,
                47.56999723484196
              ],
              [
                19.118068978408875,
                47.56999714047972
              ],
              [
                19.118066131758333,
                47.5699972275167
              ],
              [
                19.11806354441774,
                47.569997480805554
              ],
              [
                19.118060778010822,
                47.56999794326136
              ],
              [
                19.118058313984047,
                47.56999853440147
              ],
              [
                19.118055734854337,
                47.56999935438352
              ],
              [
                19.118054579164735,
                47.5699997699902
              ],
              [
                19.117621529876104,
                47.570174525124976
              ]
            ]
          ]
        ]
      },
      "properties": {
        "lotNumber": "88119"
      }
    },
    {
      "type": "Feature",
      "geometry": {
        "type": "MultiPolygon",
        "coordinates": [
          [
            [
              [
                19.11787598210215,
                47.57049567505332
              ],
              [
                19.117876706496812,
                47.57049641213774
              ],
              [
                19.117877963894262,
                47.57049756428967
              ],
              [
                19.117879715323706,
                47.570498876543375
              ],
              [
                19.11788128150084,
                47.57049983994707
              ],
              [
                19.117883378447083,
                47.57050089494742
              ],
              [
                19.117885192870958,
                47.57050163236712
              ],
              [
                19.117887554286742,
                47.57050238933814
              ],
              [
                19.11788954682961,
                47.570502872272556
              ],
              [
                19.117892081445884,
                47.57050330195718
              ],
              [
                19.117894175095653,
                47.57050351174075
              ],
              [
                19.117896784949092,
                47.57050359753161
              ],
              [
                19.11789889878588,
                47.5705035260562
              ],
              [
                19.11790148300524,
                47.5705032646375
              ],
              [
                19.117903535328928,
                47.570502914665646
              ],
              [
                19.117905994033727,
                47.570502316141216
              ],
              [
                19.117907905521673,
                47.57050170119936
              ],
              [
                19.117909057817588,
                47.57050128226374
              ],
              [
                19.118342106458844,
                47.57032472714784
              ],
              [
                19.11834319229992,
                47.5703242335904
              ],
              [
                19.118344889035885,
                47.57032337745474
              ],
              [
                19.118346820107035,
                47.570322186268264
              ],
              [
                19.1183482365563,
                47.57032112202721
              ],
              [
                19.11834978595336,
                47.570319698183766
              ],
              [
                19.11835086737169,
                47.570318466969105
              ],
              [
                19.11835197521214,
                47.57031686549875
              ],
              [
                19.118352679803905,
                47.570315514895654
              ],
              [
                19.11835330327096,
                47.57031379769356
              ],
              [
                19.118353603804508,
                47.5703123799014
              ],
              [
                19.11835371880193,
                47.57031061333554
              ],
              [
                19.118353603662023,
                47.57030918315046
              ],
              [
                19.118353205745358,
                47.57030743549675
              ],
              [
                19.118352679382113,
                47.5703060481939
              ],
              [
                19.118351783930514,
                47.57030438699727
              ],
              [
                19.11835086668737,
                47.57030309619436
              ],
              [
                19.118350242481622,
                47.57030231828076
              ],
              [
                19.11821847069686,
                47.57015578568005
              ],
              [
                19.118217739657524,
                47.57015505587184
              ],
              [
                19.118216472697423,
                47.57015391565741
              ],
              [
                19.118214712415096,
                47.57015261838743
              ],
              [
                19.118213141418394,
                47.57015166712134
              ],
              [
                19.118211041332895,
                47.570150626870884
              ],
              [
                19.118209226536393,
                47.57014990102758
              ],
              [
                19.11820686717136,
                47.57014915768294
              ],
              [
                19.118204878159826,
                47.570148685093436
              ],
              [
                19.118202349980425,
                47.57014826715671
              ],
              [
                19.11820026301855,
                47.57014806594152
              ],
              [
                19.118197662962793,
                47.570147989437594
              ],
              [
                19.118195558070976,
                47.57014806731187
              ],
              [
                19.118192985832806,
                47.57014833517424
              ],
              [
                19.11819094371892,
                47.57014868915212
              ],
              [
                19.118188497925686,
                47.570149291110006
              ],
              [
                19.11818659689052,
                47.570149907618834
              ],
              [
                19.11818545100631,
                47.57015032715032
              ],
              [
                19.117755061427925,
                47.57032688009609
              ],
              [
                19.11775398537041,
                47.57032737169078
              ],
              [
                19.117752303722426,
                47.57032822372544
              ],
              [
                19.11775038916918,
                47.57032940768444
              ],
              [
                19.11774898403861,
                47.570330464512395
              ],
              [
                19.11774744568652,
                47.570331877555475
              ],
              [
                19.117746370576715,
                47.57033309893575
              ],
              [
                19.117745267001833,
                47.57033468725826
              ],
              [
                19.117744562849936,
                47.57033602668423
              ],
              [
                19.117743936073303,
                47.57033772980741
              ],
              [
                19.11774362969146,
                47.570339136277504
              ],
              [
                19.117743503579007,
                47.57034088935137
              ],
              [
                19.117743606633436,
                47.57034230931134
              ],
              [
                19.117743985987268,
                47.570344045583845
              ],
              [
                19.117744494554017,
                47.57034542496557
              ],
              [
                19.1177453649295,
                47.570347078324374
              ],
              [
                19.117746259643873,
                47.570348364604996
              ],
              [
                19.117746869308597,
                47.57034914032816
              ],
              [
                19.11787598210215,
                47.57049567505332
              ]
            ]
          ]
        ]
      },
      "properties": {
        "lotNumber": "88120"
      }
    },
    {
      "type": "Feature",
      "geometry": {
        "type": "MultiPolygon",
        "coordinates": [
          [
            [
              [
                19.118353739970487,
                47.57030101784814
              ],
              [
                19.118353013966065,
                47.57030028331949
              ],
              [
                19.118351287903028,
                47.570298710118195
              ],
              [
                19.118349534887624,
                47.57029740292809
              ],
              [
                19.118347388039197,
                47.570296088173286
              ],
              [
                19.11834529152857,
                47.570295037869094
              ],
              [
                19.118342806586544,
                47.57029403220208
              ],
              [
                19.118340447333583,
                47.57029327923912
              ],
              [
                19.11833772001232,
                47.57029262139598
              ],
              [
                19.118335188890118,
                47.57029219477667
              ],
              [
                19.118332324239848,
                47.57029191009602
              ],
              [
                19.118329718741474,
                47.57029182625277
              ],
              [
                19.118326827102024,
                47.57029192569981
              ],
              [
                19.118324247585353,
                47.57029218786206
              ],
              [
                19.11832144033609,
                47.570292667606324
              ],
              [
                19.11831898615825,
                47.57029326567628
              ],
              [
                19.118316371428044,
                47.57029410723914
              ],
              [
                19.118315221171642,
                47.57029452552499
              ],
              [
                19.11788217268792,
                47.57047108054178
              ],
              [
                19.117881087473005,
                47.570471573775166
              ],
              [
                19.117878763595986,
                47.57047274618912
              ],
              [
                19.11787683346195,
                47.570473936495446
              ],
              [
                19.117874893167443,
                47.57047539377996
              ],
              [
                19.117873344185625,
                47.57047681651068
              ],
              [
                19.117871862373708,
                47.57047850241104
              ],
              [
                19.1178707543386,
                47.57048010264545
              ],
              [
                19.117869788210857,
                47.57048195208187
              ],
              [
                19.117869163895364,
                47.57048366804698
              ],
              [
                19.117868750746737,
                47.570485609626814
              ],
              [
                19.11786863425103,
                47.57048737508222
              ],
              [
                19.11786879003018,
                47.570489333855775
              ],
              [
                19.11786918585139,
                47.57049108065073
              ],
              [
                19.117869904544982,
                47.570492981004584
              ],
              [
                19.117870797403555,
                47.57049464170849
              ],
              [
                19.11787205126838,
                47.570496410284406
              ],
              [
                19.117872674033915,
                47.57049718811992
              ],
              [
                19.118005777159368,
                47.57064551922119
              ],
              [
                19.118006511706373,
                47.570646253583334
              ],
              [
                19.118008257046746,
                47.570647825570234
              ],
              [
                19.118010027850854,
                47.57064913010706
              ],
              [
                19.118012194589443,
                47.570650440116594
              ],
              [
                19.118014308844625,
                47.57065148448551
              ],
              [
                19.118016812940674,
                47.57065248170663
              ],
              [
                19.118019188641824,
                47.57065322539988
              ],
              [
                19.118021932969576,
                47.57065387115362
              ],
              [
                19.118024477970902,
                47.57065428532575
              ],
              [
                19.118027356086706,
                47.570654554565394
              ],
              [
                19.11802997167583,
                47.570654623151995
              ],
              [
                19.11803287194684,
                47.5706545054346
              ],
              [
                19.11803545667346,
                47.570654225775435
              ],
              [
                19.118038266607496,
                47.5706537256669
              ],
              [
                19.118040720218392,
                47.57065310860904
              ],
              [
                19.11804333082716,
                47.570652245506956
              ],
              [
                19.118044478422725,
                47.57065181744365
              ],
              [
                19.11847353703068,
                47.570472565860676
              ],
              [
                19.118474603559164,
                47.57047207020104
              ],
              [
                19.118476886598135,
                47.570470894545934
              ],
              [
                19.11847878147611,
                47.57046970507776
              ],
              [
                19.118480685135143,
                47.570468252624785
              ],
              [
                19.118482204021976,
                47.57046683746026
              ],
              [
                19.11848365631546,
                47.570465163133115
              ],
              [
                19.118484741775468,
                47.57046357578574
              ],
              [
                19.118485687785924,
                47.570461742898026
              ],
              [
                19.118486298773217,
                47.570460043392345
              ],
              [
                19.118486702727964,
                47.57045812125356
              ],
              [
                19.118486816138542,
                47.57045637385533
              ],
              [
                19.118486662762407,
                47.570454435149855
              ],
              [
                19.11848627430783,
                47.57045270593574
              ],
              [
                19.11848556940075,
                47.57045082397448
              ],
              [
                19.118484693770274,
                47.57044917833366
              ],
              [
                19.11848346398795,
                47.57044742428176
              ],
              [
                19.11848285313912,
                47.57044665243683
              ],
              [
                19.118353739970487,
                47.57030101784814
              ]
            ]
          ]
        ]
      },
      "properties": {
        "lotNumber": "88121"
      }
    },
    {
      "type": "Feature",
      "geometry": {
        "type": "MultiPolygon",
        "coordinates": [
          [
            [
              [
                19.118481773594773,
                47.57044718337349
              ],
              [
                19.118481044851567,
                47.57044643979461
              ],
              [
                19.11847946646202,
                47.570444990812256
              ],
              [
                19.11847770135624,
                47.570443668020125
              ],
              [
                19.118475731775565,
                47.57044245810969
              ],
              [
                19.118473615911586,
                47.57044139682795
              ],
              [
                19.11847133247664,
                47.57044047349737
              ],
              [
                19.1184689489352,
                47.570439715397896
              ],
              [
                19.118466441306513,
                47.570439114902314
              ],
              [
                19.11846388367887,
                47.57043868975234
              ],
              [
                19.11846125032004,
                47.570438435670546
              ],
              [
                19.11845861903302,
                47.57043836016387
              ],
              [
                19.1184559633445,
                47.57043846247262
              ],
              [
                19.118453361717208,
                47.57043873957402
              ],
              [
                19.118450787976244,
                47.57043919425605
              ],
              [
                19.118448318163185,
                47.570439813085
              ],
              [
                19.118445927429303,
                47.570440602286915
              ],
              [
                19.118444772567326,
                47.57044103275743
              ],
              [
                19.11801571411767,
                47.5706202842352
              ],
              [
                19.11801466628978,
                47.57062077027471
              ],
              [
                19.118012623763413,
                47.570621818208885
              ],
              [
                19.118010757067267,
                47.57062298168828
              ],
              [
                19.118009046091025,
                47.57062427324736
              ],
              [
                19.11800754019115,
                47.570625655628504
              ],
              [
                19.118006223144285,
                47.57062714372451
              ],
              [
                19.118005132943228,
                47.570628694608175
              ],
              [
                19.11800425784304,
                47.57063032498768
              ],
              [
                19.118003623087713,
                47.570631987831476
              ],
              [
                19.11800322183892,
                47.57063370105368
              ],
              [
                19.118003065671484,
                47.57063541523306
              ],
              [
                19.118003152903007,
                47.57063714883687
              ],
              [
                19.118003481017148,
                47.570638851855925
              ],
              [
                19.118004053548773,
                47.57064054263714
              ],
              [
                19.11800485398211,
                47.57064217240666
              ],
              [
                19.118005890940413,
                47.57064375872234
              ],
              [
                19.118006459805024,
                47.570644527405605
              ],
              [
                19.11812892976847,
                47.57079196528969
              ],
              [
                19.118129635715167,
                47.570792723967344
              ],
              [
                19.118131170908473,
                47.57079420465174
              ],
              [
                19.118132899013563,
                47.57079556098567
              ],
              [
                19.118134837250736,
                47.570796806484715
              ],
              [
                19.11813692817178,
                47.570797904233025
              ],
              [
                19.118139192612386,
                47.57079886516951
              ],
              [
                19.118141563455875,
                47.57079966081253
              ],
              [
                19.118144064327296,
                47.57080029909057
              ],
              [
                19.118146621102273,
                47.57080076108544
              ],
              [
                19.118149259258665,
                47.570801051400814
              ],
              [
                19.118151900603028,
                47.57080116143193
              ],
              [
                19.118154571455918,
                47.570801092275204
              ],
              [
                19.11815719265481,
                47.570800845980465
              ],
              [
                19.118159790319506,
                47.57080042009337
              ],
              [
                19.118162287456745,
                47.57079982723693
              ],
              [
                19.118164708950065,
                47.57079906150353
              ],
              [
                19.118165879757264,
                47.57079864194477
              ],
              [
                19.11860424632127,
                47.5706220826584
              ],
              [
                19.118605332505258,
                47.57062159482816
              ],
              [
                19.11860744999615,
                47.57062053904891
              ],
              [
                19.11860938511727,
                47.570619359755355
              ],
              [
                19.118611157768314,
                47.57061804482029
              ],
              [
                19.1186127159626,
                47.57061663280687
              ],
              [
                19.118614075723737,
                47.57061510919485
              ],
              [
                19.118615197173913,
                47.57061351866728
              ],
              [
                19.118616091845503,
                47.57061184486806
              ],
              [
                19.11861673350042,
                47.57061013688488
              ],
              [
                19.118617128737114,
                47.57060837715375
              ],
              [
                19.118617265964463,
                47.57060661728252
              ],
              [
                19.11861714659366,
                47.570604839173605
              ],
              [
                19.11861677412554,
                47.57060309497376
              ],
              [
                19.118616144729856,
                47.570601366746615
              ],
              [
                19.118615276864986,
                47.570599705176036
              ],
              [
                19.118614161606313,
                47.570598093175406
              ],
              [
                19.118613551598767,
                47.570597313501246
              ],
              [
                19.118481773594773,
                47.57044718337349
              ]
            ]
          ]
        ]
      },
      "properties": {
        "lotNumber": "88122"
      }
    },
    {
      "type": "Feature",
      "geometry": {
        "type": "MultiPolygon",
        "coordinates": [
          [
            [
              [
                19.11805372970157,
                47.570626544445815
              ],
              [
                19.11805361854417,
                47.570626413221866
              ],
              [
                19.118053377195285,
                47.570626133776
              ],
              [
                19.11805326279298,
                47.570626003835585
              ],
              [
                19.117920159583463,
                47.5704776727882
              ],
              [
                19.11791943496815,
                47.57047694737911
              ],
              [
                19.117917776445676,
                47.57047544970103
              ],
              [
                19.117916032666038,
                47.57047415862988
              ],
              [
                19.1179139771822,
                47.57047290650725
              ],
              [
                19.117911897140917,
                47.57047186825207
              ],
              [
                19.117909522428256,
                47.570470909036636
              ],
              [
                19.117907184786553,
                47.570470162861284
              ],
              [
                19.117904580649892,
                47.57046953282779
              ],
              [
                19.117902073810644,
                47.57046910695041
              ],
              [
                19.117899338730936,
                47.57046882992489
              ],
              [
                19.1178967574956,
                47.57046874045103
              ],
              [
                19.117893994905668,
                47.570468826909796
              ],
              [
                19.117891436889103,
                47.57046907722302
              ],
              [
                19.117888751262132,
                47.57046952389648
              ],
              [
                19.117886313201154,
                47.570470104530706
              ],
              [
                19.117883806099815,
                47.5704708945269
              ],
              [
                19.117882661139607,
                47.570471302320904
              ],
              [
                19.117666133463825,
                47.5705577802974
              ],
              [
                19.117665043708577,
                47.5705582658528
              ],
              [
                19.117662792524,
                47.57055937981078
              ],
              [
                19.117660849585988,
                47.570560555482395
              ],
              [
                19.117658962917993,
                47.57056194533852
              ],
              [
                19.117657396366106,
                47.57056335501115
              ],
              [
                19.117655946766693,
                47.570564967318425
              ],
              [
                19.117654816842855,
                47.570566556783014
              ],
              [
                19.117653860056564,
                47.57056832954006
              ],
              [
                19.117653210212165,
                47.57057003767355
              ],
              [
                19.117652783032387,
                47.57057190270884
              ],
              [
                19.117652638257347,
                47.570573663824945
              ],
              [
                19.11765275711143,
                47.57057554941832
              ],
              [
                19.117653122973188,
                47.5705772957931
              ],
              [
                19.1176537832907,
                47.570579129433945
              ],
              [
                19.117654645720112,
                47.57058079391036
              ],
              [
                19.11765582210857,
                47.57058250508579
              ],
              [
                19.117656429888076,
                47.57058328641818
              ],
              [
                19.117914660369816,
                47.570879054279146
              ],
              [
                19.11791538057128,
                47.57087979349437
              ],
              [
                19.117917032983286,
                47.57088132030693
              ],
              [
                19.117918777122178,
                47.57088263756439
              ],
              [
                19.117920839082654,
                47.570883916024364
              ],
              [
                19.117922930401193,
                47.57088497683322
              ],
              [
                19.117925322177747,
                47.57088595750474
              ],
              [
                19.117927679808286,
                47.570886720845266
              ],
              [
                19.11793030891508,
                47.57088736580752
              ],
              [
                19.117932841692124,
                47.5708878021627
              ],
              [
                19.117935606466133,
                47.57088808647606
              ],
              [
                19.117938216451577,
                47.5708881789728
              ],
              [
                19.11794100998375,
                47.57088809164334
              ],
              [
                19.117943596253923,
                47.57088783670492
              ],
              [
                19.117946310523177,
                47.57088738110956
              ],
              [
                19.117948773071475,
                47.57088678859406
              ],
              [
                19.117951303121696,
                47.57088598234985
              ],
              [
                19.11795245795363,
                47.57088556617151
              ],
              [
                19.11816632832153,
                47.57079908926856
              ],
              [
                19.11816739615218,
                47.570798608727166
              ],
              [
                19.118169602769814,
                47.57079750824322
              ],
              [
                19.118171508968288,
                47.57079635004069
              ],
              [
                19.11817336262789,
                47.57079498350809
              ],
              [
                19.118174905086413,
                47.570793599333165
              ],
              [
                19.11817633692377,
                47.570792017519125
              ],
              [
                19.118177458339424,
                47.57079045879452
              ],
              [
                19.118178415161236,
                47.570788720464215
              ],
              [
                19.11817907387299,
                47.57078704509721
              ],
              [
                19.118179520133012,
                47.570785214830266
              ],
              [
                19.11817969166957,
                47.57078348506142
              ],
              [
                19.118179610789156,
                47.570781630853126
              ],
              [
                19.118179288777956,
                47.57077991094411
              ],
              [
                19.118178683761943,
                47.57077810167897
              ],
              [
                19.11817788016592,
                47.57077645552512
              ],
              [
                19.118176773491022,
                47.57077475841808
              ],
              [
                19.118176199755144,
                47.57077398228059
              ],
              [
                19.11805372970157,
                47.570626544445815
              ]
            ]
          ]
        ]
      },
      "properties": {
        "lotNumber": "88123"
      }
    },
    {
      "type": "Feature",
      "geometry": {
        "type": "MultiPolygon",
        "coordinates": [
          [
            [
              [
                19.11770162858584,
                47.570565213095115
              ],
              [
                19.117700911048715,
                47.570564476334454
              ],
              [
                19.11769955734972,
                47.570563224626554
              ],
              [
                19.117697820514305,
                47.57056191108186
              ],
              [
                19.11769613209259,
                47.57056086207567
              ],
              [
                19.117694050071307,
                47.57055980298795
              ],
              [
                19.117692091768657,
                47.57055899696938
              ],
              [
                19.11768974451901,
                47.570558233011624
              ],
              [
                19.117687591541628,
                47.5705577009347
              ],
              [
                19.117685069206843,
                47.570557261445764
              ],
              [
                19.11768280423717,
                47.57055702374429
              ],
              [
                19.117680203684372,
                47.57055692560225
              ],
              [
                19.11767791370574,
                47.570556991404835
              ],
              [
                19.11767533480594,
                47.57055723837858
              ],
              [
                19.117673107762144,
                47.5705576051582
              ],
              [
                19.11767064955477,
                47.57055818776314
              ],
              [
                19.11766857097265,
                47.57055884143403
              ],
              [
                19.11766741691203,
                47.570559252089495
              ],
              [
                19.117450888524296,
                47.570645729660065
              ],
              [
                19.117449797255038,
                47.57064621596085
              ],
              [
                19.117447943352275,
                47.570647133595344
              ],
              [
                19.117445998120115,
                47.570648311313725
              ],
              [
                19.117444444958203,
                47.57064945644723
              ],
              [
                19.117442877334568,
                47.570650868728585
              ],
              [
                19.117441684811304,
                47.57065219719902
              ],
              [
                19.117440555251715,
                47.57065378957869
              ],
              [
                19.11743976935687,
                47.57065525015344
              ],
              [
                19.117439121422926,
                47.57065696122117
              ],
              [
                19.117438772464645,
                47.57065849757321
              ],
              [
                19.117438631144044,
                47.57066026134165
              ],
              [
                19.117438732580002,
                47.57066181422144
              ],
              [
                19.11743910332287,
                47.57066356267072
              ],
              [
                19.117439651241266,
                47.570665072191325
              ],
              [
                19.117440519749977,
                47.57066673789234
              ],
              [
                19.117441493020383,
                47.57066814583903
              ],
              [
                19.117442104189475,
                47.57066892739099
              ],
              [
                19.11770166298582,
                47.570964694927945
              ],
              [
                19.11770238319645,
                47.57096543079336
              ],
              [
                19.11770374150089,
                47.57096668076021
              ],
              [
                19.11770548331348,
                47.57096799195709
              ],
              [
                19.11770717583912,
                47.57096903858567
              ],
              [
                19.11770926215499,
                47.57097009463725
              ],
              [
                19.117711223865882,
                47.5709708977104
              ],
              [
                19.11771357451753,
                47.5709716580375
              ],
              [
                19.117715730034153,
                47.570972186696906
              ],
              [
                19.117718254696847,
                47.570972622083595
              ],
              [
                19.11772052119261,
                47.57097285601525
              ],
              [
                19.117723122855164,
                47.5709729497316
              ],
              [
                19.117725413239025,
                47.57097287994663
              ],
              [
                19.11772799193147,
                47.57097262839158
              ],
              [
                19.1177302181945,
                47.57097225757145
              ],
              [
                19.117732674829522,
                47.57097167041116
              ],
              [
                19.117734751426642,
                47.570971012804755
              ],
              [
                19.11773590418924,
                47.570970599939926
              ],
              [
                19.117951104347984,
                47.570884122641864
              ],
              [
                19.117952190366108,
                47.5708836359955
              ],
              [
                19.117954035228394,
                47.5708827182475
              ],
              [
                19.11795597075513,
                47.57088154148901
              ],
              [
                19.117957516061765,
                47.570880398087354
              ],
              [
                19.117959075730663,
                47.57087898868447
              ],
              [
                19.11796026225974,
                47.570877663448684
              ],
              [
                19.117961386298507,
                47.57087607541508
              ],
              [
                19.11796216857785,
                47.570874619133036
              ],
              [
                19.11796281390921,
                47.57087291332812
              ],
              [
                19.117963161959032,
                47.57087138180998
              ],
              [
                19.117963303851546,
                47.57086962360651
              ],
              [
                19.11796320433337,
                47.57086807554587
              ],
              [
                19.117962837349292,
                47.57086633232471
              ],
              [
                19.117962294077092,
                47.57086482704895
              ],
              [
                19.117961432280715,
                47.57086316561689
              ],
              [
                19.117960466074788,
                47.570861760813784
              ],
              [
                19.117959859232094,
                47.570860980856615
              ],
              [
                19.11770162858584,
                47.570565213095115
              ]
            ]
          ]
        ]
      },
      "properties": {
        "lotNumber": "88124"
      }
    },
    {
      "type": "Feature",
      "geometry": {
        "type": "MultiPolygon",
        "coordinates": [
          [
            [
              [
                19.117735846377848,
                47.57097041382438
              ],
              [
                19.11773692880828,
                47.57096992496073
              ],
              [
                19.117738725372746,
                47.57096902452247
              ],
              [
                19.117740653086514,
                47.57096784426425
              ],
              [
                19.11774215629664,
                47.5709667243891
              ],
              [
                19.11774370766366,
                47.57096531277005
              ],
              [
                19.117744860014504,
                47.5709640162986
              ],
              [
                19.11774597568763,
                47.570962427319905
              ],
              [
                19.117746733096364,
                47.57096100384835
              ],
              [
                19.117747370395872,
                47.57095929829599
              ],
              [
                19.11774770388807,
                47.57095780227892
              ],
              [
                19.1177478384343,
                47.57095604539837
              ],
              [
                19.117747735252372,
                47.57095453406552
              ],
              [
                19.117747361898388,
                47.570952793065814
              ],
              [
                19.117746825989617,
                47.57095132423287
              ],
              [
                19.117745959018077,
                47.57094966571553
              ],
              [
                19.11774501088359,
                47.570948295572286
              ],
              [
                19.117744401947874,
                47.57094751726226
              ],
              [
                19.117484842996838,
                47.570651749819795
              ],
              [
                19.117484117446455,
                47.5706510090358
              ],
              [
                19.117482779644153,
                47.57064977967034
              ],
              [
                19.11748102319705,
                47.57064846104609
              ],
              [
                19.117479354657856,
                47.570647433449274
              ],
              [
                19.11747724972311,
                47.57064637397919
              ],
              [
                19.117475315448015,
                47.570645588182934
              ],
              [
                19.117472944027178,
                47.57064482914051
              ],
              [
                19.117470819369366,
                47.570644315756965
              ],
              [
                19.117468273845407,
                47.5706438867121
              ],
              [
                19.117466041574744,
                47.570643665740945
              ],
              [
                19.117463421113126,
                47.570643583407886
              ],
              [
                19.11746116819172,
                47.5706436634575
              ],
              [
                19.117458574877208,
                47.570643931043655
              ],
              [
                19.117456389071656,
                47.57064430899549
              ],
              [
                19.11745392393148,
                47.57064491607659
              ],
              [
                19.11745189039375,
                47.57064557720694
              ],
              [
                19.11745073619897,
                47.570646001162295
              ],
              [
                19.117234210604366,
                47.570735176704666
              ],
              [
                19.11723313878265,
                47.57073566807976
              ],
              [
                19.117231360372575,
                47.57073657192986
              ],
              [
                19.117229453354135,
                47.5707377540858
              ],
              [
                19.11722796725278,
                47.57073887389801
              ],
              [
                19.117226434616665,
                47.570740283602525
              ],
              [
                19.117225297089444,
                47.570741576979586
              ],
              [
                19.117224196862967,
                47.57074316085974
              ],
              [
                19.117223450977935,
                47.57074457883299
              ],
              [
                19.1172228248169,
                47.57074627692141
              ],
              [
                19.117222498814126,
                47.570747765804825
              ],
              [
                19.11722237042576,
                47.570749513810135
              ],
              [
                19.117222476648145,
                47.570751017233015
              ],
              [
                19.117222850893455,
                47.57075274897373
              ],
              [
                19.11722338531938,
                47.57075421001483
              ],
              [
                19.11722424802912,
                47.57075585992546
              ],
              [
                19.11722519042471,
                47.570757223268195
              ],
              [
                19.117225795439765,
                47.57075799782921
              ],
              [
                19.117484023194635,
                47.5710528671773
              ],
              [
                19.11748474465918,
                47.571053605571166
              ],
              [
                19.117486074810003,
                47.571054831258905
              ],
              [
                19.117487821019843,
                47.57105614668583
              ],
              [
                19.117489479804373,
                47.57105717257522
              ],
              [
                19.11749157255076,
                47.57105823138334
              ],
              [
                19.117493495857833,
                47.57105901782423
              ],
              [
                19.117495854257168,
                47.571059779091094
              ],
              [
                19.117497967751923,
                47.57106029568796
              ],
              [
                19.11750050065323,
                47.57106072999097
              ],
              [
                19.117502722650126,
                47.57106095677758
              ],
              [
                19.117505332158007,
                47.5710610473311
              ],
              [
                19.117507576777943,
                47.5710609755423
              ],
              [
                19.117510162036172,
                47.57106071884653
              ],
              [
                19.11751234252567,
                47.57106035125685
              ],
              [
                19.117514803615272,
                47.57105975723294
              ],
              [
                19.117516835699472,
                47.57105910804961
              ],
              [
                19.117517989666162,
                47.57105869122587
              ],
              [
                19.117735846377848,
                47.57097041382438
              ]
            ]
          ]
        ]
      },
      "properties": {
        "lotNumber": "88125"
      }
    },
    {
      "type": "Feature",
      "geometry": {
        "type": "MultiPolygon",
        "coordinates": [
          [
            [
              [
                19.117018085152715,
                47.570822359330094
              ],
              [
                19.11701700426481,
                47.57082285335778
              ],
              [
                19.11701491924644,
                47.57082391073257
              ],
              [
                19.11701299741332,
                47.57082510132111
              ],
              [
                19.117011257273735,
                47.57082641365746
              ],
              [
                19.117009715586203,
                47.57082783510296
              ],
              [
                19.117008387198023,
                47.57082935196848
              ],
              [
                19.117007284902304,
                47.57083094964569
              ],
              [
                19.117006419314773,
                47.57083261274813
              ],
              [
                19.117005798771533,
                47.5708343252592
              ],
              [
                19.11700542924878,
                47.570836070686454
              ],
              [
                19.117005314305242,
                47.57083783222056
              ],
              [
                19.117005455047913,
                47.57083959289692
              ],
              [
                19.117005850121387,
                47.570841335759276
              ],
              [
                19.11700649572093,
                47.5708430440229
              ],
              [
                19.11700738562906,
                47.570844701236275
              ],
              [
                19.117008511275518,
                47.57084629143953
              ],
              [
                19.117009131817227,
                47.570847067829256
              ],
              [
                19.117270012325438,
                47.571138338232764
              ],
              [
                19.117270735930358,
                47.57113906393066
              ],
              [
                19.117272283962027,
                47.571140464282166
              ],
              [
                19.11727402582705,
                47.57114175615407
              ],
              [
                19.117275945023774,
                47.57114292730763
              ],
              [
                19.11727802337056,
                47.57114396664789
              ],
              [
                19.117280241178037,
                47.57114486432853
              ],
              [
                19.117282577435667,
                47.57114561184535
              ],
              [
                19.117285010010722,
                47.571146202116694
              ],
              [
                19.117287515858024,
                47.57114662955052
              ],
              [
                19.117290071238266,
                47.57114689009759
              ],
              [
                19.11729265194284,
                47.57114698128952
              ],
              [
                19.11729523352325,
                47.571146902262434
              ],
              [
                19.117297791522706,
                47.57114665376501
              ],
              [
                19.117300301707804,
                47.571146238151364
              ],
              [
                19.117302740298133,
                47.57114565935889
              ],
              [
                19.11730508419151,
                47.571144922870786
              ],
              [
                19.117306229625523,
                47.57114451598344
              ],
              [
                19.11751877534442,
                47.57105983999747
              ],
              [
                19.11751986750822,
                47.571059354441765
              ],
              [
                19.117521976099745,
                47.57105831309599
              ],
              [
                19.11752392339369,
                47.57105713665385
              ],
              [
                19.117525690566293,
                47.57105583648759
              ],
              [
                19.117527260534974,
                47.57105442516544
              ],
              [
                19.11752861812347,
                47.571052916330146
              ],
              [
                19.1175297502085,
                47.57105132456703
              ],
              [
                19.11753064584663,
                47.57104966526302
              ],
              [
                19.1175312963801,
                47.57104795445804
              ],
              [
                19.11753169552048,
                47.571046208689786
              ],
              [
                19.117531839409445,
                47.57104444483392
              ],
              [
                19.117531726656107,
                47.57104267994094
              ],
              [
                19.117531358350426,
                47.57104093107145
              ],
              [
                19.117530738052718,
                47.57103921513103
              ],
              [
                19.11752987175916,
                47.57103754870709
              ],
              [
                19.117528767843925,
                47.571035947908264
              ],
              [
                19.11752815767411,
                47.57103516589384
              ],
              [
                19.117269929759612,
                47.57074029664289
              ],
              [
                19.117269205637413,
                47.570739555792805
              ],
              [
                19.117267652947184,
                47.57073812604091
              ],
              [
                19.11726589944588,
                47.570736806904016
              ],
              [
                19.117263962234546,
                47.57073561124701
              ],
              [
                19.11726186020587,
                47.570734550730606
              ],
              [
                19.11725961385991,
                47.570733635697444
              ],
              [
                19.117257245104184,
                47.57073287507143
              ],
              [
                19.117254777040007,
                47.570732276270526
              ],
              [
                19.117252233737194,
                47.57073184513462
              ],
              [
                19.11724963999932,
                47.57073158586828
              ],
              [
                19.11724702112182,
                47.57073150100007
              ],
              [
                19.117244402645333,
                47.57073159135763
              ],
              [
                19.117241810106563,
                47.570731856059766
              ],
              [
                19.11723926878926,
                47.570732292524966
              ],
              [
                19.11723680347764,
                47.5707328964966
              ],
              [
                19.117234438214663,
                47.57073366208438
              ],
              [
                19.11723328354692,
                47.5707340844455
              ],
              [
                19.117018085152715,
                47.570822359330094
              ]
            ]
          ]
        ]
      },
      "properties": {
        "lotNumber": "88126"
      }
    },
    {
      "type": "Feature",
      "geometry": {
        "type": "MultiPolygon",
        "coordinates": [
          [
            [
              [
                19.117052673919137,
                47.57122632722963
              ],
              [
                19.117053399116475,
                47.57122705969343
              ],
              [
                19.117054874350004,
                47.571228402384726
              ],
              [
                19.117056624239982,
                47.57122970606514
              ],
              [
                19.117058457824186,
                47.57123082846633
              ],
              [
                19.117060549566105,
                47.57123187638355
              ],
              [
                19.117062671197836,
                47.571232735459525
              ],
              [
                19.117065024590254,
                47.57123348743444
              ],
              [
                19.11706735292201,
                47.571234050246574
              ],
              [
                19.117069877731268,
                47.57123447744692
              ],
              [
                19.11707232349027,
                47.57123472241591
              ],
              [
                19.117074922910223,
                47.571234808462066
              ],
              [
                19.11707739232126,
                47.57123472619525
              ],
              [
                19.11707996668506,
                47.571234467787995
              ],
              [
                19.11708236506607,
                47.571234061439725
              ],
              [
                19.11708481566754,
                47.571233468486895
              ],
              [
                19.117087051059897,
                47.57123275363732
              ],
              [
                19.117088200301247,
                47.57123233833054
              ],
              [
                19.11730605844549,
                47.57114406174443
              ],
              [
                19.11730714689302,
                47.57114356987111
              ],
              [
                19.117309142017955,
                47.571142568752045
              ],
              [
                19.117311078812087,
                47.57114138026594
              ],
              [
                19.117312745753875,
                47.571140134209934
              ],
              [
                19.117314301295693,
                47.571138712139245
              ],
              [
                19.117315575553405,
                47.571137269361444
              ],
              [
                19.117316689652544,
                47.571135668732175
              ],
              [
                19.117317521919908,
                47.57113408505965
              ],
              [
                19.1173181514673,
                47.571132367806754
              ],
              [
                19.117318509540482,
                47.571130704518445
              ],
              [
                19.1173186301764,
                47.571128937089625
              ],
              [
                19.11731850020016,
                47.57112725854506
              ],
              [
                19.117318107256796,
                47.57112550932948
              ],
              [
                19.117317494260547,
                47.571123880478574
              ],
              [
                19.117316602942623,
                47.57112221716066
              ],
              [
                19.11731553064582,
                47.571120701030374
              ],
              [
                19.11731490815247,
                47.57111992189503
              ],
              [
                19.11705402748785,
                47.570828651591285
              ],
              [
                19.117053301090344,
                47.570827923360184
              ],
              [
                19.117051824487834,
                47.57082658858631
              ],
              [
                19.11705007502258,
                47.57082529289337
              ],
              [
                19.117048243499923,
                47.57082417759599
              ],
              [
                19.11704615552428,
                47.57082313649683
              ],
              [
                19.11704403882061,
                47.57082228314323
              ],
              [
                19.117041691838697,
                47.57082153627983
              ],
              [
                19.117039370551986,
                47.57082097736326
              ],
              [
                19.117036853930088,
                47.570820553174094
              ],
              [
                19.117034416448227,
                47.570820309976455
              ],
              [
                19.117031826012024,
                47.570820224613364
              ],
              [
                19.117029365147257,
                47.57082030639499
              ],
              [
                19.117026799533058,
                47.57082056310838
              ],
              [
                19.117024408987987,
                47.5708209667552
              ],
              [
                19.11702196588695,
                47.57082155577017
              ],
              [
                19.1170197366866,
                47.57082226591246
              ],
              [
                19.117018590430103,
                47.5708226784984
              ],
              [
                19.116802061063318,
                47.57091005430563
              ],
              [
                19.116800972497984,
                47.570910544230074
              ],
              [
                19.116798976791735,
                47.570911541589666
              ],
              [
                19.11679703861557,
                47.57091272603115
              ],
              [
                19.116795369601178,
                47.57091396822411
              ],
              [
                19.116793811060283,
                47.57091538627502
              ],
              [
                19.116792533171775,
                47.5709168253452
              ],
              [
                19.116791414435262,
                47.5709184222602
              ],
              [
                19.116790577006885,
                47.5709200026509
              ],
              [
                19.1167899412648,
                47.57092171677941
              ],
              [
                19.11678957662642,
                47.570923377478046
              ],
              [
                19.116789448422313,
                47.57092514264446
              ],
              [
                19.116789570651264,
                47.57092681953798
              ],
              [
                19.116789954934692,
                47.5709285675962
              ],
              [
                19.11679055931229,
                47.57093019594647
              ],
              [
                19.116791441247695,
                47.570931859410855
              ],
              [
                19.116792504441392,
                47.57093337635373
              ],
              [
                19.11679312210804,
                47.57093415609788
              ],
              [
                19.117052673919137,
                47.57122632722963
              ]
            ]
          ]
        ]
      },
      "properties": {
        "lotNumber": "88127"
      }
    },
    {
      "type": "Feature",
      "geometry": {
        "type": "MultiPolygon",
        "coordinates": [
          [
            [
              [
                19.11708790722941,
                47.57123182777379
              ],
              [
                19.117088985716293,
                47.57123133496682
              ],
              [
                19.117090837443182,
                47.57123039634957
              ],
              [
                19.117092755665333,
                47.571229209085075
              ],
              [
                19.117094302008134,
                47.57122804450085
              ],
              [
                19.11709584205794,
                47.57122662726599
              ],
              [
                19.117097023864527,
                47.57122528126357
              ],
              [
                19.117098126830594,
                47.57122368827174
              ],
              [
                19.11709889889344,
                47.57122221233973
              ],
              [
                19.117099522584155,
                47.57122050452755
              ],
              [
                19.117099855369652,
                47.5712189551246
              ],
              [
                19.117099975927108,
                47.571217197820985
              ],
              [
                19.117099856705327,
                47.57121563421633
              ],
              [
                19.117099469517928,
                47.5712138946432
              ],
              [
                19.117098902849534,
                47.571212376649285
              ],
              [
                19.117098022728424,
                47.57121072135049
              ],
              [
                19.117097030290214,
                47.57120930703506
              ],
              [
                19.117096415194446,
                47.571208530969436
              ],
              [
                19.116836863229057,
                47.570916359934415
              ],
              [
                19.11683613936366,
                47.57091562867509
              ],
              [
                19.11683475997305,
                47.57091437276267
              ],
              [
                19.116833013713126,
                47.57091307089773
              ],
              [
                19.116831299643625,
                47.570912020585695
              ],
              [
                19.116829212504356,
                47.570910973499615
              ],
              [
                19.11682722925366,
                47.5709101689223
              ],
              [
                19.1168248809884,
                47.570909416626165
              ],
              [
                19.116822704340088,
                47.570908888527846
              ],
              [
                19.116820184680265,
                47.570908459768226
              ],
              [
                19.11681789780796,
                47.57090822832851
              ],
              [
                19.116815303034272,
                47.57090813948908
              ],
              [
                19.116812993323435,
                47.57090821355168
              ],
              [
                19.116810422586806,
                47.570908468027106
              ],
              [
                19.11680817829561,
                47.570908844761995
              ],
              [
                19.116805729828464,
                47.570909432828394
              ],
              [
                19.116803636715275,
                47.57091009783981
              ],
              [
                19.116802487852446,
                47.57091051042505
              ],
              [
                19.116583300733897,
                47.570998786850105
              ],
              [
                19.1165822091835,
                47.570999277325
              ],
              [
                19.116580334455563,
                47.57100021298263
              ],
              [
                19.116578391212585,
                47.571001399534666
              ],
              [
                19.11657682377586,
                47.57100256567675
              ],
              [
                19.116575261804822,
                47.571003986935
              ],
              [
                19.116574062443163,
                47.57100533833953
              ],
              [
                19.11657294231598,
                47.571006939188855
              ],
              [
                19.116572157539654,
                47.57100842344963
              ],
              [
                19.11657152269395,
                47.57101014181043
              ],
              [
                19.116571182935967,
                47.571011701369116
              ],
              [
                19.116571057990615,
                47.571013470604896
              ],
              [
                19.116571176426586,
                47.57101504498315
              ],
              [
                19.11657156622695,
                47.5710167964844
              ],
              [
                19.116572138264114,
                47.57101832462912
              ],
              [
                19.116573027694155,
                47.571019990474234
              ],
              [
                19.116574031149476,
                47.57102141312529
              ],
              [
                19.116574653172336,
                47.57102219353968
              ],
              [
                19.116706423720032,
                47.57116962743725
              ],
              [
                19.11670645202889,
                47.571169658964834
              ],
              [
                19.116706502588375,
                47.57116971501363
              ],
              [
                19.11670653108793,
                47.57116974646224
              ],
              [
                19.116838298888464,
                47.571314481822874
              ],
              [
                19.116839033075937,
                47.571315206452695
              ],
              [
                19.11684042978987,
                47.57131645007354
              ],
              [
                19.11684219309563,
                47.5713177371158
              ],
              [
                19.116843920091696,
                47.57131877350045
              ],
              [
                19.116846019160757,
                47.571319804301275
              ],
              [
                19.11684801068204,
                47.57132059398843
              ],
              [
                19.116850365590494,
                47.57132132929915
              ],
              [
                19.116852545808023,
                47.571321842220755
              ],
              [
                19.116855066890576,
                47.57132225404374
              ],
              [
                19.11685735279059,
                47.571322470669834
              ],
              [
                19.11685994405472,
                47.57132254332457
              ],
              [
                19.11686224859947,
                47.5713224554069
              ],
              [
                19.116864811380424,
                47.571322186126984
              ],
              [
                19.116867046822257,
                47.57132179701312
              ],
              [
                19.116869483539794,
                47.57132119605163
              ],
              [
                19.11687156476222,
                47.57132052055745
              ],
              [
                19.116872706567428,
                47.5713201023741
              ],
              [
                19.11708790722941,
                47.57123182777379
              ]
            ]
          ]
        ]
      },
      "properties": {
        "lotNumber": "88128"
      }
    },
    {
      "type": "Feature",
      "geometry": {
        "type": "MultiPolygon",
        "coordinates": [
          [
            [
              [
                19.116620939334815,
                47.571003247351015
              ],
              [
                19.116620214611633,
                47.57100251925608
              ],
              [
                19.116618384578796,
                47.571000861461606
              ],
              [
                19.116616638715385,
                47.57099956555664
              ],
              [
                19.116614368134904,
                47.57099817958201
              ],
              [
                19.116612283886596,
                47.57099713756603
              ],
              [
                19.116609659069013,
                47.570996076095675
              ],
              [
                19.116607315663366,
                47.570995327578316
              ],
              [
                19.116604436384616,
                47.57099463096139
              ],
              [
                19.116601922900397,
                47.57099420439567
              ],
              [
                19.11659889860912,
                47.57099389911232
              ],
              [
                19.116596310590168,
                47.57099381071309
              ],
              [
                19.11659325624726,
                47.5709939083679
              ],
              [
                19.116590692070677,
                47.57099416149545
              ],
              [
                19.11658772377936,
                47.5709946583763
              ],
              [
                19.11658528091593,
                47.5709952434086
              ],
              [
                19.116582511508422,
                47.570996120627846
              ],
              [
                19.116581364866136,
                47.57099653113163
              ],
              [
                19.116148301400155,
                47.57117038122901
              ],
              [
                19.11614721027376,
                47.57117086992777
              ],
              [
                19.11614472524031,
                47.57117210613706
              ],
              [
                19.116142781699686,
                47.571173288830124
              ],
              [
                19.116140702203786,
                47.571174830251
              ],
              [
                19.116139138254493,
                47.571176247475705
              ],
              [
                19.116137544715553,
                47.571178034497535
              ],
              [
                19.116136420839506,
                47.57117963144622
              ],
              [
                19.116135374883793,
                47.57118159496038
              ],
              [
                19.116134734544225,
                47.571183309874975
              ],
              [
                19.116134276621604,
                47.57118537394739
              ],
              [
                19.11613414458218,
                47.571187140507874
              ],
              [
                19.1161342924018,
                47.571189225315585
              ],
              [
                19.11613467376892,
                47.57119097520451
              ],
              [
                19.11613542161436,
                47.57119300012277
              ],
              [
                19.11613630163969,
                47.571194665667505
              ],
              [
                19.116137620589978,
                47.57119655238748
              ],
              [
                19.11613823768648,
                47.571197333205575
              ],
              [
                19.116267346942738,
                47.571342970231285
              ],
              [
                19.116268066001222,
                47.5713436984494
              ],
              [
                19.116269882451547,
                47.57134535712362
              ],
              [
                19.116271616533737,
                47.571346654796436
              ],
              [
                19.116273873115748,
                47.57134804411114
              ],
              [
                19.116275945616437,
                47.571349090045445
              ],
              [
                19.11627855694803,
                47.57135015743318
              ],
              [
                19.11628088945013,
                47.57135091205389
              ],
              [
                19.11628375672648,
                47.57135161712795
              ],
              [
                19.116286260975247,
                47.57135205188254
              ],
              [
                19.116289275707377,
                47.57135236796513
              ],
              [
                19.116291856949644,
                47.57135246640386
              ],
              [
                19.116294905069243,
                47.571352381535284
              ],
              [
                19.11629746563866,
                47.5713521399335
              ],
              [
                19.116300431814153,
                47.571351657324996
              ],
              [
                19.11630287482655,
                47.57135108482414
              ],
              [
                19.11630564682688,
                47.5713502227361
              ],
              [
                19.116306795091763,
                47.57134981869803
              ],
              [
                19.116742520024896,
                47.57117776536697
              ],
              [
                19.116743623603845,
                47.57117727843919
              ],
              [
                19.116746137599765,
                47.571176044867094
              ],
              [
                19.116748104709554,
                47.5711748618649
              ],
              [
                19.116750210287105,
                47.57117331726702
              ],
              [
                19.116751794421273,
                47.57117189516736
              ],
              [
                19.116753409034768,
                47.57117010009713
              ],
              [
                19.11675454808999,
                47.571168494651076
              ],
              [
                19.11675560844124,
                47.5711665194813
              ],
              [
                19.116756257762805,
                47.57116479362774
              ],
              [
                19.1167567222826,
                47.57116271579173
              ],
              [
                19.11675685641502,
                47.57116093718991
              ],
              [
                19.11675670689274,
                47.57115883814584
              ],
              [
                19.116756320577704,
                47.5711570765229
              ],
              [
                19.11675556287527,
                47.57115503856026
              ],
              [
                19.116754671257723,
                47.57115336297778
              ],
              [
                19.116753335079704,
                47.571151465991534
              ],
              [
                19.116752709964327,
                47.571150681196585
              ],
              [
                19.116620939334815,
                47.571003247351015
              ]
            ]
          ]
        ]
      },
      "properties": {
        "lotNumber": "88129"
      }
    },
    {
      "type": "Feature",
      "geometry": {
        "type": "MultiPolygon",
        "coordinates": [
          [
            [
              [
                19.116400308431036,
                47.57148999932456
              ],
              [
                19.116401032951245,
                47.57149072723358
              ],
              [
                19.116402707403434,
                47.571492244167025
              ],
              [
                19.116404452715436,
                47.571493539792705
              ],
              [
                19.11640653019114,
                47.57149480808864
              ],
              [
                19.116408613742333,
                47.57149584997835
              ],
              [
                19.116411015313265,
                47.57149682145108
              ],
              [
                19.11641335794454,
                47.5714975700209
              ],
              [
                19.116415992369227,
                47.57149820776186
              ],
              [
                19.116418505078354,
                47.57149863457178
              ],
              [
                19.116421272268614,
                47.57149891435163
              ],
              [
                19.11642385959167,
                47.57149900318615
              ],
              [
                19.11642665441522,
                47.571498914375404
              ],
              [
                19.116429218053504,
                47.57149866185944
              ],
              [
                19.116431934328215,
                47.57149820783217
              ],
              [
                19.116434376882886,
                47.571497623559424
              ],
              [
                19.116436911410876,
                47.571496821565304
              ],
              [
                19.116438058004395,
                47.57149641148451
              ],
              [
                19.116873780234013,
                47.571321659286085
              ],
              [
                19.116874879831137,
                47.57132116682121
              ],
              [
                19.116877171243193,
                47.57132002608138
              ],
              [
                19.116879127828618,
                47.57131883276788
              ],
              [
                19.116881041843182,
                47.57131740863514
              ],
              [
                19.116882612286282,
                47.57131597764426
              ],
              [
                19.11688407373553,
                47.57131432604766
              ],
              [
                19.116885196361384,
                47.57131271357779
              ],
              [
                19.116886147850842,
                47.571310899379455
              ],
              [
                19.11688677857136,
                47.571309168756095
              ],
              [
                19.116887182733905,
                47.571307263203906
              ],
              [
                19.116887296779325,
                47.57130548239259
              ],
              [
                19.116887137742655,
                47.571303560321944
              ],
              [
                19.11688673063425,
                47.571301799259466
              ],
              [
                19.116886014644223,
                47.57129993615464
              ],
              [
                19.116885102370194,
                47.57129826400196
              ],
              [
                19.11688385754552,
                47.57129653303141
              ],
              [
                19.1168832224258,
                47.57129575102619
              ],
              [
                19.116751454548996,
                47.571151015716005
              ],
              [
                19.116750728767038,
                47.57115029857481
              ],
              [
                19.1167490542686,
                47.57114880436902
              ],
              [
                19.116747313713375,
                47.571147528585435
              ],
              [
                19.11674524616766,
                47.571146279966065
              ],
              [
                19.11674317581271,
                47.57114525428847
              ],
              [
                19.116740792273184,
                47.57114429778916
              ],
              [
                19.116738469276633,
                47.571143560442614
              ],
              [
                19.116735858573193,
                47.57114293171016
              ],
              [
                19.11673336950863,
                47.57114251017408
              ],
              [
                19.116730628937116,
                47.57114223264018
              ],
              [
                19.11672806656712,
                47.57114214262441
              ],
              [
                19.11672529826329,
                47.571142226632126
              ],
              [
                19.116722758082386,
                47.57114247149145
              ],
              [
                19.11672006521552,
                47.57114291391007
              ],
              [
                19.116717641891288,
                47.571143484518956
              ],
              [
                19.116715124819287,
                47.57114426886039
              ],
              [
                19.11671398546492,
                47.571144670130984
              ],
              [
                19.116278260711603,
                47.57131672335616
              ],
              [
                19.116277157125467,
                47.57131721027946
              ],
              [
                19.116274856163898,
                47.57131833930215
              ],
              [
                19.11627288903819,
                47.57131952229622
              ],
              [
                19.116270961881337,
                47.571320935987934
              ],
              [
                19.116269377729772,
                47.57132235808097
              ],
              [
                19.116267899928644,
                47.57132400102032
              ],
              [
                19.116266760855307,
                47.5713256064615
              ],
              [
                19.1162657903447,
                47.57132741423984
              ],
              [
                19.116265141005144,
                47.57132914009052
              ],
              [
                19.11626471583242,
                47.571331041836835
              ],
              [
                19.116264581683012,
                47.57133282043798
              ],
              [
                19.11626471851649,
                47.5713347415975
              ],
              [
                19.11626510481645,
                47.5713365032219
              ],
              [
                19.116265798291895,
                47.57133836847869
              ],
              [
                19.11626668989707,
                47.571340044064875
              ],
              [
                19.116267912828043,
                47.57134178029464
              ],
              [
                19.11626853793849,
                47.57134256509215
              ],
              [
                19.116400308431036,
                47.57148999932456
              ]
            ]
          ]
        ]
      },
      "properties": {
        "lotNumber": "88130"
      }
    },
    {
      "type": "Feature",
      "geometry": {
        "type": "MultiPolygon",
        "coordinates": [
          [
            [
              [
                19.117165227009284,
                47.57132120098774
              ],
              [
                19.117165256727496,
                47.571321188975126
              ],
              [
                19.117383125496133,
                47.57123290804157
              ],
              [
                19.117598345642428,
                47.5711455240313
              ],
              [
                19.117598375128065,
                47.57114551203924
              ],
              [
                19.11781489338723,
                47.57105723919471
              ],
              [
                19.11803004289461,
                47.5709698824688
              ],
              [
                19.118246540642836,
                47.57088251640052
              ],
              [
                19.118679593663053,
                47.57070775895979
              ],
              [
                19.118680679127174,
                47.570707270556284
              ],
              [
                19.118682627490628,
                47.57070629739028
              ],
              [
                19.118684560967345,
                47.57070511712633
              ],
              [
                19.118686191575406,
                47.57070390555901
              ],
              [
                19.118687747918358,
                47.570702492832275
              ],
              [
                19.118688998186524,
                47.57070108936492
              ],
              [
                19.1186901176616,
                47.57069949839746
              ],
              [
                19.118690939603255,
                47.57069795689675
              ],
              [
                19.11869157924384,
                47.57069624875161
              ],
              [
                19.118691941312033,
                47.57069462838199
              ],
              [
                19.118692076568113,
                47.57069286861969
              ],
              [
                19.118691964866372,
                47.57069123157269
              ],
              [
                19.118691590546767,
                47.57068948773485
              ],
              [
                19.118691009362404,
                47.57068789684216
              ],
              [
                19.118690139833994,
                47.57068623585911
              ],
              [
                19.118689111473582,
                47.57068475218094
              ],
              [
                19.118688500723085,
                47.570683972874306
              ],
              [
                19.118612628381253,
                47.57059767066847
              ],
              [
                19.11861190721279,
                47.57059693508444
              ],
              [
                19.1186104699803,
                47.570595614685594
              ],
              [
                19.118608726359547,
                47.570594304260865
              ],
              [
                19.118606936076812,
                47.57059319900857
              ],
              [
                19.118604848169625,
                47.570592143994
              ],
              [
                19.11860277364844,
                47.57059129637002
              ],
              [
                19.118600421706116,
                47.57059053731638
              ],
              [
                19.118598142683286,
                47.57058997990015
              ],
              [
                19.118595617105687,
                47.57058954598262
              ],
              [
                19.11859322117828,
                47.570589300199195
              ],
              [
                19.118590619039075,
                47.57058920809589
              ],
              [
                19.11858819829751,
                47.5705892833922
              ],
              [
                19.118585619613132,
                47.57058953664325
              ],
              [
                19.11858326710159,
                47.57058993012525
              ],
              [
                19.118580810986955,
                47.57059051899664
              ],
              [
                19.11857861712713,
                47.570591215540276
              ],
              [
                19.118577464819758,
                47.57059162924384
              ],
              [
                19.118139098418748,
                47.57076818843023
              ],
              [
                19.118139070281547,
                47.570768199781185
              ],
              [
                19.117925220103718,
                47.57085466849941
              ],
              [
                19.117710050015578,
                47.5709411336975
              ],
              [
                19.117710029061694,
                47.570941142135304
              ],
              [
                19.117709990108636,
                47.570941157853824
              ],
              [
                19.117709969177515,
                47.57094116631768
              ],
              [
                19.1174921944856,
                47.571029410467496
              ],
              [
                19.11727973115242,
                47.571114053615645
              ],
              [
                19.117279688553886,
                47.571114070658695
              ],
              [
                19.11727960940812,
                47.57111410245856
              ],
              [
                19.117279566903672,
                47.571114119608865
              ],
              [
                19.117061708838552,
                47.57120239614577
              ],
              [
                19.11706167796937,
                47.571202408692415
              ],
              [
                19.117061620599614,
                47.571202432081776
              ],
              [
                19.117061589780892,
                47.57120244468495
              ],
              [
                19.11684649804169,
                47.57129067458848
              ],
              [
                19.1164108854744,
                47.571465382770704
              ],
              [
                19.116409800164426,
                47.57146586812494
              ],
              [
                19.11640785152623,
                47.57146683549642
              ],
              [
                19.11640591651191,
                47.5714680093176
              ],
              [
                19.11640428326261,
                47.57146921479601
              ],
              [
                19.11640272273638,
                47.57147062098424
              ],
              [
                19.116401467309686,
                47.571472018488166
              ],
              [
                19.116400340925313,
                47.57147360328948
              ],
              [
                19.116399511312093,
                47.571475139396966
              ],
              [
                19.116398862127586,
                47.57147684222971
              ],
              [
                19.11639849004127,
                47.57147845822052
              ],
              [
                19.11639834287289,
                47.571480213991016
              ],
              [
                19.116398442537186,
                47.571481848091125
              ],
              [
                19.116398803010796,
                47.571483589682124
              ],
              [
                19.116399370615966,
                47.57148517942533
              ],
              [
                19.116400224951935,
                47.57148684026156
              ],
              [
                19.116401238800382,
                47.57148832487719
              ],
              [
                19.1164018416691,
                47.571489104983975
              ],
              [
                19.11647904425672,
                47.571578106216954
              ],
              [
                19.116479762758132,
                47.57157884812215
              ],
              [
                19.116481196347337,
                47.57158018016874
              ],
              [
                19.116482938818635,
                47.57158150275784
              ],
              [
                19.116484730465327,
                47.57158261876411
              ],
              [
                19.116486822260775,
                47.5715836845174
              ],
              [
                19.116488902433204,
                47.57158454117244
              ],
              [
                19.116491262372566,
                47.57158530872916
              ],
              [
                19.116493550341584,
                47.57158587278711
              ],
              [
                19.116496086838282,
                47.57158631235927
              ],
              [
                19.116498493810365,
                47.571586561929706
              ],
              [
                19.116501108425776,
                47.571586656458024
              ],
              [
                19.116503540989022,
                47.57158658185528
              ],
              [
                19.116506132252834,
                47.57158632767122
              ],
              [
                19.11650849600215,
                47.57158593179063
              ],
              [
                19.116510963350294,
                47.57158533875879
              ],
              [
                19.116513166551208,
                47.57158463696405
              ],
              [
                19.116514323542063,
                47.571584220079686
              ],
              [
                19.116948705911938,
                47.57140857299394
              ],
              [
                19.117165227009284,
                47.57132120098774
              ]
            ]
          ]
        ]
      },
      "properties": {
        "lotNumber": "88131"
      }
    },
    {
      "type": "Feature",
      "geometry": {
        "type": "MultiPolygon",
        "coordinates": [
          [
            [
              [
                19.116488349596654,
                47.57155480200153
              ],
              [
                19.116487261685393,
                47.57155529259196
              ],
              [
                19.116485414264847,
                47.57155621759156
              ],
              [
                19.116483477670695,
                47.57155740321471
              ],
              [
                19.116481933173283,
                47.571558554817635
              ],
              [
                19.116480376526322,
                47.57155997381315
              ],
              [
                19.116479194578044,
                47.57156130756139
              ],
              [
                19.116478077973337,
                47.571562905148454
              ],
              [
                19.116477304203862,
                47.57156436955202
              ],
              [
                19.116476670748458,
                47.5715660840551
              ],
              [
                19.116476335029564,
                47.57156762258007
              ],
              [
                19.11647620917839,
                47.57156938781002
              ],
              [
                19.116476324470714,
                47.57157094106096
              ],
              [
                19.116476711082395,
                47.57157268887034
              ],
              [
                19.116477272935125,
                47.57157419688338
              ],
              [
                19.116478157084448,
                47.57157585979721
              ],
              [
                19.116479143807076,
                47.571577264354815
              ],
              [
                19.116479762510984,
                47.57157804371703
              ],
              [
                19.116610203907936,
                47.571724579021016
              ],
              [
                19.116610928730495,
                47.57172530981694
              ],
              [
                19.116612294242806,
                47.571726550750874
              ],
              [
                19.116614042190353,
                47.57172785151865
              ],
              [
                19.11661573833713,
                47.57172888897542
              ],
              [
                19.116617826812863,
                47.57172993477539
              ],
              [
                19.11661978878539,
                47.57173072911437
              ],
              [
                19.11662213798991,
                47.57173147998712
              ],
              [
                19.116624290822386,
                47.571732000857125
              ],
              [
                19.11662681099398,
                47.57173242811225
              ],
              [
                19.11662907242794,
                47.571732655611136
              ],
              [
                19.116631667272333,
                47.571732742923516
              ],
              [
                19.11663395089972,
                47.571732668358656
              ],
              [
                19.116636521269424,
                47.57173241239209
              ],
              [
                19.116638739834148,
                47.57173203861257
              ],
              [
                19.116641187516827,
                47.57173144914737
              ],
              [
                19.116643256248846,
                47.57173079043513
              ],
              [
                19.11664440457346,
                47.57173037720159
              ],
              [
                19.117077469829063,
                47.571555625813744
              ],
              [
                19.11707855419425,
                47.571555137990266
              ],
              [
                19.117080396027035,
                47.571554218292135
              ],
              [
                19.11708232786126,
                47.5715530396001
              ],
              [
                19.117083869740494,
                47.57155189475542
              ],
              [
                19.117085425360806,
                47.571550484013976
              ],
              [
                19.117086608234608,
                47.57154915786876
              ],
              [
                19.117087728062888,
                47.57154756910743
              ],
              [
                19.11708850662884,
                47.57154611245132
              ],
              [
                19.11708914777722,
                47.57154440651753
              ],
              [
                19.117089492217346,
                47.571542875138476
              ],
              [
                19.11708963013081,
                47.57154111736724
              ],
              [
                19.1170895272536,
                47.571539569914975
              ],
              [
                19.117089156650344,
                47.57153782762649
              ],
              [
                19.11708861039594,
                47.57153632336637
              ],
              [
                19.11708774546965,
                47.57153466328796
              ],
              [
                19.117086776758928,
                47.57153325983108
              ],
              [
                19.117086168566786,
                47.571532480679856
              ],
              [
                19.1169570542677,
                47.57138504565806
              ],
              [
                19.116956333252148,
                47.57138430767213
              ],
              [
                19.116954973058156,
                47.571383054141755
              ],
              [
                19.116953228073672,
                47.57138173932816
              ],
              [
                19.116951531951276,
                47.5713806899805
              ],
              [
                19.116949440759225,
                47.571379631449595
              ],
              [
                19.116947474187416,
                47.5713788267948
              ],
              [
                19.11694511751848,
                47.57137806541118
              ],
              [
                19.116942956416953,
                47.57137753651302
              ],
              [
                19.116940425250537,
                47.57137710167001
              ],
              [
                19.116938153048796,
                47.57137686894663
              ],
              [
                19.116935545100784,
                47.57137677743137
              ],
              [
                19.11693324951736,
                47.57137684986708
              ],
              [
                19.116930665467798,
                47.57137710521251
              ],
              [
                19.116928435123857,
                47.57137748001091
              ],
              [
                19.116925974730172,
                47.57137807235947
              ],
              [
                19.11692389572833,
                47.571378735051404
              ],
              [
                19.11692274187348,
                47.57137915094305
              ],
              [
                19.116488349596654,
                47.57155480200153
              ]
            ]
          ]
        ]
      },
      "properties": {
        "lotNumber": "88132"
      }
    },
    {
      "type": "Feature",
      "geometry": {
        "type": "MultiPolygon",
        "coordinates": [
          [
            [
              [
                19.11708651948614,
                47.57153217682552
              ],
              [
                19.11708579412167,
                47.571531446901595
              ],
              [
                19.117084365715446,
                47.57153015116559
              ],
              [
                19.11708261723871,
                47.57152885212434
              ],
              [
                19.117080843832387,
                47.57152776905457
              ],
              [
                19.11707875551366,
                47.571526724855474
              ],
              [
                19.117076704788385,
                47.5715258957867
              ],
              [
                19.117074356327283,
                47.571525146281054
              ],
              [
                19.117072106547923,
                47.57152460285423
              ],
              [
                19.11706958757222,
                47.57152417664655
              ],
              [
                19.117067224600422,
                47.571523939601335
              ],
              [
                19.117064631245483,
                47.571523852957554
              ],
              [
                19.117062245262787,
                47.571523931340664
              ],
              [
                19.117059676502617,
                47.5715241875675
              ],
              [
                19.117057358568776,
                47.57152457838742
              ],
              [
                19.11705491243873,
                47.571525167706135
              ],
              [
                19.117052751016452,
                47.57152585604741
              ],
              [
                19.117051603393303,
                47.57152626906411
              ],
              [
                19.116618538292606,
                47.571701020356564
              ],
              [
                19.11661745031625,
                47.57170150997585
              ],
              [
                19.11661551863045,
                47.57170247520691
              ],
              [
                19.116613581337127,
                47.57170365881516
              ],
              [
                19.116611965627037,
                47.571704860900184
              ],
              [
                19.116610407478653,
                47.571706277893455
              ],
              [
                19.116609170048697,
                47.571707670478034
              ],
              [
                19.11660805113004,
                47.57170926621475
              ],
              [
                19.11660723969761,
                47.57171079559858
              ],
              [
                19.116606603156097,
                47.57171250854457
              ],
              [
                19.11660624901142,
                47.571714115752094
              ],
              [
                19.116606119393207,
                47.571715879853315
              ],
              [
                19.11660623619278,
                47.57171750290801
              ],
              [
                19.116606618496267,
                47.571719250137825
              ],
              [
                19.116607201736198,
                47.57172082645203
              ],
              [
                19.11660808121922,
                47.5717224894344
              ],
              [
                19.116609108408888,
                47.571723958222776
              ],
              [
                19.11660972471255,
                47.57172473788558
              ],
              [
                19.11673883655446,
                47.5718703743608
              ],
              [
                19.116739561440887,
                47.5718711078809
              ],
              [
                19.116740989737355,
                47.57187241008646
              ],
              [
                19.116742739714297,
                47.57187371576502
              ],
              [
                19.11674451587924,
                47.57187480444614
              ],
              [
                19.11674660854811,
                47.57187585407585
              ],
              [
                19.116748664363136,
                47.57187668741881
              ],
              [
                19.11675101934933,
                47.57187744068571
              ],
              [
                19.116753275855313,
                47.5718779866837
              ],
              [
                19.11675580270922,
                47.571878414656595
              ],
              [
                19.11675817323892,
                47.57187865233902
              ],
              [
                19.11676077490984,
                47.571878738580466
              ],
              [
                19.116763168416615,
                47.571878658818534
              ],
              [
                19.1167657449803,
                47.571878400016125
              ],
              [
                19.11676806953502,
                47.571878005873344
              ],
              [
                19.116770522031537,
                47.571877411967115
              ],
              [
                19.116772688353354,
                47.57187671858156
              ],
              [
                19.116773838353613,
                47.57187630261076
              ],
              [
                19.11720690320933,
                47.57170065128549
              ],
              [
                19.117207989854816,
                47.57170015983856
              ],
              [
                19.117209918831232,
                47.571699191315545
              ],
              [
                19.11721185262288,
                47.57169800430357
              ],
              [
                19.11721346462013,
                47.5716967992841
              ],
              [
                19.117215018227654,
                47.571695379353805
              ],
              [
                19.1172162510474,
                47.571693984333166
              ],
              [
                19.11721736452542,
                47.57169238627212
              ],
              [
                19.117218170599774,
                47.57169085507674
              ],
              [
                19.1172188009852,
                47.5716891405456
              ],
              [
                19.117219149212147,
                47.5716875322561
              ],
              [
                19.117219272181845,
                47.571685767409505
              ],
              [
                19.117219149125248,
                47.5716841440812
              ],
              [
                19.11721875993458,
                47.571682397015074
              ],
              [
                19.11721817034262,
                47.57168082128356
              ],
              [
                19.117217284008476,
                47.57167915940785
              ],
              [
                19.117216250630428,
                47.571677692072114
              ],
              [
                19.117215631003642,
                47.571676913316445
              ],
              [
                19.11708651948614,
                47.57153217682552
              ]
            ]
          ]
        ]
      },
      "properties": {
        "lotNumber": "88133"
      }
    },
    {
      "type": "Feature",
      "geometry": {
        "type": "MultiPolygon",
        "coordinates": [
          [
            [
              [
                19.117171937441466,
                47.57169476360703
              ],
              [
                19.117172664154822,
                47.571695494750664
              ],
              [
                19.11717409535583,
                47.57169679255631
              ],
              [
                19.117175847506747,
                47.57169809343507
              ],
              [
                19.117177624793143,
                47.57169917776062
              ],
              [
                19.117179717768327,
                47.571700222799954
              ],
              [
                19.117181773076705,
                47.57170105211982
              ],
              [
                19.117184126722986,
                47.57170180129855
              ],
              [
                19.11718638134267,
                47.57170234385284
              ],
              [
                19.117188905524177,
                47.57170276848019
              ],
              [
                19.117191273111622,
                47.57170300349107
              ],
              [
                19.117193871161554,
                47.571703087305394
              ],
              [
                19.117196261046942,
                47.571703005772854
              ],
              [
                19.117198833469637,
                47.57170274556436
              ],
              [
                19.11720115412923,
                47.5717023506108
              ],
              [
                19.117203602410424,
                47.571701756344524
              ],
              [
                19.117205764971562,
                47.57170106309516
              ],
              [
                19.11720691297332,
                47.571700647323155
              ],
              [
                19.117422115796582,
                47.571613271570214
              ],
              [
                19.11742319757307,
                47.57161278207444
              ],
              [
                19.117425118196095,
                47.57161181769687
              ],
              [
                19.11742704434904,
                47.57161063632679
              ],
              [
                19.11742865086022,
                47.5716094374022
              ],
              [
                19.117430200383502,
                47.5716080249069
              ],
              [
                19.117431431329546,
                47.57160663729738
              ],
              [
                19.117432544949825,
                47.57160504770865
              ],
              [
                19.117433353243815,
                47.5716035244939
              ],
              [
                19.117433988362226,
                47.57160181861777
              ],
              [
                19.11743434308485,
                47.57160021806484
              ],
              [
                19.11743447540651,
                47.57159846115551
              ],
              [
                19.11743436298878,
                47.571596844489875
              ],
              [
                19.11743398745213,
                47.57159510375383
              ],
              [
                19.1174334121944,
                47.57159353281717
              ],
              [
                19.117432543164814,
                47.57159187484217
              ],
              [
                19.11743152707229,
                47.57159040972692
              ],
              [
                19.117430917178627,
                47.57158963178541
              ],
              [
                19.117174019702034,
                47.571297459957265
              ],
              [
                19.117173298082186,
                47.57129672404588
              ],
              [
                19.117171875384898,
                47.57129541729588
              ],
              [
                19.11717013058646,
                47.57129410639985
              ],
              [
                19.117168358331824,
                47.57129301272939
              ],
              [
                19.117166268976455,
                47.57129195754288
              ],
              [
                19.11716421535081,
                47.571291119030235
              ],
              [
                19.117161861825092,
                47.57129036015085
              ],
              [
                19.117159605840314,
                47.57128980905715
              ],
              [
                19.11715707869454,
                47.571289375682305
              ],
              [
                19.117154707148092,
                47.571289133210506
              ],
              [
                19.11715210361248,
                47.57128904201389
              ],
              [
                19.117149707748,
                47.57128911749301
              ],
              [
                19.117147127991792,
                47.57128937198348
              ],
              [
                19.11714479998851,
                47.571289762509366
              ],
              [
                19.11714234326605,
                47.5712903528955
              ],
              [
                19.117140172692306,
                47.57129104344307
              ],
              [
                19.117139020292672,
                47.57129145798287
              ],
              [
                19.11692248920573,
                47.571378834003376
              ],
              [
                19.11692140484272,
                47.57137932182541
              ],
              [
                19.116919479293735,
                47.57138028332539
              ],
              [
                19.116917547462194,
                47.57138146201476
              ],
              [
                19.116915935498966,
                47.57138265889561
              ],
              [
                19.116914379879066,
                47.57138406963483
              ],
              [
                19.116913143237618,
                47.5713854560576
              ],
              [
                19.116912023407533,
                47.571387044817264
              ],
              [
                19.116911209449594,
                47.571388567683876
              ],
              [
                19.11691056829735,
                47.57139027361674
              ],
              [
                19.116910208196487,
                47.5713918746035
              ],
              [
                19.11691007027745,
                47.571393632374644
              ],
              [
                19.116910177825112,
                47.57139525016584
              ],
              [
                19.116910548421473,
                47.57139699245497
              ],
              [
                19.116911119498823,
                47.571398565091506
              ],
              [
                19.11691198441734,
                47.57140022517126
              ],
              [
                19.11691299715297,
                47.57140169242324
              ],
              [
                19.116913605341058,
                47.57140247157544
              ],
              [
                19.117042719561574,
                47.57154990664503
              ],
              [
                19.117042747185778,
                47.57154993804329
              ],
              [
                19.1170427981875,
                47.571549995746
              ],
              [
                19.117042825999953,
                47.57155002706805
              ],
              [
                19.117171937441466,
                47.57169476360703
              ]
            ]
          ]
        ]
      },
      "properties": {
        "lotNumber": "88134"
      }
    },
    {
      "type": "Feature",
      "geometry": {
        "type": "MultiPolygon",
        "coordinates": [
          [
            [
              [
                19.117386485737523,
                47.57160752365275
              ],
              [
                19.11738720736458,
                47.57160825956274
              ],
              [
                19.117388707396856,
                47.57160963732882
              ],
              [
                19.117390452211115,
                47.57161094822145
              ],
              [
                19.11739232080002,
                47.57161210132678
              ],
              [
                19.117394410172537,
                47.571613156509116
              ],
              [
                19.117396575425303,
                47.57161404058873
              ],
              [
                19.117398928968797,
                47.571614799463205
              ],
              [
                19.117401307578696,
                47.57161538050272
              ],
              [
                19.117403834742035,
                47.57161581387217
              ],
              [
                19.11740633519353,
                47.57161606951634
              ],
              [
                19.117408938745676,
                47.571616160707165
              ],
              [
                19.117411464835413,
                47.57161608112028
              ],
              [
                19.117414044606285,
                47.57161582662397
              ],
              [
                19.117416499144525,
                47.571615414868106
              ],
              [
                19.117418955879018,
                47.571614824476235
              ],
              [
                19.117421244428893,
                47.57161409639347
              ],
              [
                19.117422396833344,
                47.57161368185085
              ],
              [
                19.117638928055893,
                47.57152630489932
              ],
              [
                19.117640011172753,
                47.57152581769102
              ],
              [
                19.11764203913784,
                47.57152480528028
              ],
              [
                19.117643969079985,
                47.57152362827502
              ],
              [
                19.117645667277912,
                47.571522368227264
              ],
              [
                19.11764722201169,
                47.571520959633965
              ],
              [
                19.117648525557385,
                47.571519500093395
              ],
              [
                19.117649645679254,
                47.5715179137319
              ],
              [
                19.11765050476663,
                47.571516310464894
              ],
              [
                19.11765114747882,
                47.57151460694725
              ],
              [
                19.117651529283776,
                47.571512921211756
              ],
              [
                19.1176516700295,
                47.57151116562631
              ],
              [
                19.11765155996406,
                47.57150946183133
              ],
              [
                19.11765119336577,
                47.57150772125578
              ],
              [
                19.117650595635418,
                47.57150606450019
              ],
              [
                19.117649735700272,
                47.57150440543879
              ],
              [
                19.1176486731433,
                47.571502859024235
              ],
              [
                19.117648067735384,
                47.57150208005975
              ],
              [
                19.11739249741543,
                47.57120900845495
              ],
              [
                19.11739177706771,
                47.57120826831094
              ],
              [
                19.117390278581247,
                47.571206882452714
              ],
              [
                19.117388533482536,
                47.57120556355457
              ],
              [
                19.117386662911823,
                47.57120440317101
              ],
              [
                19.117384569886138,
                47.57120334113996
              ],
              [
                19.117382399697917,
                47.57120245118493
              ],
              [
                19.117380039829992,
                47.571201687164525
              ],
              [
                19.117377654098284,
                47.571201102115076
              ],
              [
                19.117375118810404,
                47.57120066570374
              ],
              [
                19.11737260995946,
                47.57120040822512
              ],
              [
                19.117369997469734,
                47.57120031632962
              ],
              [
                19.117367462693483,
                47.57120039639653
              ],
              [
                19.11736487421083,
                47.571200652577
              ],
              [
                19.11736241170755,
                47.57120106708761
              ],
              [
                19.11735994751087,
                47.57120166141942
              ],
              [
                19.117357652678955,
                47.57120239431549
              ],
              [
                19.117356497311473,
                47.57120281158366
              ],
              [
                19.11713863900943,
                47.57129108826326
              ],
              [
                19.117137556003538,
                47.57129157740368
              ],
              [
                19.11713552861353,
                47.571292593621116
              ],
              [
                19.117133600023752,
                47.5712937746403
              ],
              [
                19.11713190390297,
                47.571295038605925
              ],
              [
                19.117130352117567,
                47.57129645119589
              ],
              [
                19.117129052220367,
                47.57129791450501
              ],
              [
                19.117127936666293,
                47.57129950456949
              ],
              [
                19.11712708277337,
                47.57130111118353
              ],
              [
                19.117126446171735,
                47.57130281782975
              ],
              [
                19.11712607098369,
                47.57130450622207
              ],
              [
                19.117125937713777,
                47.57130626409258
              ],
              [
                19.11712605559883,
                47.571307969604874
              ],
              [
                19.117126430764422,
                47.5713097113806
              ],
              [
                19.117127037208185,
                47.57131136869883
              ],
              [
                19.117127906442086,
                47.57131302767696
              ],
              [
                19.11712897822036,
                47.571314573332764
              ],
              [
                19.11712958841947,
                47.57131535172739
              ],
              [
                19.117386485737523,
                47.57160752365275
              ]
            ]
          ]
        ]
      },
      "properties": {
        "lotNumber": "88135"
      }
    },
    {
      "type": "Feature",
      "geometry": {
        "type": "MultiPolygon",
        "coordinates": [
          [
            [
              [
                19.117600793813526,
                47.571520960126115
              ],
              [
                19.117601516827087,
                47.5715217027267
              ],
              [
                19.117603315817536,
                47.57152336530136
              ],
              [
                19.117605068232205,
                47.571524687909644
              ],
              [
                19.11760731497229,
                47.57152607878836
              ],
              [
                19.11760941731387,
                47.57152714252576
              ],
              [
                19.117612024166704,
                47.57152820745552
              ],
              [
                19.117614394430742,
                47.5715289708297
              ],
              [
                19.117617259712773,
                47.571529668271594
              ],
              [
                19.117619805444104,
                47.57153010150614
              ],
              [
                19.117622817391375,
                47.571530404255554
              ],
              [
                19.11762543929053,
                47.571530490451565
              ],
              [
                19.117628480418205,
                47.5715303866994
              ],
              [
                19.11763107621466,
                47.571530122494714
              ],
              [
                19.11763402789968,
                47.5715296162879
              ],
              [
                19.1176364963411,
                47.57152901198815
              ],
              [
                19.117639243449222,
                47.57152812307199
              ],
              [
                19.117640399524092,
                47.571527700256084
              ],
              [
                19.11785559974948,
                47.571439424230874
              ],
              [
                19.117856673701677,
                47.57143893371285
              ],
              [
                19.117859077484706,
                47.57143771632648
              ],
              [
                19.11786098886951,
                47.571436535297295
              ],
              [
                19.117862998428933,
                47.57143502571518
              ],
              [
                19.11786453533882,
                47.57143361638352
              ],
              [
                19.117866074468104,
                47.57143187185218
              ],
              [
                19.117867178620394,
                47.571430287662785
              ],
              [
                19.11786818895273,
                47.57142837433832
              ],
              [
                19.11786881847581,
                47.57142667536688
              ],
              [
                19.117869261697443,
                47.57142466580647
              ],
              [
                19.117869392718617,
                47.57142291648141
              ],
              [
                19.11786925202182,
                47.57142088689159
              ],
              [
                19.11786887957262,
                47.57141915355087
              ],
              [
                19.117868160293018,
                47.571417180897825
              ],
              [
                19.117867298497558,
                47.57141552927316
              ],
              [
                19.117866027911784,
                47.57141368836381
              ],
              [
                19.117865423026434,
                47.571412912955005
              ],
              [
                19.117609853106877,
                47.571120741283195
              ],
              [
                19.117609131512367,
                47.57112000200383
              ],
              [
                19.11760733680219,
                47.571118346767896
              ],
              [
                19.117605589698883,
                47.57111702977511
              ],
              [
                19.11760335079398,
                47.57111564441114
              ],
              [
                19.117601256444196,
                47.571114584433595
              ],
              [
                19.117598660030612,
                47.57111352258027
              ],
              [
                19.11759629952347,
                47.571112760658195
              ],
              [
                19.11759344612924,
                47.571112063428295
              ],
              [
                19.11759091085893,
                47.571111629061846
              ],
              [
                19.11758791096184,
                47.5711113234507
              ],
              [
                19.117585299089015,
                47.57111123345773
              ],
              [
                19.117582268839143,
                47.57111133129803
              ],
              [
                19.117579681490334,
                47.57111158916281
              ],
              [
                19.117576738212946,
                47.57111208666638
              ],
              [
                19.11757427556518,
                47.57111268240492
              ],
              [
                19.117571533218154,
                47.57111356030944
              ],
              [
                19.117570378745132,
                47.571113978163204
              ],
              [
                19.11735517819828,
                47.571201354205755
              ],
              [
                19.117354098846217,
                47.57120184248783
              ],
              [
                19.117351682381766,
                47.57120305526912
              ],
              [
                19.117349759891304,
                47.57120423332732
              ],
              [
                19.117347737457205,
                47.571205740601606
              ],
              [
                19.11734618962842,
                47.57120714889368
              ],
              [
                19.117344638232066,
                47.57120889326911
              ],
              [
                19.117343524001008,
                47.571210478172084
              ],
              [
                19.11734250271434,
                47.571212393228876
              ],
              [
                19.11734186450721,
                47.57121409439509
              ],
              [
                19.11734141221743,
                47.57121610721437
              ],
              [
                19.11734127433507,
                47.571217859869215
              ],
              [
                19.117341408263968,
                47.5712198938097
              ],
              [
                19.117341775956568,
                47.57122163121812
              ],
              [
                19.1173424910047,
                47.571223608834366
              ],
              [
                19.11734335027188,
                47.57122526484171
              ],
              [
                19.117344619212762,
                47.57122711083281
              ],
              [
                19.117345223664287,
                47.57122788841837
              ],
              [
                19.117600793813526,
                47.571520960126115
              ]
            ]
          ]
        ]
      },
      "properties": {
        "lotNumber": "88136"
      }
    },
    {
      "type": "Feature",
      "geometry": {
        "type": "MultiPolygon",
        "coordinates": [
          [
            [
              [
                19.117571157230035,
                47.57111492082655
              ],
              [
                19.117570079499647,
                47.57111541027567
              ],
              [
                19.117567916529246,
                47.57111649988671
              ],
              [
                19.117565997668883,
                47.5711176798755
              ],
              [
                19.11756418844039,
                47.571119032938434
              ],
              [
                19.11756264460482,
                47.57112044258689
              ],
              [
                19.117561257966614,
                47.571122007612246
              ],
              [
                19.11756014790496,
                47.57112359327757
              ],
              [
                19.117559236624196,
                47.57112531070998
              ],
              [
                19.117558602578804,
                47.57112701205137
              ],
              [
                19.117558201333434,
                47.57112881653568
              ],
              [
                19.11755806743234,
                47.57113056881028
              ],
              [
                19.117558191491455,
                47.57113239167866
              ],
              [
                19.11755856283024,
                47.57113412820549
              ],
              [
                19.117559207472993,
                47.57113590009051
              ],
              [
                19.117560069920824,
                47.571137554787754
              ],
              [
                19.117561210616095,
                47.57113920826217
              ],
              [
                19.117561816450383,
                47.571139985058856
              ],
              [
                19.117817386197576,
                47.57143215683519
              ],
              [
                19.117818100338965,
                47.57143288922593
              ],
              [
                19.117819691889466,
                47.57143435999893
              ],
              [
                19.117821418567075,
                47.571435666561705
              ],
              [
                19.117823401415663,
                47.571436900507024
              ],
              [
                19.117825469763176,
                47.57143795562418
              ],
              [
                19.11782776860528,
                47.57143890587905
              ],
              [
                19.11783010007104,
                47.57143966947931
              ],
              [
                19.117832627601278,
                47.571440299954965
              ],
              [
                19.117835133640906,
                47.571440743038345
              ],
              [
                19.117837793868734,
                47.571441029790584
              ],
              [
                19.117840379307854,
                47.571441135529646
              ],
              [
                19.117843071203136,
                47.571441067668175
              ],
              [
                19.117845637851925,
                47.571440832047195
              ],
              [
                19.11784825918186,
                47.57144041214925
              ],
              [
                19.117850709564124,
                47.57143984411667
              ],
              [
                19.11785316077584,
                47.5714390881291
              ],
              [
                19.117854313014703,
                47.57143868572602
              ],
              [
                19.118074831303193,
                47.571352205020666
              ],
              [
                19.118075935410605,
                47.57135172110564
              ],
              [
                19.11807815281812,
                47.57135064021243
              ],
              [
                19.11808012268658,
                47.57134946335163
              ],
              [
                19.11808198253803,
                47.57134810836315
              ],
              [
                19.118083571789715,
                47.57134669223918
              ],
              [
                19.118085001391783,
                47.57134511611603
              ],
              [
                19.118086147909956,
                47.57134351607895
              ],
              [
                19.118087091385902,
                47.57134178042476
              ],
              [
                19.118087750358335,
                47.57134005901293
              ],
              [
                19.118088170831964,
                47.57133823166676
              ],
              [
                19.118088316502426,
                47.57133645616248
              ],
              [
                19.118088197539418,
                47.5713346085472
              ],
              [
                19.118087824214413,
                47.571332848347076
              ],
              [
                19.118087170464594,
                47.57133105267764
              ],
              [
                19.11808629273585,
                47.571329376580046
              ],
              [
                19.11808512975149,
                47.57132770304123
              ],
              [
                19.118084511718006,
                47.57132691720291
              ],
              [
                19.117824951358397,
                47.57103294947905
              ],
              [
                19.11782422641357,
                47.571032213255805
              ],
              [
                19.11782261102491,
                47.57103073574073
              ],
              [
                19.117820859042915,
                47.571029425192904
              ],
              [
                19.117818847937045,
                47.57102818995489
              ],
              [
                19.11781675111637,
                47.571027136536024
              ],
              [
                19.1178144219329,
                47.571026191262035
              ],
              [
                19.11781206122218,
                47.57102543563984
              ],
              [
                19.11780950388021,
                47.57102481682249
              ],
              [
                19.117806970415636,
                47.57102438816799
              ],
              [
                19.117804283642368,
                47.57102411969703
              ],
              [
                19.11780167522937,
                47.57102403455865
              ],
              [
                19.117798962748754,
                47.571024126798434
              ],
              [
                19.117796380086133,
                47.57102438846299
              ],
              [
                19.11779374661456,
                47.571024837852626
              ],
              [
                19.117791289407027,
                47.57102543621843
              ],
              [
                19.11778883661071,
                47.57102622540901
              ],
              [
                19.117787684988055,
                47.571026644122774
              ],
              [
                19.117571157230035,
                47.57111492082655
              ]
            ]
          ]
        ]
      },
      "properties": {
        "lotNumber": "88137"
      }
    },
    {
      "type": "Feature",
      "geometry": {
        "type": "MultiPolygon",
        "coordinates": [
          [
            [
              [
                19.117788957867184,
                47.5710280153352
              ],
              [
                19.117787874882293,
                47.57102850544902
              ],
              [
                19.11778607760137,
                47.571029408129554
              ],
              [
                19.117784149630985,
                47.5710305911835
              ],
              [
                19.11778264673441,
                47.571031713579785
              ],
              [
                19.117781096387954,
                47.571033128209486
              ],
              [
                19.117779945499727,
                47.571034427286676
              ],
              [
                19.11777883222055,
                47.571036019252446
              ],
              [
                19.117778077468046,
                47.57103744520139
              ],
              [
                19.11777744394152,
                47.57103915346417
              ],
              [
                19.117777114263493,
                47.57104065161119
              ],
              [
                19.117776984780367,
                47.571042410672824
              ],
              [
                19.117777092817402,
                47.57104392357601
              ],
              [
                19.1177774723424,
                47.57104566599065
              ],
              [
                19.11777801395222,
                47.57104713564233
              ],
              [
                19.11777888793369,
                47.57104879460232
              ],
              [
                19.117779842349982,
                47.57105016465313
              ],
              [
                19.117780455000226,
                47.571050942767265
              ],
              [
                19.118040015200826,
                47.57134491058949
              ],
              [
                19.118040739258724,
                47.57134564599332
              ],
              [
                19.11804207333913,
                47.571346866484085
              ],
              [
                19.11804382289178,
                47.57134817579458
              ],
              [
                19.118045483518568,
                47.57134919644897
              ],
              [
                19.118047577249996,
                47.57135024929771
              ],
              [
                19.118049500460792,
                47.571351030803214
              ],
              [
                19.118051857726694,
                47.57135178663754
              ],
              [
                19.11805396944514,
                47.57135229889282
              ],
              [
                19.118056499450635,
                47.57135272860029
              ],
              [
                19.118058718339583,
                47.57135295187482
              ],
              [
                19.118061323636347,
                47.57135303890436
              ],
              [
                19.118063564230763,
                47.571352964598205
              ],
              [
                19.11806614447048,
                47.57135270559772
              ],
              [
                19.11806832046928,
                47.57135233657299
              ],
              [
                19.118070776268727,
                47.57135174151841
              ],
              [
                19.118072803858897,
                47.571351091988824
              ],
              [
                19.11807395524535,
                47.57135067511887
              ],
              [
                19.118289155212338,
                47.57126329774098
              ],
              [
                19.11829023819739,
                47.57126280762244
              ],
              [
                19.118292035477637,
                47.571261904934154
              ],
              [
                19.118293963445094,
                47.571260721871795
              ],
              [
                19.118295466337333,
                47.571259599468945
              ],
              [
                19.118297016676667,
                47.57125818483243
              ],
              [
                19.11829816755706,
                47.571256885750195
              ],
              [
                19.118299280825255,
                47.571255293779515
              ],
              [
                19.118300035566822,
                47.57125386782727
              ],
              [
                19.118300669079034,
                47.57125215956172
              ],
              [
                19.118300998743546,
                47.57125066141331
              ],
              [
                19.118301128209755,
                47.57124890235117
              ],
              [
                19.11830102015732,
                47.571247389448594
              ],
              [
                19.118300640613626,
                47.57124564703577
              ],
              [
                19.118300098987255,
                47.571244177386625
              ],
              [
                19.118299224986206,
                47.571242518430715
              ],
              [
                19.118298270552987,
                47.571241148384225
              ],
              [
                19.118297657892924,
                47.571240370272925
              ],
              [
                19.11803809677338,
                47.57094640302039
              ],
              [
                19.118037372720988,
                47.57094566761644
              ],
              [
                19.118036038650814,
                47.57094444712546
              ],
              [
                19.118034289111712,
                47.57094313781468
              ],
              [
                19.118032628497883,
                47.57094211716001
              ],
              [
                19.118030534782903,
                47.57094106431088
              ],
              [
                19.11802861158729,
                47.57094028280495
              ],
              [
                19.118026254340066,
                47.57093952697006
              ],
              [
                19.118024142638376,
                47.57093901471421
              ],
              [
                19.118021612652925,
                47.57093858500595
              ],
              [
                19.11801939378152,
                47.570938361730704
              ],
              [
                19.118016788505244,
                47.57093827470022
              ],
              [
                19.118014547928333,
                47.57093834900543
              ],
              [
                19.118011967708583,
                47.57093860800483
              ],
              [
                19.118009791726404,
                47.57093897702848
              ],
              [
                19.11800733594544,
                47.570939572081905
              ],
              [
                19.118005308370247,
                47.5709402216104
              ],
              [
                19.118004156992182,
                47.57094063847976
              ],
              [
                19.117788957867184,
                47.5710280153352
              ]
            ]
          ]
        ]
      },
      "properties": {
        "lotNumber": "88138"
      }
    },
    {
      "type": "Feature",
      "geometry": {
        "type": "MultiPolygon",
        "coordinates": [
          [
            [
              [
                19.118252705147864,
                47.57125854829044
              ],
              [
                19.11825343367421,
                47.571259287776876
              ],
              [
                19.118255119918384,
                47.57126082861909
              ],
              [
                19.118256881693203,
                47.57126214408075
              ],
              [
                19.118258982305047,
                47.571263430764425
              ],
              [
                19.118261091561603,
                47.57126448641805
              ],
              [
                19.118263524702172,
                47.571265468814474
              ],
              [
                19.118265899264692,
                47.5712662235322
              ],
              [
                19.11826857013981,
                47.571266863367626
              ],
              [
                19.118271117496292,
                47.57126728774592
              ],
              [
                19.11827392204973,
                47.571267560092615
              ],
              [
                19.118276542956167,
                47.57126763759786
              ],
              [
                19.11827937192361,
                47.57126753184529
              ],
              [
                19.1182819642705,
                47.57126725945798
              ],
              [
                19.11828470743648,
                47.57126677972619
              ],
              [
                19.118287170227006,
                47.57126616805837
              ],
              [
                19.118289720718845,
                47.57126533303759
              ],
              [
                19.118290873244906,
                47.571264906926125
              ],
              [
                19.11850607012629,
                47.5711757302218
              ],
              [
                19.118507139265017,
                47.57117523720655
              ],
              [
                19.11850936663858,
                47.571174098843194
              ],
              [
                19.118511267821383,
                47.57117291409947
              ],
              [
                19.11851312754767,
                47.5711715055401
              ],
              [
                19.11851465398658,
                47.57117009419815
              ],
              [
                19.118516075748126,
                47.571168468701345
              ],
              [
                19.11851716972751,
                47.57116688412491
              ],
              [
                19.11851809976664,
                47.5711651031518
              ],
              [
                19.118518719922502,
                47.57116340525474
              ],
              [
                19.118519123073916,
                47.571161536145134
              ],
              [
                19.11851924595784,
                47.57115978912611
              ],
              [
                19.118519106978226,
                47.57115790255226
              ],
              [
                19.11851872794399,
                47.571156172467184
              ],
              [
                19.118518052088376,
                47.57115433976161
              ],
              [
                19.118517185467613,
                47.5711526920262
              ],
              [
                19.118515998290626,
                47.57115098248471
              ],
              [
                19.1185153916843,
                47.571150209154695
              ],
              [
                19.1183889372749,
                47.57100637194688
              ],
              [
                19.118388921586327,
                47.571006354148345
              ],
              [
                19.118388887633497,
                47.571006315729846
              ],
              [
                19.118388871884264,
                47.57100629795572
              ],
              [
                19.11825709586886,
                47.57085796651041
              ],
              [
                19.118256371562588,
                47.570857234875724
              ],
              [
                19.118254696629137,
                47.57085571010213
              ],
              [
                19.11825294918488,
                47.570854407678944
              ],
              [
                19.118250867730357,
                47.5708531327027
              ],
              [
                19.11824877910459,
                47.570852085375755
              ],
              [
                19.118246370751386,
                47.57085110896883
              ],
              [
                19.118244020840798,
                47.570850356801664
              ],
              [
                19.118241377716192,
                47.570849716314854
              ],
              [
                19.118238856412432,
                47.570849288080346
              ],
              [
                19.118236079624435,
                47.57084900801421
              ],
              [
                19.118233483375466,
                47.57084892009366
              ],
              [
                19.11823067914513,
                47.570849011161684
              ],
              [
                19.118228107265804,
                47.57084926691834
              ],
              [
                19.118225382863926,
                47.57084972563687
              ],
              [
                19.118222933736888,
                47.570850315287295
              ],
              [
                19.118220393380607,
                47.570851124108884
              ],
              [
                19.118219244409623,
                47.57085153757397
              ],
              [
                19.118002716908137,
                47.57093891563156
              ],
              [
                19.11800163015945,
                47.570939404664855
              ],
              [
                19.117999364980676,
                47.57094053632969
              ],
              [
                19.11799742955653,
                47.57094171832219
              ],
              [
                19.117995534372895,
                47.57094312745295
              ],
              [
                19.117993977117056,
                47.5709445423818
              ],
              [
                19.117992524843913,
                47.570946174763584
              ],
              [
                19.1179914056703,
                47.57094776819086
              ],
              [
                19.1179904521825,
                47.570949561019404
              ],
              [
                19.117989814150288,
                47.57095127163953
              ],
              [
                19.117989396132437,
                47.57095315593758
              ],
              [
                19.117989263789404,
                47.570954917936085
              ],
              [
                19.117989397324433,
                47.570956821207076
              ],
              [
                19.11798977576244,
                47.57095856679283
              ],
              [
                19.11799045571283,
                47.570960415810255
              ],
              [
                19.117991330371954,
                47.57096207782355
              ],
              [
                19.117992530577382,
                47.57096380144823
              ],
              [
                19.117993144188958,
                47.57096458093844
              ],
              [
                19.118252705147864,
                47.57125854829044
              ]
            ]
          ]
        ]
      },
      "properties": {
        "lotNumber": "88139"
      }
    },
    {
      "type": "Feature",
      "geometry": {
        "type": "MultiPolygon",
        "coordinates": [
          [
            [
              [
                19.118808889241404,
                47.570855224673444
              ],
              [
                19.11880996666009,
                47.57085473485947
              ],
              [
                19.118811921016075,
                47.57085374935112
              ],
              [
                19.118813839094713,
                47.57085256869497
              ],
              [
                19.11881547353156,
                47.57085134515386
              ],
              [
                19.118817016395717,
                47.57084993494486
              ],
              [
                19.11881826871219,
                47.57084851993505
              ],
              [
                19.118819377645607,
                47.57084693384108
              ],
              [
                19.11882020018273,
                47.57084538121313
              ],
              [
                19.118820832983133,
                47.57084367959577
              ],
              [
                19.118821194437935,
                47.57084204843754
              ],
              [
                19.118821327023124,
                47.57084029605467
              ],
              [
                19.118821213639915,
                47.570838648442695
              ],
              [
                19.11882084096423,
                47.570836911984195
              ],
              [
                19.118820257058093,
                47.57083531062111
              ],
              [
                19.118819393304435,
                47.570833656170905
              ],
              [
                19.118818361096988,
                47.57083216199927
              ],
              [
                19.118817754637806,
                47.5708313853918
              ],
              [
                19.118688637223425,
                47.57068395227441
              ],
              [
                19.118687916642614,
                47.570683214713235
              ],
              [
                19.118686464637214,
                47.57068187645503
              ],
              [
                19.11868472086434,
                47.570680562293234
              ],
              [
                19.118682910416574,
                47.57067944186468
              ],
              [
                19.118680820784817,
                47.57067838365418
              ],
              [
                19.118678721706367,
                47.57067752425945
              ],
              [
                19.11867636679284,
                47.570676762805306
              ],
              [
                19.118674060025075,
                47.57067619758302
              ],
              [
                19.118671530636252,
                47.57067576224718
              ],
              [
                19.1186691051291,
                47.57067551299256
              ],
              [
                19.11866649879926,
                47.57067542056179
              ],
              [
                19.11866404808129,
                47.57067549688618
              ],
              [
                19.118661465311604,
                47.57067575092463
              ],
              [
                19.118659083883518,
                47.57067614988492
              ],
              [
                19.11865662426664,
                47.57067674059675
              ],
              [
                19.118654403957294,
                47.570677446808936
              ],
              [
                19.118653250257253,
                47.57067786178561
              ],
              [
                19.118220197394777,
                47.57085261912915
              ],
              [
                19.118219108843768,
                47.57085310906699
              ],
              [
                19.118217134173566,
                47.570854095952285
              ],
              [
                19.118215196031255,
                47.57085528041762
              ],
              [
                19.11821354462019,
                47.570856509555156
              ],
              [
                19.118211986119004,
                47.57085792762521
              ],
              [
                19.11821072172151,
                47.57085935156288
              ],
              [
                19.118209603029026,
                47.57086094849159
              ],
              [
                19.118208774458523,
                47.57086251225685
              ],
              [
                19.118208138763084,
                47.570864226393226
              ],
              [
                19.118207778007456,
                47.57086586961528
              ],
              [
                19.11820764985082,
                47.570867634783205
              ],
              [
                19.118207770837504,
                47.57086929402384
              ],
              [
                19.11820815516739,
                47.570871042077314
              ],
              [
                19.11820875322566,
                47.57087265327979
              ],
              [
                19.118209635204718,
                47.57087431673338
              ],
              [
                19.118210687246002,
                47.57087581769553
              ],
              [
                19.118211304932885,
                47.57087659743213
              ],
              [
                19.11834308086629,
                47.57102492892881
              ],
              [
                19.1183438076432,
                47.57102566280809
              ],
              [
                19.11834527068941,
                47.571026993817966
              ],
              [
                19.11834702487429,
                47.57102829962442
              ],
              [
                19.118348843788,
                47.57102941168909
              ],
              [
                19.11835094096478,
                47.571030460564515
              ],
              [
                19.11835304572541,
                47.57103131087407
              ],
              [
                19.118355405161534,
                47.57103206244118
              ],
              [
                19.118357714744526,
                47.57103261826223
              ],
              [
                19.11836024561149,
                47.57103304358876
              ],
              [
                19.118362671107487,
                47.57103328352456
              ],
              [
                19.118365275977396,
                47.57103336623722
              ],
              [
                19.118367724014828,
                47.571033281051186
              ],
              [
                19.11837030261096,
                47.57103301796587
              ],
              [
                19.118372678950518,
                47.57103261093728
              ],
              [
                19.1183751320076,
                47.57103201218173
              ],
              [
                19.11837734517006,
                47.57103129897952
              ],
              [
                19.1183784948212,
                47.57103088044462
              ],
              [
                19.118808889241404,
                47.570855224673444
              ]
            ]
          ]
        ]
      },
      "properties": {
        "lotNumber": "88140"
      }
    },
    {
      "type": "Feature",
      "geometry": {
        "type": "MultiPolygon",
        "coordinates": [
          [
            [
              [
                19.11893819317891,
                47.57100276069846
              ],
              [
                19.11893929324753,
                47.57100227650535
              ],
              [
                19.11894103510784,
                47.57100142416389
              ],
              [
                19.118942997509237,
                47.57100024802681
              ],
              [
                19.118944458300366,
                47.57099918090521
              ],
              [
                19.118946041437873,
                47.570997766992875
              ],
              [
                19.118947164337147,
                47.57099652660065
              ],
              [
                19.118948306629026,
                47.57099492991219
              ],
              [
                19.118949047957308,
                47.570993564498856
              ],
              [
                19.11894970497009,
                47.57099184714321
              ],
              [
                19.118950035890826,
                47.570990409821356
              ],
              [
                19.11895018206774,
                47.57098863860128
              ],
              [
                19.118950089708665,
                47.57098718528071
              ],
              [
                19.11894971936373,
                47.570985429094016
              ],
              [
                19.118949207317552,
                47.570984016306795
              ],
              [
                19.11894833485675,
                47.57098234346667
              ],
              [
                19.118947423041398,
                47.57098102616821
              ],
              [
                19.118946808391176,
                47.57098024153497
              ],
              [
                19.118816359967624,
                47.57083190991683
              ],
              [
                19.118815635837063,
                47.57083117182825
              ],
              [
                19.118814363160052,
                47.57083000383226
              ],
              [
                19.118812611579422,
                47.57082868968908
              ],
              [
                19.118811025599264,
                47.570827712945245
              ],
              [
                19.118808927700645,
                47.57082665634297
              ],
              [
                19.11880708981735,
                47.57082590866512
              ],
              [
                19.118804726819278,
                47.570825150509236
              ],
              [
                19.118802708185083,
                47.570824660843186
              ],
              [
                19.118800171569195,
                47.57082423048515
              ],
              [
                19.118798050333933,
                47.57082401778785
              ],
              [
                19.11879543830331,
                47.570823931888626
              ],
              [
                19.118793296588922,
                47.570824004394545
              ],
              [
                19.11879071026627,
                47.57082426627965
              ],
              [
                19.118788630987545,
                47.570824621181764
              ],
              [
                19.118786170500304,
                47.57082522071249
              ],
              [
                19.118784234154877,
                47.57082584427103
              ],
              [
                19.11878308116004,
                47.570826263889664
              ],
              [
                19.118352686889786,
                47.57100191956624
              ],
              [
                19.11835160833666,
                47.57100240994436
              ],
              [
                19.118349901755334,
                47.57100327068618
              ],
              [
                19.11834798196041,
                47.571004452883614
              ],
              [
                19.11834655512389,
                47.57100552168036
              ],
              [
                19.118345011460306,
                47.57100693384699
              ],
              [
                19.11834391878654,
                47.571008169936036
              ],
              [
                19.118342810127896,
                47.57100975821349
              ],
              [
                19.118342093290263,
                47.57101111445174
              ],
              [
                19.11834146191961,
                47.57101281826489
              ],
              [
                19.11834114825755,
                47.571014242927056
              ],
              [
                19.118341018254718,
                47.57101599729444
              ],
              [
                19.11834111973102,
                47.57101743604547
              ],
              [
                19.11834149605427,
                47.57101917405744
              ],
              [
                19.118342008798813,
                47.57102057202499
              ],
              [
                19.118342877095696,
                47.57102222739579
              ],
              [
                19.118343781553047,
                47.571023531262966
              ],
              [
                19.11834439054604,
                47.57102430803835
              ],
              [
                19.118470844877184,
                47.571168145294166
              ],
              [
                19.118471561328775,
                47.57116887653746
              ],
              [
                19.118472819840377,
                47.57117003418777
              ],
              [
                19.118474550558332,
                47.57117133804521
              ],
              [
                19.11847611692042,
                47.57117230854795
              ],
              [
                19.118478188422056,
                47.571173360508766
              ],
              [
                19.118480003159977,
                47.571174107013974
              ],
              [
                19.118482336790546,
                47.571174867135284
              ],
              [
                19.118484330998815,
                47.5711753612982
              ],
              [
                19.11848683815048,
                47.5711758007182
              ],
              [
                19.11848893610913,
                47.571176023775514
              ],
              [
                19.118491521585465,
                47.571176125809494
              ],
              [
                19.118493643635098,
                47.57117606929168
              ],
              [
                19.118496209265707,
                47.57117583006537
              ],
              [
                19.1184982748322,
                47.571175496118485
              ],
              [
                19.118500723200203,
                47.57117492471526
              ],
              [
                19.118502653854094,
                47.571174326019204
              ],
              [
                19.11850380474103,
                47.571173922057994
              ],
              [
                19.11893819317891,
                47.57100276069846
              ]
            ]
          ]
        ]
      },
      "properties": {
        "lotNumber": "88141"
      }
    },
    {
      "type": "Feature",
      "geometry": {
        "type": "MultiPolygon",
        "coordinates": [
          [
            [
              [
                19.11847912766987,
                47.57114523948361
              ],
              [
                19.118478028154172,
                47.57114572339829
              ],
              [
                19.118476180970287,
                47.571146627164794
              ],
              [
                19.118474219402273,
                47.571147802538604
              ],
              [
                19.118472670076578,
                47.57114893396451
              ],
              [
                19.118471087318362,
                47.571150346905505
              ],
              [
                19.11846989605418,
                47.571151662026274
              ],
              [
                19.11846875360821,
                47.57115325763082
              ],
              [
                19.118467966695427,
                47.57115470534378
              ],
              [
                19.118467308954635,
                47.57115642161031
              ],
              [
                19.11846695697098,
                47.57115794566061
              ],
              [
                19.118466809493796,
                47.57115971589885
              ],
              [
                19.11846690611663,
                47.57116125706532
              ],
              [
                19.11846727463377,
                47.57116301248787
              ],
              [
                19.11846781610864,
                47.57116451088424
              ],
              [
                19.118468686300453,
                47.57116618327922
              ],
              [
                19.118469651586928,
                47.57116758068123
              ],
              [
                19.118470264974636,
                47.57116836523907
              ],
              [
                19.11860204474275,
                47.57131849534695
              ],
              [
                19.11860276882171,
                47.57131923462788
              ],
              [
                19.118604119258762,
                47.571320475863345
              ],
              [
                19.118605871569997,
                47.5713217921779
              ],
              [
                19.118607555331074,
                47.57132283019455
              ],
              [
                19.118609654916717,
                47.57132388852404
              ],
              [
                19.118611606673525,
                47.57132468304788
              ],
              [
                19.1186139720717,
                47.57132544233015
              ],
              [
                19.118616116097957,
                47.571325962534374
              ],
              [
                19.118618655533453,
                47.57132639330992
              ],
              [
                19.11862090864297,
                47.571326619011124
              ],
              [
                19.118623523588116,
                47.571326704566346
              ],
              [
                19.118625798362377,
                47.57132662700748
              ],
              [
                19.118628387359756,
                47.571326364022866
              ],
              [
                19.11863059553967,
                47.571325986213196
              ],
              [
                19.118633058138634,
                47.57132538489233
              ],
              [
                19.118635114048903,
                47.57132472149046
              ],
              [
                19.118636267795807,
                47.571324300753396
              ],
              [
                19.119067991648457,
                47.57114774376609
              ],
              [
                19.1190690732293,
                47.57114725086359
              ],
              [
                19.119070888559,
                47.57114633287695
              ],
              [
                19.119072812319853,
                47.57114514442762
              ],
              [
                19.119074328224574,
                47.571144004464465
              ],
              [
                19.11907587253099,
                47.571142584920786
              ],
              [
                19.11907703078749,
                47.571141266765125
              ],
              [
                19.119078136325392,
                47.571139670649245
              ],
              [
                19.119078892447128,
                47.571138224929186
              ],
              [
                19.11907951675479,
                47.57113651354524
              ],
              [
                19.119079841700504,
                47.57113499578829
              ],
              [
                19.11907996079946,
                47.57113323486755
              ],
              [
                19.119079842088627,
                47.571131703368145
              ],
              [
                19.11907945140459,
                47.57112996054446
              ],
              [
                19.119078893596782,
                47.57112847412481
              ],
              [
                19.11907800813532,
                47.57112681633695
              ],
              [
                19.119077032655014,
                47.57112543208785
              ],
              [
                19.119076414299187,
                47.571124655175794
              ],
              [
                19.118947299037835,
                47.57097992074081
              ],
              [
                19.11894657883959,
                47.57097919553424
              ],
              [
                19.11894523819092,
                47.57097797779514
              ],
              [
                19.11894350380306,
                47.57097668588626
              ],
              [
                19.118941840856383,
                47.570975666310645
              ],
              [
                19.118939770416386,
                47.570974625426814
              ],
              [
                19.118937847796037,
                47.570973842410496
              ],
              [
                19.11893551927387,
                47.570973091750055
              ],
              [
                19.118933409383096,
                47.57097257478029
              ],
              [
                19.11893091046773,
                47.57097214261208
              ],
              [
                19.11892869276214,
                47.570971911157244
              ],
              [
                19.118926117559283,
                47.57097181375606
              ],
              [
                19.118923875554618,
                47.57097187653248
              ],
              [
                19.118921321042865,
                47.570972117566384
              ],
              [
                19.118919139169932,
                47.570972472209974
              ],
              [
                19.118916701548688,
                47.57097304260189
              ],
              [
                19.11891466197382,
                47.570973675757266
              ],
              [
                19.118913515952038,
                47.5709740782154
              ],
              [
                19.11847912766987,
                47.57114523948361
              ]
            ]
          ]
        ]
      },
      "properties": {
        "lotNumber": "88142"
      }
    },
    {
      "type": "Feature",
      "geometry": {
        "type": "MultiPolygon",
        "coordinates": [
          [
            [
              [
                19.118609252526795,
                47.57129404695685
              ],
              [
                19.11860817456007,
                47.57129453802443
              ],
              [
                19.118605969842626,
                47.57129565211147
              ],
              [
                19.11860405152064,
                47.571296835565306
              ],
              [
                19.1186022088323,
                47.57129821840947
              ],
              [
                19.11860066700053,
                47.57129963162557
              ],
              [
                19.11859925662766,
                47.571301230480465
              ],
              [
                19.1185981500968,
                47.571302819553964
              ],
              [
                19.118597225835853,
                47.57130457343398
              ],
              [
                19.1185965968128,
                47.5713062777522
              ],
              [
                19.118596193918282,
                47.57130811975838
              ],
              [
                19.118596066396194,
                47.571309874313016
              ],
              [
                19.118596200235977,
                47.57131173418505
              ],
              [
                19.11859657907908,
                47.57131347205133
              ],
              [
                19.118597244548173,
                47.57131527884745
              ],
              [
                19.11859811530621,
                47.571316933737364
              ],
              [
                19.118599287021457,
                47.571318618540154
              ],
              [
                19.11859989719236,
                47.57131939495227
              ],
              [
                19.118729014717644,
                47.57146592868048
              ],
              [
                19.118729736908016,
                47.57146666371587
              ],
              [
                19.11873137711363,
                47.57146816746055
              ],
              [
                19.11873312249663,
                47.57146947661667
              ],
              [
                19.11873516468541,
                47.57147073491848
              ],
              [
                19.11873725393467,
                47.57147178848461
              ],
              [
                19.118739619626442,
                47.57147275298774
              ],
              [
                19.118741972453254,
                47.571473510475926
              ],
              [
                19.118744570735767,
                47.57147414411495
              ],
              [
                19.118747096722263,
                47.57147457641531
              ],
              [
                19.118749827744875,
                47.57147485483988
              ],
              [
                19.118752429818713,
                47.57147494533934
              ],
              [
                19.11875518862966,
                47.57147485784971
              ],
              [
                19.118757766794495,
                47.571474603070385
              ],
              [
                19.11876044737411,
                47.57147415302878
              ],
              [
                19.118762902552422,
                47.57147356276176
              ],
              [
                19.118765401887433,
                47.571472767463
              ],
              [
                19.11876655358624,
                47.571472353127156
              ],
              [
                19.11919960971763,
                47.571297593767916
              ],
              [
                19.11920069528263,
                47.57129710531291
              ],
              [
                19.119202916194915,
                47.571295995991356
              ],
              [
                19.119204849822957,
                47.57129481559109
              ],
              [
                19.11920670848427,
                47.57129343450096
              ],
              [
                19.119208264895956,
                47.57129202160499
              ],
              [
                19.119209689956186,
                47.571290421763486
              ],
              [
                19.119210809404155,
                47.57128883061002
              ],
              [
                19.119211746158253,
                47.57128707343175
              ],
              [
                19.11921238566929,
                47.571285365101836
              ],
              [
                19.119212798157307,
                47.57128351804124
              ],
              [
                19.119212933182006,
                47.571281758114175
              ],
              [
                19.119212805569497,
                47.571279892076014
              ],
              [
                19.11921243092465,
                47.57127814811169
              ],
              [
                19.119211768110492,
                47.57127633472932
              ],
              [
                19.11921089817804,
                47.57127467367492
              ],
              [
                19.11920972560639,
                47.57127298256029
              ],
              [
                19.11920911463079,
                47.571272203243154
              ],
              [
                19.11907866475156,
                47.57112387193445
              ],
              [
                19.11907794017019,
                47.57112313344092
              ],
              [
                19.11907629392552,
                47.571121622800945
              ],
              [
                19.11907454111509,
                47.57112030804836
              ],
              [
                19.119072489448474,
                47.571119044949526
              ],
              [
                19.119070389989954,
                47.5711179880709
              ],
              [
                19.119068012420403,
                47.57111702146868
              ],
              [
                19.119065647685122,
                47.5711162634268
              ],
              [
                19.119063036363038,
                47.57111563078491
              ],
              [
                19.119060498003947,
                47.57111520096005
              ],
              [
                19.11905775413953,
                47.571114926798685
              ],
              [
                19.1190551405389,
                47.57111484185011
              ],
              [
                19.119052370479437,
                47.571114936795205
              ],
              [
                19.11904978293577,
                47.57111520001541
              ],
              [
                19.119047094043832,
                47.57111566038702
              ],
              [
                19.119044632845714,
                47.57111626157404
              ],
              [
                19.119042129337952,
                47.571117069529045
              ],
              [
                19.11904097622269,
                47.57111749006892
              ],
              [
                19.118609252526795,
                47.57129404695685
              ]
            ]
          ]
        ]
      },
      "properties": {
        "lotNumber": "88143"
      }
    },
    {
      "type": "Feature",
      "geometry": {
        "type": "MultiPolygon",
        "coordinates": [
          [
            [
              [
                19.118491873631623,
                47.571527686508084
              ],
              [
                19.11851304900509,
                47.57155271234909
              ],
              [
                19.118513760411787,
                47.57155346398594
              ],
              [
                19.11851527451321,
                47.57155490132219
              ],
              [
                19.1185170090169,
                47.57155624344357
              ],
              [
                19.11851891232207,
                47.57155745042244
              ],
              [
                19.118521003946054,
                47.57155853463566
              ],
              [
                19.118523221663853,
                47.57155946382837
              ],
              [
                19.11852558821693,
                47.5715602475289
              ],
              [
                19.11852803320125,
                47.57156086242243
              ],
              [
                19.118530581688756,
                47.5715613148144
              ],
              [
                19.118533157862924,
                47.571561591246265
              ],
              [
                19.11853578814097,
                47.57156169455275
              ],
              [
                19.118538394273138,
                47.57156162166042
              ],
              [
                19.11854100298385,
                47.57156137182195
              ],
              [
                19.118543536664955,
                47.571560952469795
              ],
              [
                19.118546021297945,
                47.57156035930384
              ],
              [
                19.11854838296594,
                47.57155960997052
              ],
              [
                19.118549547945086,
                47.571559191418196
              ],
              [
                19.11876607708249,
                47.57147181235194
              ],
              [
                19.118767163224256,
                47.57147132361669
              ],
              [
                19.118769238527893,
                47.57147028692508
              ],
              [
                19.118771173031732,
                47.57146910575451
              ],
              [
                19.118772909601667,
                47.57146781498992
              ],
              [
                19.11877446642687,
                47.57146640111159
              ],
              [
                19.118775797527704,
                47.57146490587733
              ],
              [
                19.118776916846386,
                47.571463313625834
              ],
              [
                19.118777791324696,
                47.571461671383
              ],
              [
                19.118778430122116,
                47.5714599619477
              ],
              [
                19.118778814372277,
                47.57145823580674
              ],
              [
                19.11877894809991,
                47.57145647488028
              ],
              [
                19.11877882735549,
                47.57145473117585
              ],
              [
                19.118778450874355,
                47.571452986429655
              ],
              [
                19.118777829775603,
                47.57145129217135
              ],
              [
                19.118776957553752,
                47.57144963065502
              ],
              [
                19.118775859969222,
                47.57144805095223
              ],
              [
                19.118775247716467,
                47.57144727155204
              ],
              [
                19.118646141512357,
                47.571300750816654
              ],
              [
                19.118514373034873,
                47.57115063371337
              ],
              [
                19.1185136460674,
                47.57114989177467
              ],
              [
                19.118512102905093,
                47.571148474479834
              ],
              [
                19.118510342673563,
                47.571147154157664
              ],
              [
                19.11850841764787,
                47.57114597001885
              ],
              [
                19.118506307986237,
                47.57114490985813
              ],
              [
                19.118504076341054,
                47.571144005160065
              ],
              [
                19.118501699710126,
                47.571143246599554
              ],
              [
                19.118499248674233,
                47.57114265670425
              ],
              [
                19.118496697969853,
                47.57114222939397
              ],
              [
                19.118494123347375,
                47.571141977358835
              ],
              [
                19.118491498269425,
                47.571141898001095
              ],
              [
                19.118488900695116,
                47.57114199367751
              ],
              [
                19.11848630385051,
                47.571142265374185
              ],
              [
                19.118483784856256,
                47.571142705022346
              ],
              [
                19.118481317748362,
                47.571143317153634
              ],
              [
                19.118478975794577,
                47.57114408358899
              ],
              [
                19.118477821330163,
                47.571144510338165
              ],
              [
                19.118262624528164,
                47.57123368699073
              ],
              [
                19.118261553958394,
                47.57123418073339
              ],
              [
                19.11825950958659,
                47.57123522585282
              ],
              [
                19.11825760624826,
                47.571236412571615
              ],
              [
                19.118255899913503,
                47.57123770599276
              ],
              [
                19.11825437248708,
                47.57123911983268
              ],
              [
                19.118253068884933,
                47.571240612515695
              ],
              [
                19.118251975282703,
                47.57124219987121
              ],
              [
                19.118251123839194,
                47.57124383522108
              ],
              [
                19.118250505525058,
                47.57124553590767
              ],
              [
                19.118250138522658,
                47.571247251920234
              ],
              [
                19.118250018940046,
                47.57124900145668
              ],
              [
                19.118250150293733,
                47.571250733069505
              ],
              [
                19.11825053397671,
                47.5712524651221
              ],
              [
                19.11825115870631,
                47.57125414668121
              ],
              [
                19.118252031107655,
                47.571255795579354
              ],
              [
                19.118253125526675,
                47.57125736332856
              ],
              [
                19.118253735354344,
                47.57125813686869
              ],
              [
                19.118491873631623,
                47.571527686508084
              ]
            ]
          ]
        ]
      },
      "properties": {
        "lotNumber": "88144"
      }
    },
    {
      "type": "Feature",
      "geometry": {
        "type": "MultiPolygon",
        "coordinates": [
          [
            [
              [
                19.118549351395274,
                47.571559061213
              ],
              [
                19.118550429445072,
                47.571558579431716
              ],
              [
                19.118552448878255,
                47.571557578278906
              ],
              [
                19.118554372864466,
                47.57155641425458
              ],
              [
                19.118556068332108,
                47.57155516786791
              ],
              [
                19.11855762364132,
                47.571553774162886
              ],
              [
                19.118558931219873,
                47.57155232953437
              ],
              [
                19.11856005921289,
                47.57155075869499
              ],
              [
                19.118560929603277,
                47.571549170291036
              ],
              [
                19.11856158775187,
                47.57154748154209
              ],
              [
                19.118561988138172,
                47.57154580924958
              ],
              [
                19.118562151628517,
                47.571544066261275
              ],
              [
                19.1185620669152,
                47.57154237313013
              ],
              [
                19.118561729583377,
                47.57154064161773
              ],
              [
                19.118561162964458,
                47.5715389914833
              ],
              [
                19.118560337528848,
                47.571537336729335
              ],
              [
                19.118559310367424,
                47.57153579180607
              ],
              [
                19.118558723644707,
                47.57153501288842
              ],
              [
                19.118537424584712,
                47.57150984089557
              ],
              [
                19.118537361930123,
                47.57150976764941
              ],
              [
                19.11853723939509,
                47.571509625941935
              ],
              [
                19.1185371757249,
                47.571509553098
              ],
              [
                19.118298909585405,
                47.57123985899092
              ],
              [
                19.118298185378382,
                47.5712391238224
              ],
              [
                19.118296680419792,
                47.57123774767897
              ],
              [
                19.118294930719763,
                47.57123643883522
              ],
              [
                19.11829305763752,
                47.57123528807254
              ],
              [
                19.118290963945604,
                47.571234235657464
              ],
              [
                19.118288794862526,
                47.57123335458548
              ],
              [
                19.11828643779609,
                47.57123259912213
              ],
              [
                19.118284056232447,
                47.57123202166639
              ],
              [
                19.118281526550014,
                47.571231592243834
              ],
              [
                19.11827902420758,
                47.57123134063919
              ],
              [
                19.118276419314217,
                47.57123125379224
              ],
              [
                19.11827389254534,
                47.5712313377267
              ],
              [
                19.118271312742092,
                47.57123159679943
              ],
              [
                19.118268858839638,
                47.57123201304108
              ],
              [
                19.11826640346146,
                47.57123260805792
              ],
              [
                19.1182641169126,
                47.571233340579504
              ],
              [
                19.11826296571647,
                47.571233757391674
              ],
              [
                19.11804776582641,
                47.57132113472153
              ],
              [
                19.11804668674706,
                47.57132162287517
              ],
              [
                19.118044666572754,
                47.57132263672849
              ],
              [
                19.11804274449948,
                47.57132381443018
              ],
              [
                19.118041053632517,
                47.57132507442336
              ],
              [
                19.118039506006685,
                47.5713264822575
              ],
              [
                19.11803820879646,
                47.571327940438884
              ],
              [
                19.11803709451616,
                47.571329524827554
              ],
              [
                19.118036240330685,
                47.57133112570318
              ],
              [
                19.11803560180218,
                47.57133282634933
              ],
              [
                19.11803522314931,
                47.57133450899462
              ],
              [
                19.118035084673178,
                47.571336261176555
              ],
              [
                19.118035195963394,
                47.57133796155507
              ],
              [
                19.118035562809727,
                47.571339698590116
              ],
              [
                19.11803615980776,
                47.571341351990434
              ],
              [
                19.11803701801557,
                47.571343007772086
              ],
              [
                19.118038078001522,
                47.57134455127068
              ],
              [
                19.118038681860664,
                47.57134532881198
              ],
              [
                19.118295587902868,
                47.571640197092
              ],
              [
                19.118296305817505,
                47.57164093556477
              ],
              [
                19.118297799107935,
                47.571642318484436
              ],
              [
                19.118299537938523,
                47.57164363502712
              ],
              [
                19.11830140168914,
                47.57164479386624
              ],
              [
                19.118303487086,
                47.57164585514397
              ],
              [
                19.11830564946818,
                47.57164674524099
              ],
              [
                19.118308001060463,
                47.571647510352285
              ],
              [
                19.11831037873633,
                47.57164809740307
              ],
              [
                19.118312905894015,
                47.57164853686063
              ],
              [
                19.118315407228277,
                47.57164879824032
              ],
              [
                19.11831801255506,
                47.57164889510746
              ],
              [
                19.118320541146662,
                47.57164882074253
              ],
              [
                19.11832312423361,
                47.571648571286
              ],
              [
                19.118325582630955,
                47.571648164042465
              ],
              [
                19.118328043926258,
                47.57164757787638
              ],
              [
                19.11833033738307,
                47.57164685344927
              ],
              [
                19.118331492430542,
                47.57164644067331
              ],
              [
                19.118549351395274,
                47.571559061213
              ]
            ]
          ]
        ]
      },
      "properties": {
        "lotNumber": "88145"
      }
    },
    {
      "type": "Feature",
      "geometry": {
        "type": "MultiPolygon",
        "coordinates": [
          [
            [
              [
                19.11782799006963,
                47.571407945593336
              ],
              [
                19.11782688383508,
                47.5714084305414
              ],
              [
                19.117824940026267,
                47.571409378452735
              ],
              [
                19.117822966931147,
                47.57141055816829
              ],
              [
                19.117821337364592,
                47.57141174678167
              ],
              [
                19.117819746605413,
                47.57141316655789
              ],
              [
                19.117818495226413,
                47.57141454923128
              ],
              [
                19.11781734922569,
                47.571416153355145
              ],
              [
                19.11781652513924,
                47.571417675831576
              ],
              [
                19.11781586886685,
                47.57141940135633
              ],
              [
                19.117815504410732,
                47.57142100389274
              ],
              [
                19.117815363619346,
                47.57142278310759
              ],
              [
                19.117815473095153,
                47.57142440281947
              ],
              [
                19.117815853309615,
                47.57142616590679
              ],
              [
                19.117816432421527,
                47.571427739235496
              ],
              [
                19.11781731872206,
                47.571429417010556
              ],
              [
                19.11781834474542,
                47.57143088221765
              ],
              [
                19.11781896755311,
                47.57143166833625
              ],
              [
                19.11808118924625,
                47.57172653389797
              ],
              [
                19.118081912908043,
                47.571727264278174
              ],
              [
                19.118083322730158,
                47.57172854687595
              ],
              [
                19.118085067956933,
                47.57172984720889
              ],
              [
                19.118086819267575,
                47.57173091990678
              ],
              [
                19.118088904680178,
                47.5717319658844
              ],
              [
                19.118090930681557,
                47.57173278776791
              ],
              [
                19.118093276738986,
                47.57173353949493
              ],
              [
                19.118095500156123,
                47.571734079216064
              ],
              [
                19.118098017375935,
                47.571734508020405
              ],
              [
                19.11810035340408,
                47.57173474499341
              ],
              [
                19.11810294577541,
                47.57173483451974
              ],
              [
                19.11810530531462,
                47.57173475970598
              ],
              [
                19.118107873960177,
                47.57173450653962
              ],
              [
                19.118110167013782,
                47.571734122792655
              ],
              [
                19.118112613961223,
                47.571733536589825
              ],
              [
                19.118114753068408,
                47.57173285854639
              ],
              [
                19.11811590145905,
                47.571732447067276
              ],
              [
                19.11833110409625,
                47.57164596908125
              ],
              [
                19.118332189504876,
                47.57164548274066
              ],
              [
                19.118334096236254,
                47.57164453433471
              ],
              [
                19.11833603084181,
                47.571643358416644
              ],
              [
                19.1183376282048,
                47.57164217691649
              ],
              [
                19.11833918744877,
                47.57164076858564
              ],
              [
                19.118340414298707,
                47.57163939921735
              ],
              [
                19.118341538495592,
                47.571637812382555
              ],
              [
                19.118342347870552,
                47.5716363075634
              ],
              [
                19.118342993987856,
                47.571634602966355
              ],
              [
                19.11834335490624,
                47.571633020298684
              ],
              [
                19.118343498211633,
                47.57163126318881
              ],
              [
                19.11834339685812,
                47.571629663254775
              ],
              [
                19.118343031866175,
                47.57162792089158
              ],
              [
                19.118342472120503,
                47.57162636493422
              ],
              [
                19.118341612802677,
                47.57162470401279
              ],
              [
                19.118340616091146,
                47.571623251591774
              ],
              [
                19.118340010629755,
                47.57162247172926
              ],
              [
                19.11808310442599,
                47.57132760354649
              ],
              [
                19.11808239131879,
                47.57132686952064
              ],
              [
                19.118081000275545,
                47.57132557961821
              ],
              [
                19.118079274626176,
                47.5713242698151
              ],
              [
                19.11807753996616,
                47.57132318724485
              ],
              [
                19.11807547135827,
                47.571322129120006
              ],
              [
                19.11807345910737,
                47.571321295087444
              ],
              [
                19.118071126277794,
                47.57132052891595
              ],
              [
                19.11806891302774,
                47.57131997516665
              ],
              [
                19.118066404770293,
                47.571319530111076
              ],
              [
                19.11806407476336,
                47.5713192777222
              ],
              [
                19.11806148654907,
                47.57131917072254
              ],
              [
                19.118059128471604,
                47.57131922930073
              ],
              [
                19.118056558814903,
                47.57131946442966
              ],
              [
                19.118054262421687,
                47.57131983174519
              ],
              [
                19.118051809130616,
                47.571320400053146
              ],
              [
                19.118049661828564,
                47.571321062125094
              ],
              [
                19.118048508273002,
                47.57132146493739
              ],
              [
                19.11782799006963,
                47.571407945593336
              ]
            ]
          ]
        ]
      },
      "properties": {
        "lotNumber": "88146"
      }
    },
    {
      "type": "Feature",
      "geometry": {
        "type": "MultiPolygon",
        "coordinates": [
          [
            [
              [
                19.117863266341697,
                47.571413626621734
              ],
              [
                19.117862538179924,
                47.571412892141936
              ],
              [
                19.117861009970614,
                47.571411503471495
              ],
              [
                19.117859252463493,
                47.57141019695824
              ],
              [
                19.11785735261312,
                47.57140903724338
              ],
              [
                19.117855251620096,
                47.571407988434295
              ],
              [
                19.11785305343333,
                47.57140710242202
              ],
              [
                19.117850690020017,
                47.57140635178484
              ],
              [
                19.117848278312618,
                47.571405773661354
              ],
              [
                19.117845743669957,
                47.5714053501589
              ],
              [
                19.11784321149624,
                47.571405102230756
              ],
              [
                19.117840603421914,
                47.57140502220373
              ],
              [
                19.11783804848429,
                47.57140511403714
              ],
              [
                19.117835467609304,
                47.57140538057317
              ],
              [
                19.117832988488534,
                47.57140580862477
              ],
              [
                19.117830534394407,
                47.57140641143986
              ],
              [
                19.117828226745893,
                47.571407159193555
              ],
              [
                19.11782707712511,
                47.5714075799228
              ],
              [
                19.117611876981684,
                47.571495855895726
              ],
              [
                19.11761080029133,
                47.57149634779681
              ],
              [
                19.1176087645587,
                47.57149737933006
              ],
              [
                19.117606849044364,
                47.57149856412416
              ],
              [
                19.117605148302218,
                47.57149984369521
              ],
              [
                19.117603609493315,
                47.571501257797095
              ],
              [
                19.11760230857654,
                47.57150273662683
              ],
              [
                19.117601205134815,
                47.57150432612885
              ],
              [
                19.117600353636394,
                47.571505947841985
              ],
              [
                19.117599727626803,
                47.57150765214991
              ],
              [
                19.11759935800723,
                47.57150935492434
              ],
              [
                19.117599233294293,
                47.57151110906732
              ],
              [
                19.117599359644114,
                47.57151282799073
              ],
              [
                19.117599740982175,
                47.571514565098205
              ],
              [
                19.117600358484847,
                47.571516234642516
              ],
              [
                19.117601231336813,
                47.57151788849333
              ],
              [
                19.117602316452274,
                47.571519445013
              ],
              [
                19.117602927499686,
                47.57152022082391
              ],
              [
                19.117862489016524,
                47.57181418900311
              ],
              [
                19.117863210415113,
                47.571814921970585
              ],
              [
                19.117864724768687,
                47.57181630835636
              ],
              [
                19.117866467052572,
                47.571817613989246
              ],
              [
                19.11786835120703,
                47.57181877437774
              ],
              [
                19.11787043570522,
                47.57181982553358
              ],
              [
                19.117872617583807,
                47.571820715535104
              ],
              [
                19.11787496455555,
                47.571821472002775
              ],
              [
                19.117877360692273,
                47.57182205757103
              ],
              [
                19.117879880356067,
                47.57182249041248
              ],
              [
                19.117882399088664,
                47.571822749147
              ],
              [
                19.117884995056798,
                47.571822841804234
              ],
              [
                19.117887540033173,
                47.571822763807376
              ],
              [
                19.117890112998968,
                47.57182251273582
              ],
              [
                19.11789258686308,
                47.57182210099128
              ],
              [
                19.1178950383998,
                47.57182151579554
              ],
              [
                19.11789734651597,
                47.57182078605425
              ],
              [
                19.117898497160297,
                47.57182037467638
              ],
              [
                19.118116357556783,
                47.57173299603746
              ],
              [
                19.118117450163005,
                47.571732507037325
              ],
              [
                19.11811951676427,
                47.57173147959533
              ],
              [
                19.118121462799326,
                47.57173029579902
              ],
              [
                19.11812319190219,
                47.571729014269025
              ],
              [
                19.11812475751022,
                47.571727595399956
              ],
              [
                19.118126082095873,
                47.57172610945312
              ],
              [
                19.11812720659506,
                47.571724510505774
              ],
              [
                19.11812807532356,
                47.57172287773639
              ],
              [
                19.11812871512917,
                47.57172116068482
              ],
              [
                19.118129094329284,
                47.57171944437787
              ],
              [
                19.11812922464299,
                47.57171767577372
              ],
              [
                19.118129099617285,
                47.571715942452194
              ],
              [
                19.118128715388323,
                47.571714190845384
              ],
              [
                19.118128090982808,
                47.57171250769141
              ],
              [
                19.11812720710371,
                47.571710840973005
              ],
              [
                19.11812610752,
                47.57170927322453
              ],
              [
                19.118125488192348,
                47.57170849208448
              ],
              [
                19.117863266341697,
                47.571413626621734
              ]
            ]
          ]
        ]
      },
      "properties": {
        "lotNumber": "88147"
      }
    },
    {
      "type": "Feature",
      "geometry": {
        "type": "MultiPolygon",
        "coordinates": [
          [
            [
              [
                19.117649820294453,
                47.571501258740675
              ],
              [
                19.117649097577658,
                47.57150052455857
              ],
              [
                19.11764734807456,
                47.57149892343716
              ],
              [
                19.117645602184144,
                47.571497615968354
              ],
              [
                19.117643424952494,
                47.57149627642226
              ],
              [
                19.11764133586969,
                47.5714952244162
              ],
              [
                19.117638814482245,
                47.57149419786376
              ],
              [
                19.1176364623962,
                47.571493441701506
              ],
              [
                19.117633693636048,
                47.571492767546715
              ],
              [
                19.11763116883125,
                47.5714923362535
              ],
              [
                19.117628258976815,
                47.57149204037369
              ],
              [
                19.117625658367473,
                47.5714919505046
              ],
              [
                19.117622719113047,
                47.57149204425707
              ],
              [
                19.117620142523133,
                47.5714922992617
              ],
              [
                19.117617286691527,
                47.57149277904781
              ],
              [
                19.117614833023026,
                47.57149336913785
              ],
              [
                19.117612170234867,
                47.57149421654107
              ],
              [
                19.11761101921356,
                47.57149463064673
              ],
              [
                19.11739448807458,
                47.57158200754678
              ],
              [
                19.11739339738418,
                47.5715824985348
              ],
              [
                19.117391019114084,
                47.571583687577714
              ],
              [
                19.117389077733936,
                47.5715848749248
              ],
              [
                19.117387089794754,
                47.57158635625322
              ],
              [
                19.117385529787445,
                47.57158777799236
              ],
              [
                19.11738400923378,
                47.571589494188586
              ],
              [
                19.117382891066853,
                47.57159109521177
              ],
              [
                19.117381896837006,
                47.57159297975416
              ],
              [
                19.117381263851833,
                47.57159469800409
              ],
              [
                19.11738083448329,
                47.57159667784589
              ],
              [
                19.117380711215148,
                47.571598446721396
              ],
              [
                19.11738086335079,
                47.571600445121895
              ],
              [
                19.11738125457778,
                47.57160219605955
              ],
              [
                19.117381982320797,
                47.571604135558665
              ],
              [
                19.117382872878657,
                47.57160580069026
              ],
              [
                19.11738414802108,
                47.571607606110945
              ],
              [
                19.117384770486346,
                47.5716083861304
              ],
              [
                19.117496578729902,
                47.5717333444803
              ],
              [
                19.117497300541082,
                47.57173406920707
              ],
              [
                19.11749904543014,
                47.571735649652986
              ],
              [
                19.117500782870138,
                47.57173694025736
              ],
              [
                19.117502946059098,
                47.57173826280812
              ],
              [
                19.117505019198163,
                47.571739301951304
              ],
              [
                19.11750751918558,
                47.57174031677774
              ],
              [
                19.117509849915002,
                47.571741065308444
              ],
              [
                19.11751259250999,
                47.571741734175404
              ],
              [
                19.117515093015935,
                47.571742163891514
              ],
              [
                19.11751797488696,
                47.571742461598404
              ],
              [
                19.11752055095897,
                47.57174255630976
              ],
              [
                19.117523463527053,
                47.571742471639965
              ],
              [
                19.117526018107586,
                47.5717422277781
              ],
              [
                19.117528851637168,
                47.571741763921764
              ],
              [
                19.11753128847843,
                47.571741190674615
              ],
              [
                19.117533936211874,
                47.57174036510817
              ],
              [
                19.117535081519478,
                47.57173996124886
              ],
              [
                19.117574590424407,
                47.571724332960216
              ],
              [
                19.117707979738668,
                47.57187610251846
              ],
              [
                19.117708699877983,
                47.57187683734128
              ],
              [
                19.11771044362071,
                47.571878440131016
              ],
              [
                19.11771218455993,
                47.57187974946462
              ],
              [
                19.117714356434668,
                47.57188109155054
              ],
              [
                19.1177164410512,
                47.57188214617671
              ],
              [
                19.11771895777258,
                47.57188317609351
              ],
              [
                19.117721306127134,
                47.571883935570206
              ],
              [
                19.117724071185826,
                47.5718846138235
              ],
              [
                19.117726593225456,
                47.57188504902689
              ],
              [
                19.117729500589025,
                47.57188534960734
              ],
              [
                19.117732099600424,
                47.5718854438486
              ],
              [
                19.117735037779443,
                47.57188535522991
              ],
              [
                19.117737614097628,
                47.571885104895074
              ],
              [
                19.117740470420966,
                47.57188463047548
              ],
              [
                19.11774292525118,
                47.57188404516421
              ],
              [
                19.117745590186654,
                47.57188320313641
              ],
              [
                19.11774674234373,
                47.57188279139723
              ],
              [
                19.11789951075773,
                47.57182153648939
              ],
              [
                19.117900601422097,
                47.571821048587715
              ],
              [
                19.117902980319013,
                47.571819866653954
              ],
              [
                19.117904923500152,
                47.57181868578338
              ],
              [
                19.11790691494581,
                47.57181721186131
              ],
              [
                19.117908479394636,
                47.57181579664148
              ],
              [
                19.117910006497596,
                47.57181408764065
              ],
              [
                19.1179111318094,
                47.571812492714386
              ],
              [
                19.117912135606947,
                47.57181061462084
              ],
              [
                19.117912778332517,
                47.57180890156967
              ],
              [
                19.117913220067226,
                47.571806926898205
              ],
              [
                19.117913355390467,
                47.571805161864596
              ],
              [
                19.117913218006695,
                47.57180316685905
              ],
              [
                19.117912840702772,
                47.57180141799251
              ],
              [
                19.117912129505154,
                47.57179947968178
              ],
              [
                19.117911254142193,
                47.57179781450753
              ],
              [
                19.117909996590793,
                47.57179600773149
              ],
              [
                19.117909381978855,
                47.57179522681615
              ],
              [
                19.117649820294453,
                47.571501258740675
              ]
            ]
          ]
        ]
      },
      "properties": {
        "lotNumber": "88148/1"
      }
    },
    {
      "type": "Feature",
      "geometry": {
        "type": "MultiPolygon",
        "coordinates": [
          [
            [
              [
                19.117302208577556,
                47.57184217664629
              ],
              [
                19.117431311820173,
                47.57198869822422
              ],
              [
                19.11743203757233,
                47.571989436541635
              ],
              [
                19.117433484099575,
                47.571990761499116
              ],
              [
                19.11743523924408,
                47.57199207561468
              ],
              [
                19.117437041420708,
                47.571993183033754
              ],
              [
                19.117439143090262,
                47.57199423889095
              ],
              [
                19.117441231021814,
                47.571995085822266
              ],
              [
                19.1174435977066,
                47.57199584247138
              ],
              [
                19.117445890416064,
                47.571996396068
              ],
              [
                19.117448430328082,
                47.57199682416362
              ],
              [
                19.117450838896445,
                47.57199706295525
              ],
              [
                19.11745345352931,
                47.57199714589436
              ],
              [
                19.11745588454415,
                47.57199706061986
              ],
              [
                19.11745847249355,
                47.5719967951858
              ],
              [
                19.117460831671867,
                47.57199638915237
              ],
              [
                19.117463292568395,
                47.571995785639565
              ],
              [
                19.117465488413302,
                47.57199507459455
              ],
              [
                19.117466641095476,
                47.57199465288241
              ],
              [
                19.117681843510784,
                47.57190637719353
              ],
              [
                19.11768291060463,
                47.57190589015382
              ],
              [
                19.117684826006208,
                47.57190492142393
              ],
              [
                19.11768672703834,
                47.57190374984868
              ],
              [
                19.11768833097692,
                47.57190254966643
              ],
              [
                19.117689863101486,
                47.5719011523067
              ],
              [
                19.117691095552377,
                47.57189976558687
              ],
              [
                19.11769220143222,
                47.57189819473662
              ],
              [
                19.117693016273062,
                47.571896673374894
              ],
              [
                19.11769365452254,
                47.571894987820485
              ],
              [
                19.117694021259357,
                47.57189338875128
              ],
              [
                19.117694167993157,
                47.57189165157179
              ],
              [
                19.11769407290151,
                47.57189003463763
              ],
              [
                19.11769372262845,
                47.57188831084408
              ],
              [
                19.117693169267085,
                47.57188673655601
              ],
              [
                19.117692335095633,
                47.571885090658384
              ],
              [
                19.11769134417324,
                47.57188361793145
              ],
              [
                19.11769075470119,
                47.571882843620074
              ],
              [
                19.11767078738155,
                47.57185946959431
              ],
              [
                19.117670739200687,
                47.57185941365867
              ],
              [
                19.117670649032213,
                47.57185930983811
              ],
              [
                19.117670600257714,
                47.57185925413872
              ],
              [
                19.11754281616392,
                47.57171451737086
              ],
              [
                19.117542795960958,
                47.571714494564205
              ],
              [
                19.117542758290814,
                47.57171445218143
              ],
              [
                19.117542737988238,
                47.57171442941522
              ],
              [
                19.117430929675606,
                47.57158947110928
              ],
              [
                19.117430202178205,
                47.571588741232894
              ],
              [
                19.11742875421479,
                47.57158743167674
              ],
              [
                19.117427001301362,
                47.571586133305566
              ],
              [
                19.117425204464297,
                47.571585039459805
              ],
              [
                19.117423111722648,
                47.571583996743186
              ],
              [
                19.11742103470661,
                47.57158316042653
              ],
              [
                19.117418682144088,
                47.57158241322841
              ],
              [
                19.117416404355197,
                47.57158186641401
              ],
              [
                19.117413881912295,
                47.571581443300374
              ],
              [
                19.117411490432378,
                47.571581206893384
              ],
              [
                19.117408894544248,
                47.57158112404027
              ],
              [
                19.117406480801623,
                47.57158120707873
              ],
              [
                19.117403910711275,
                47.57158146765365
              ],
              [
                19.117401566985386,
                47.57158186696292
              ],
              [
                19.117399120949575,
                47.57158246100393
              ],
              [
                19.11739693684307,
                47.57158316131808
              ],
              [
                19.117395789853617,
                47.571583576768724
              ],
              [
                19.11718058710768,
                47.57167095247341
              ],
              [
                19.117179503498726,
                47.57167144288546
              ],
              [
                19.117177558854102,
                47.571672419666875
              ],
              [
                19.11717562993368,
                47.57167360354047
              ],
              [
                19.11717400404303,
                47.57167481817265
              ],
              [
                19.117172453242215,
                47.57167623384749
              ],
              [
                19.117171208517288,
                47.571677639705364
              ],
              [
                19.117170095365438,
                47.57167923283905
              ],
              [
                19.117169279586534,
                47.57168077595721
              ],
              [
                19.117168646813372,
                47.57168248539545
              ],
              [
                19.117168291295194,
                47.571684106539415
              ],
              [
                19.117168163190545,
                47.57168586666347
              ],
              [
                19.11716828158017,
                47.57168750360372
              ],
              [
                19.11716866306158,
                47.57168924684914
              ],
              [
                19.117169250814573,
                47.571690836749724
              ],
              [
                19.117170127238527,
                47.5716924961999
              ],
              [
                19.11717116179336,
                47.57169397803069
              ],
              [
                19.11717177580716,
                47.571694756232546
              ],
              [
                19.117302208577556,
                47.57184217664629
              ]
            ]
          ]
        ]
      },
      "properties": {
        "lotNumber": "88149"
      }
    },
    {
      "type": "Feature",
      "geometry": {
        "type": "MultiPolygon",
        "coordinates": [
          [
            [
              [
                19.117336596479696,
                47.57184723657215
              ],
              [
                19.117337680711668,
                47.57184674633643
              ],
              [
                19.117339375443,
                47.571845895827664
              ],
              [
                19.117341305595403,
                47.571844712125866
              ],
              [
                19.117342722662773,
                47.57184365426631
              ],
              [
                19.1173442746033,
                47.57184223853962
              ],
              [
                19.11734535958009,
                47.57184101395945
              ],
              [
                19.11734647370194,
                47.571839420583025
              ],
              [
                19.11734718491646,
                47.57183807631593
              ],
              [
                19.117347818428566,
                47.57183636648813
              ],
              [
                19.117348128564597,
                47.57183495416461
              ],
              [
                19.11734825713516,
                47.57183319355636
              ],
              [
                19.11734815428108,
                47.57183176742086
              ],
              [
                19.117347772972046,
                47.57183002365351
              ],
              [
                19.117347261078336,
                47.57182863848101
              ],
              [
                19.117346384535093,
                47.5718269785291
              ],
              [
                19.117345483262614,
                47.57182568752113
              ],
              [
                19.11734486908642,
                47.571824909093415
              ],
              [
                19.11721442423946,
                47.571677475163895
              ],
              [
                19.1172136998722,
                47.57167674081119
              ],
              [
                19.117212443046768,
                47.5716755929559
              ],
              [
                19.117210693578325,
                47.571674285629854
              ],
              [
                19.117209129919697,
                47.57167332582075
              ],
              [
                19.117207037104276,
                47.57167227466586
              ],
              [
                19.117205226736587,
                47.57167153980846
              ],
              [
                19.1172028710449,
                47.57167078524269
              ],
              [
                19.117200883578473,
                47.57167030359294
              ],
              [
                19.117198355589014,
                47.571669874629926
              ],
              [
                19.117196267443763,
                47.57166966470773
              ],
              [
                19.11719366436007,
                47.571669577841554
              ],
              [
                19.117191555827088,
                47.57166964771856
              ],
              [
                19.117188977740085,
                47.57166990628932
              ],
              [
                19.117186929894384,
                47.57167025327873
              ],
              [
                19.117184475933882,
                47.57167084734412
              ],
              [
                19.117182567517013,
                47.57167145810388
              ],
              [
                19.11718141685828,
                47.57167187429196
              ],
              [
                19.116748352153554,
                47.57184752552324
              ],
              [
                19.116747267916097,
                47.57184801575336
              ],
              [
                19.116745573175177,
                47.57184886625344
              ],
              [
                19.116743643009297,
                47.571850049945304
              ],
              [
                19.11674222592977,
                47.57185110779752
              ],
              [
                19.116740673972863,
                47.57185252351612
              ],
              [
                19.11673958898184,
                47.57185374809056
              ],
              [
                19.116738474841405,
                47.57185534146114
              ],
              [
                19.11673776361118,
                47.571856685724505
              ],
              [
                19.116737130079105,
                47.57185839554894
              ],
              [
                19.116736819926626,
                47.57185980787082
              ],
              [
                19.116736691335646,
                47.571861568478354
              ],
              [
                19.116736794173303,
                47.5718629946144
              ],
              [
                19.116737175462426,
                47.57186473838371
              ],
              [
                19.116737687340503,
                47.57186612355895
              ],
              [
                19.11673856386529,
                47.571867783515465
              ],
              [
                19.11673946512368,
                47.57186907452815
              ],
              [
                19.11674007929147,
                47.57186985295905
              ],
              [
                19.11687052329064,
                47.5720172874157
              ],
              [
                19.11687124765781,
                47.57201802177044
              ],
              [
                19.116872504483972,
                47.572019169629336
              ],
              [
                19.11687425395546,
                47.57202047696038
              ],
              [
                19.116875817618272,
                47.57202143677392
              ],
              [
                19.116877910440927,
                47.57202248793469
              ],
              [
                19.11687972081608,
                47.572023222797135
              ],
              [
                19.116882076518863,
                47.57202397736947
              ],
              [
                19.11688406399567,
                47.572024459024654
              ],
              [
                19.116886591999524,
                47.57202488799445
              ],
              [
                19.116888680157572,
                47.57202509792226
              ],
              [
                19.11689128325826,
                47.572025184795265
              ],
              [
                19.116893391805817,
                47.57202511492374
              ],
              [
                19.116895969911575,
                47.57202485635965
              ],
              [
                19.116898017772918,
                47.57202450937542
              ],
              [
                19.11690047175304,
                47.572023915316194
              ],
              [
                19.11690238018589,
                47.57202330456115
              ],
              [
                19.116903530854458,
                47.5720228883759
              ],
              [
                19.117336596479696,
                47.57184723657215
              ]
            ]
          ]
        ]
      },
      "properties": {
        "lotNumber": "88150"
      }
    },
    {
      "type": "Feature",
      "geometry": {
        "type": "MultiPolygon",
        "coordinates": [
          [
            [
              [
                19.11746612176643,
                47.571994234588786
              ],
              [
                19.11746720478492,
                47.5719937449617
              ],
              [
                19.117469023103823,
                47.57199283264644
              ],
              [
                19.117470951424984,
                47.57199165060802
              ],
              [
                19.11747247227477,
                47.5719905160518
              ],
              [
                19.117474023373244,
                47.571989102437904
              ],
              [
                19.1174751884762,
                47.57198778911595
              ],
              [
                19.1174763029152,
                47.571986198095175
              ],
              [
                19.11747706762557,
                47.571984756333016
              ],
              [
                19.11747770270076,
                47.57198304887193
              ],
              [
                19.117478037715525,
                47.5719815339167
              ],
              [
                19.117478169091427,
                47.571979775443836
              ],
              [
                19.11747806157318,
                47.57197824534744
              ],
              [
                19.117477684215668,
                47.571976503246084
              ],
              [
                19.117477138284492,
                47.571975016640536
              ],
              [
                19.117476266653693,
                47.571973357666565
              ],
              [
                19.11747530322931,
                47.57197197151731
              ],
              [
                19.117474691789372,
                47.57197119326115
              ],
              [
                19.117345576505752,
                47.57182465815326
              ],
              [
                19.117344853213613,
                47.57182392208609
              ],
              [
                19.117343504839695,
                47.57182268622177
              ],
              [
                19.117341756426157,
                47.5718213755
              ],
              [
                19.117340077251935,
                47.57182034172203
              ],
              [
                19.117337984136146,
                47.571819287419245
              ],
              [
                19.117336038876736,
                47.571818495569275
              ],
              [
                19.117333681727043,
                47.57181773831806
              ],
              [
                19.117331545352407,
                47.57181721891385
              ],
              [
                19.11732901501295,
                47.571816787898584
              ],
              [
                19.117326769858597,
                47.57181656095789
              ],
              [
                19.117324163848192,
                47.571816472789735
              ],
              [
                19.11732189644196,
                47.571816547058816
              ],
              [
                19.11731931519578,
                47.5718168051359
              ],
              [
                19.117317112923086,
                47.57181717775236
              ],
              [
                19.117314655921874,
                47.57181777212836
              ],
              [
                19.117312603657904,
                47.57181842873171
              ],
              [
                19.117311451629252,
                47.57181884535874
              ],
              [
                19.11687838615298,
                47.571994497069724
              ],
              [
                19.11687730312903,
                47.57199498669123
              ],
              [
                19.11687548479984,
                47.57199589899723
              ],
              [
                19.116873556465215,
                47.57199708102569
              ],
              [
                19.116872035602402,
                47.57199821557406
              ],
              [
                19.116870484487567,
                47.57199962917987
              ],
              [
                19.116869319369332,
                47.572000942495656
              ],
              [
                19.11686820491176,
                47.57200253351061
              ],
              [
                19.11686744018454,
                47.57200397526872
              ],
              [
                19.116866805089398,
                47.57200568272644
              ],
              [
                19.116866470056973,
                47.57200719767989
              ],
              [
                19.11686633866066,
                47.572008956152
              ],
              [
                19.11686644616128,
                47.572010486249006
              ],
              [
                19.116866823498896,
                47.57201222835233
              ],
              [
                19.1168673694133,
                47.5720137149608
              ],
              [
                19.11686824102567,
                47.5720153739393
              ],
              [
                19.116869204434934,
                47.572016760093625
              ],
              [
                19.116869815866483,
                47.57201753835293
              ],
              [
                19.116998930302852,
                47.57216407398412
              ],
              [
                19.116999653594824,
                47.57216481005335
              ],
              [
                19.117001001969424,
                47.57216604592158
              ],
              [
                19.11700275038591,
                47.57216735664836
              ],
              [
                19.117004429564563,
                47.572168390431095
              ],
              [
                19.117006522687518,
                47.572169444739856
              ],
              [
                19.117008467954903,
                47.5721702365953
              ],
              [
                19.11701082511565,
                47.57217099385304
              ],
              [
                19.11701296150142,
                47.57217151326312
              ],
              [
                19.117015491855277,
                47.572171944285266
              ],
              [
                19.11701773702338,
                47.57217217123201
              ],
              [
                19.1170203430508,
                47.572172259407
              ],
              [
                19.117022610472702,
                47.57217218514389
              ],
              [
                19.117025191737678,
                47.57217192707348
              ],
              [
                19.117027394027204,
                47.57217155446257
              ],
              [
                19.117029851048073,
                47.57217096009279
              ],
              [
                19.11703190332923,
                47.57217030349453
              ],
              [
                19.117033055367738,
                47.57216988687034
              ],
              [
                19.11746612176643,
                47.571994234588786
              ]
            ]
          ]
        ]
      },
      "properties": {
        "lotNumber": "88151"
      }
    },
    {
      "type": "Feature",
      "geometry": {
        "type": "MultiPolygon",
        "coordinates": [
          [
            [
              [
                19.118089309842297,
                47.571702126328894
              ],
              [
                19.11787146049053,
                47.57178950052092
              ],
              [
                19.11771876159957,
                47.571850727540046
              ],
              [
                19.117655065209856,
                47.57187592355395
              ],
              [
                19.117654973809138,
                47.57187596004084
              ],
              [
                19.11765478961742,
                47.571876034241946
              ],
              [
                19.117654698650103,
                47.57187607122149
              ],
              [
                19.117439553171998,
                47.571964323537095
              ],
              [
                19.11700654396018,
                47.572139952589275
              ],
              [
                19.117005462540998,
                47.572140441406106
              ],
              [
                19.117003354598303,
                47.57214149868725
              ],
              [
                19.117001428686674,
                47.57214267851723
              ],
              [
                19.11699966490981,
                47.57214399308479
              ],
              [
                19.11699811491217,
                47.57214540389853
              ],
              [
                19.116996762680998,
                47.57214692553335
              ],
              [
                19.116995647810437,
                47.572148513434904
              ],
              [
                19.116994758782955,
                47.57215018400754
              ],
              [
                19.116994121629844,
                47.572151888335846
              ],
              [
                19.11699372976879,
                47.572153644027004
              ],
              [
                19.116993594673758,
                47.572155399673385
              ],
              [
                19.11699371494911,
                47.572157173412215
              ],
              [
                19.116994087073156,
                47.57215891330732
              ],
              [
                19.11699471489026,
                47.57216063733329
              ],
              [
                19.116995580017583,
                47.57216229500968
              ],
              [
                19.11699669139264,
                47.57216390346158
              ],
              [
                19.116997299210478,
                47.572164681488076
              ],
              [
                19.11707450262137,
                47.57225278284505
              ],
              [
                19.117075223366427,
                47.572253520155776
              ],
              [
                19.117076783779847,
                47.572254957566976
              ],
              [
                19.117078527728946,
                47.572256271236675
              ],
              [
                19.11708047307758,
                47.57225747462123
              ],
              [
                19.11708256269786,
                47.57225853238149
              ],
              [
                19.117084817994453,
                47.572259455352565
              ],
              [
                19.11708717273741,
                47.572260216430045
              ],
              [
                19.11708965104713,
                47.57226082340984
              ],
              [
                19.11709218014455,
                47.57226125846723
              ],
              [
                19.117094785936047,
                47.5722615260586
              ],
              [
                19.117097391898866,
                47.57226161832568
              ],
              [
                19.117100024726756,
                47.57226153621374
              ],
              [
                19.117102607102986,
                47.57226128213398
              ],
              [
                19.117105165479682,
                47.57226085348391
              ],
              [
                19.117107624726497,
                47.57226026285133
              ],
              [
                19.11711001003432,
                47.572259504186256
              ],
              [
                19.117111163573078,
                47.57225908929128
              ],
              [
                19.117544231615568,
                47.57208433618135
              ],
              [
                19.117760764563663,
                47.571996959013894
              ],
              [
                19.11776079594437,
                47.57199694632899
              ],
              [
                19.117978666502744,
                47.571908664290106
              ],
              [
                19.11797869737205,
                47.57190865174321
              ],
              [
                19.11797875967723,
                47.571908626341354
              ],
              [
                19.117978790496213,
                47.571908613737904
              ],
              [
                19.118193909006635,
                47.57182037101651
              ],
              [
                19.1184103567403,
                47.57173302614216
              ],
              [
                19.11841037219286,
                47.571733019896826
              ],
              [
                19.11841040339441,
                47.57173300726699
              ],
              [
                19.118410418834475,
                47.57173300100748
              ],
              [
                19.118625609640542,
                47.571645627138366
              ],
              [
                19.11884345675533,
                47.571557351782694
              ],
              [
                19.119273875443817,
                47.57138258552183
              ],
              [
                19.11927495503784,
                47.57138209709338
              ],
              [
                19.119277059474154,
                47.571381040809946
              ],
              [
                19.119278982314658,
                47.57137986236931
              ],
              [
                19.119280743476025,
                47.57137854956522
              ],
              [
                19.119282291437163,
                47.57137714080255
              ],
              [
                19.11928364223178,
                47.571375621489416
              ],
              [
                19.11928475634369,
                47.571374036071894
              ],
              [
                19.11928564531281,
                47.57137236812829
              ],
              [
                19.11928628313321,
                47.571370666452694
              ],
              [
                19.119286676411438,
                47.57136891341928
              ],
              [
                19.119286813642525,
                47.571367160311354
              ],
              [
                19.119286696247947,
                47.571365388970385
              ],
              [
                19.11928632766197,
                47.57136365121513
              ],
              [
                19.11928570406685,
                47.57136192904611
              ],
              [
                19.11928484370527,
                47.57136027284369
              ],
              [
                19.11928373766568,
                47.57135866545306
              ],
              [
                19.119283132609095,
                47.57135788783909
              ],
              [
                19.119208588634073,
                47.57127248468875
              ],
              [
                19.11920786892276,
                47.57127174574311
              ],
              [
                19.119206310242728,
                47.571270305030396
              ],
              [
                19.1192045673184,
                47.57126898812475
              ],
              [
                19.119202622334292,
                47.57126778156519
              ],
              [
                19.119200532449,
                47.571266720809696
              ],
              [
                19.119198276300523,
                47.571265795015655
              ],
              [
                19.119195920191853,
                47.57126503139
              ],
              [
                19.11919344003976,
                47.57126442212726
              ],
              [
                19.11919090873018,
                47.57126398513224
              ],
              [
                19.119188300389027,
                47.57126371593815
              ],
              [
                19.119185691669404,
                47.57126362245596
              ],
              [
                19.119183055905992,
                47.57126370373021
              ],
              [
                19.119180470557765,
                47.57126395737236
              ],
              [
                19.119177909198285,
                47.57126438597504
              ],
              [
                19.11917544709998,
                47.57126497694266
              ],
              [
                19.119173059096223,
                47.57126573631582
              ],
              [
                19.119171904278236,
                47.571266151650384
              ],
              [
                19.118738848312752,
                47.5714409109074
              ],
              [
                19.118522350048657,
                47.571528277497684
              ],
              [
                19.11830452200722,
                47.57161564453814
              ],
              [
                19.118089309842297,
                47.571702126328894
              ]
            ]
          ]
        ]
      },
      "properties": {
        "lotNumber": "88152"
      }
    },
    {
      "type": "Feature",
      "geometry": {
        "type": "MultiPolygon",
        "coordinates": [
          [
            [
              [
                19.11767433685355,
                47.57223048398926
              ],
              [
                19.117675426040503,
                47.572229993755606
              ],
              [
                19.117677443855086,
                47.57222898523029
              ],
              [
                19.117679382968852,
                47.572227799950376
              ],
              [
                19.117681070221753,
                47.57222654375965
              ],
              [
                19.117682629194565,
                47.572225124649904
              ],
              [
                19.117683920673272,
                47.572223669345696
              ],
              [
                19.11768503925066,
                47.57222207125502
              ],
              [
                19.117685885039396,
                47.572220473085075
              ],
              [
                19.117686519988265,
                47.572218757779844
              ],
              [
                19.117686887397284,
                47.57221707851358
              ],
              [
                19.117687014176877,
                47.572215312290595
              ],
              [
                19.117686889005846,
                47.57221361683194
              ],
              [
                19.11768650271621,
                47.57221186795588
              ],
              [
                19.117685889803106,
                47.57221022183451
              ],
              [
                19.117685005374494,
                47.57220855789967
              ],
              [
                19.117683928408567,
                47.572207024738354
              ],
              [
                19.1176833093536,
                47.57220624491871
              ],
              [
                19.117552863795705,
                47.57205971084829
              ],
              [
                19.117552138955542,
                47.57205898005834
              ],
              [
                19.117550649272342,
                47.572057626324494
              ],
              [
                19.117548901290863,
                47.57205632557106
              ],
              [
                19.117547050917505,
                47.57205519381508
              ],
              [
                19.117544962410555,
                47.57205414803203
              ],
              [
                19.117542822048648,
                47.57205328149765
              ],
              [
                19.11754047281676,
                47.57205253064369
              ],
              [
                19.117538124248174,
                47.57205196244053
              ],
              [
                19.117535604053984,
                47.57205153520531
              ],
              [
                19.11753313701599,
                47.57205128704411
              ],
              [
                19.117530542154476,
                47.57205119975201
              ],
              [
                19.11752805091098,
                47.57205128111484
              ],
              [
                19.117525480530105,
                47.572051537101245
              ],
              [
                19.117523060269885,
                47.57205194487921
              ],
              [
                19.117520612582208,
                47.57205253436304
              ],
              [
                19.11751835578183,
                47.572053252975294
              ],
              [
                19.11751720745703,
                47.57205366621748
              ],
              [
                19.117084139576377,
                47.57222841922772
              ],
              [
                19.11708305038398,
                47.57222890945574
              ],
              [
                19.117081032558065,
                47.572229917970695
              ],
              [
                19.11707909343081,
                47.5722311032406
              ],
              [
                19.11707740616346,
                47.572232359422514
              ],
              [
                19.117075847174206,
                47.572233778524065
              ],
              [
                19.117074555678517,
                47.572235233821466
              ],
              [
                19.11707343708241,
                47.572236831906224
              ],
              [
                19.1170725912749,
                47.57223843007171
              ],
              [
                19.11707195630588,
                47.57224014537357
              ],
              [
                19.117071588877184,
                47.57224182463782
              ],
              [
                19.11707146207697,
                47.57224359086014
              ],
              [
                19.117071587228352,
                47.572245286319436
              ],
              [
                19.117071973497893,
                47.57224703519751
              ],
              [
                19.11707258639232,
                47.57224868132213
              ],
              [
                19.117073470802342,
                47.57225034526164
              ],
              [
                19.11707454775145,
                47.57225187842861
              ],
              [
                19.117075166797978,
                47.572252658251564
              ],
              [
                19.11720561150827,
                47.57239919285287
              ],
              [
                19.117206336348303,
                47.572399923644944
              ],
              [
                19.11720782603233,
                47.57240127738308
              ],
              [
                19.117209574016826,
                47.57240257814153
              ],
              [
                19.117211424395116,
                47.5724037099028
              ],
              [
                19.117213512909274,
                47.57240475569178
              ],
              [
                19.117215653280006,
                47.57240562223217
              ],
              [
                19.117218002522964,
                47.57240637309266
              ],
              [
                19.117220351103846,
                47.57240694130222
              ],
              [
                19.117222871312425,
                47.572407368544305
              ],
              [
                19.11722533836558,
                47.57240761671208
              ],
              [
                19.117227933244063,
                47.57240770401103
              ],
              [
                19.11723042450481,
                47.57240762265473
              ],
              [
                19.11723299490443,
                47.572407366674916
              ],
              [
                19.117235415183146,
                47.572406958903066
              ],
              [
                19.117237862890406,
                47.57240636942535
              ],
              [
                19.117240119709656,
                47.57240565081864
              ],
              [
                19.117241268044268,
                47.57240523757927
              ],
              [
                19.11767433685355,
                47.57223048398926
              ]
            ]
          ]
        ]
      },
      "properties": {
        "lotNumber": "88153"
      }
    },
    {
      "type": "Feature",
      "geometry": {
        "type": "MultiPolygon",
        "coordinates": [
          [
            [
              [
                19.117843247905938,
                47.572055488005226
              ],
              [
                19.11784322968251,
                47.572055467199995
              ],
              [
                19.117843197171286,
                47.57205543019626
              ],
              [
                19.117843178865243,
                47.57205540942426
              ],
              [
                19.117789935111684,
                47.571995177493754
              ],
              [
                19.11778982766427,
                47.57199505806093
              ],
              [
                19.11778963397775,
                47.57199484648931
              ],
              [
                19.11778952379985,
                47.57199472820121
              ],
              [
                19.117768228450654,
                47.57197225444936
              ],
              [
                19.117767488057687,
                47.571971550037375
              ],
              [
                19.11776608427163,
                47.571970341886576
              ],
              [
                19.117764321710204,
                47.57196909314789
              ],
              [
                19.117762602625767,
                47.57196808880898
              ],
              [
                19.117760519916605,
                47.571967091029144
              ],
              [
                19.117758548899292,
                47.571966327522034
              ],
              [
                19.117756222811085,
                47.571965617479115
              ],
              [
                19.11775407251261,
                47.57196512294671
              ],
              [
                19.117751588784966,
                47.571964726812936
              ],
              [
                19.117749338465313,
                47.571964519483636
              ],
              [
                19.117746788648443,
                47.57196445186047
              ],
              [
                19.11774452125439,
                47.57196453937649
              ],
              [
                19.117741999334516,
                47.57196480275657
              ],
              [
                19.1177397984422,
                47.571965181892
              ],
              [
                19.11773739737728,
                47.57196576656709
              ],
              [
                19.11773534411158,
                47.57196642334707
              ],
              [
                19.11773421682186,
                47.571966829879315
              ],
              [
                19.11751768395326,
                47.572054206997755
              ],
              [
                19.11751659476846,
                47.57205469722992
              ],
              [
                19.117514724089514,
                47.57205563221438
              ],
              [
                19.11751278497837,
                47.57205681749162
              ],
              [
                19.117511220755638,
                47.572057982082896
              ],
              [
                19.11750966178316,
                47.57205940119034
              ],
              [
                19.11750846447405,
                47.5720607503769
              ],
              [
                19.11750734589474,
                47.57206234846594
              ],
              [
                19.117506561775436,
                47.57206383010153
              ],
              [
                19.1175059268226,
                47.572065545405884
              ],
              [
                19.11750558619947,
                47.572067102225176
              ],
              [
                19.117505459414176,
                47.57206886844806
              ],
              [
                19.117505575452437,
                47.57207044027973
              ],
              [
                19.117505961735056,
                47.572072189156486
              ],
              [
                19.1175065299499,
                47.572073715249104
              ],
              [
                19.11750741437065,
                47.572075379185364
              ],
              [
                19.117508412800582,
                47.57207680055525
              ],
              [
                19.11750903185146,
                47.57207758037593
              ],
              [
                19.11763944804664,
                47.57222408159784
              ],
              [
                19.117768536054133,
                47.57237058337322
              ],
              [
                19.11776925957979,
                47.572371319639345
              ],
              [
                19.117770639417348,
                47.572372584240455
              ],
              [
                19.117772388462047,
                47.57237389526004
              ],
              [
                19.117774106880976,
                47.57237495299805
              ],
              [
                19.117776200792964,
                47.57237600743282
              ],
              [
                19.117778191528174,
                47.57237681751968
              ],
              [
                19.117780549562745,
                47.57237757470878
              ],
              [
                19.11778273584819,
                47.57237810590619
              ],
              [
                19.117785267075572,
                47.572378536651215
              ],
              [
                19.11778756460442,
                47.57237876847523
              ],
              [
                19.11779017141625,
                47.572378856165884
              ],
              [
                19.11779249159192,
                47.57237877967704
              ],
              [
                19.117795073465146,
                47.57237852093182
              ],
              [
                19.11779732681777,
                47.57237813907965
              ],
              [
                19.117799784191025,
                47.57237754387625
              ],
              [
                19.11780188382754,
                47.57237687138559
              ],
              [
                19.117803035924673,
                47.57237645429868
              ],
              [
                19.11801824051289,
                47.572289077452915
              ],
              [
                19.118019320270527,
                47.572288588969315
              ],
              [
                19.118021174948193,
                47.57228765807081
              ],
              [
                19.1180230980515,
                47.5722864794684
              ],
              [
                19.118024650153963,
                47.57228532247111
              ],
              [
                19.118026198268463,
                47.57228391349337
              ],
              [
                19.11802738865296,
                47.572282574484696
              ],
              [
                19.118028502787876,
                47.5722809888207
              ],
              [
                19.118029286094917,
                47.57227951882347
              ],
              [
                19.11802992379627,
                47.57227781689483
              ],
              [
                19.118030270178057,
                47.572276271923194
              ],
              [
                19.11803040714635,
                47.572274518581864
              ],
              [
                19.11803030340411,
                47.57227295750695
              ],
              [
                19.118029934420285,
                47.572271219563795
              ],
              [
                19.118029384507192,
                47.57226970187019
              ],
              [
                19.118028523631423,
                47.57226804554951
              ],
              [
                19.11802754850195,
                47.57226662906882
              ],
              [
                19.118026943153065,
                47.572265851428526
              ],
              [
                19.117843247905938,
                47.572055488005226
              ]
            ]
          ]
        ]
      },
      "properties": {
        "lotNumber": "88155"
      }
    },
    {
      "type": "Feature",
      "geometry": {
        "type": "MultiPolygon",
        "coordinates": [
          [
            [
              [
                19.11798751505965,
                47.57188417374968
              ],
              [
                19.1179867957423,
                47.571883431979195
              ],
              [
                19.117985298912007,
                47.5718820429647
              ],
              [
                19.11798355482497,
                47.57188072084123
              ],
              [
                19.117981684587278,
                47.5718795574145
              ],
              [
                19.11797959127434,
                47.57187849239021
              ],
              [
                19.117977420241832,
                47.57187759972166
              ],
              [
                19.117975058976537,
                47.57187683314648
              ],
              [
                19.117972671440214,
                47.571876245894224
              ],
              [
                19.11797013389939,
                47.57187580753063
              ],
              [
                19.117967622556055,
                47.57187554849493
              ],
              [
                19.117965007260466,
                47.57187545536254
              ],
              [
                19.11796246961376,
                47.57187553460044
              ],
              [
                19.117959878103026,
                47.57187579031515
              ],
              [
                19.117957412677818,
                47.571876204750275
              ],
              [
                19.117954945568073,
                47.571876799383894
              ],
              [
                19.11795264808521,
                47.57187753292571
              ],
              [
                19.117951491406213,
                47.5718779506153
              ],
              [
                19.117733631316312,
                47.57196622839912
              ],
              [
                19.117732526003174,
                47.57196672874668
              ],
              [
                19.117730458726268,
                47.571967769494044
              ],
              [
                19.11772849660846,
                47.57196898117857
              ],
              [
                19.117726776428803,
                47.57197027933375
              ],
              [
                19.11772520953635,
                47.57197173086127
              ],
              [
                19.117723905159043,
                47.57197323457516
              ],
              [
                19.117722796074684,
                47.57197486797071
              ],
              [
                19.11772195959746,
                47.57197651718404
              ],
              [
                19.117721352618812,
                47.5719782672088
              ],
              [
                19.117721017451192,
                47.57197999605088
              ],
              [
                19.117720936821478,
                47.571981792807776
              ],
              [
                19.117721116350374,
                47.57198353222761
              ],
              [
                19.117721565290086,
                47.57198530395291
              ],
              [
                19.117722252345107,
                47.571986984476865
              ],
              [
                19.117723212923416,
                47.57198866040677
              ],
              [
                19.117724380063205,
                47.57199021491364
              ],
              [
                19.117725040989157,
                47.571990995813174
              ],
              [
                19.11774611658732,
                47.57201323767299
              ],
              [
                19.117799115183068,
                47.57207319232492
              ],
              [
                19.117982774497083,
                47.57228351479828
              ],
              [
                19.11798348985553,
                47.57228424943048
              ],
              [
                19.117984977205847,
                47.57228562533159
              ],
              [
                19.11798670799836,
                47.57228693562441
              ],
              [
                19.11798856232291,
                47.57228808953123
              ],
              [
                19.117990636589933,
                47.57228914704617
              ],
              [
                19.117992787093158,
                47.57229003490409
              ],
              [
                19.117995125642015,
                47.572290799266696
              ],
              [
                19.11799749022062,
                47.5722913871785
              ],
              [
                19.11800000376867,
                47.57229182920642
              ],
              [
                19.118002492146243,
                47.57229209472645
              ],
              [
                19.118005084729603,
                47.57229219754363
              ],
              [
                19.118007601903237,
                47.572292130534684
              ],
              [
                19.118010174540572,
                47.57229189021572
              ],
              [
                19.118012624407942,
                47.572291493236115
              ],
              [
                19.11801507887941,
                47.57229091895606
              ],
              [
                19.11801736790789,
                47.5722902071619
              ],
              [
                19.11801852127168,
                47.57228980115975
              ],
              [
                19.118235056646522,
                47.572204222027906
              ],
              [
                19.118236151249416,
                47.57220373907929
              ],
              [
                19.118238201674316,
                47.57220273386808
              ],
              [
                19.118240154931843,
                47.57220156211026
              ],
              [
                19.118241875514055,
                47.572200305096885
              ],
              [
                19.118243452704444,
                47.572198897599804
              ],
              [
                19.11824477708487,
                47.57219743726459
              ],
              [
                19.11824591737935,
                47.57219584831239
              ],
              [
                19.11824679447956,
                47.572194240977275
              ],
              [
                19.11824745389951,
                47.5721925318524
              ],
              [
                19.11824784989174,
                47.572190839508885
              ],
              [
                19.118248003004854,
                47.572189076128545
              ],
              [
                19.118247902616623,
                47.57218736404663
              ],
              [
                19.11824754351777,
                47.572185614420654
              ],
              [
                19.118246950620932,
                47.57218394863153
              ],
              [
                19.118246093159872,
                47.572182280239105
              ],
              [
                19.118245030621257,
                47.57218072498873
              ],
              [
                19.11824442461861,
                47.5721799415548
              ],
              [
                19.11798751505965,
                47.57188417374968
              ]
            ]
          ]
        ]
      },
      "properties": {
        "lotNumber": "88156"
      }
    },
    {
      "type": "Feature",
      "geometry": {
        "type": "MultiPolygon",
        "coordinates": [
          [
            [
              [
                19.11820305174551,
                47.5717955749064
              ],
              [
                19.118202324366635,
                47.571794839161925
              ],
              [
                19.118200750681194,
                47.571793405427286
              ],
              [
                19.118198993929862,
                47.57179209641084
              ],
              [
                19.11819703616363,
                47.571790898738094
              ],
              [
                19.11819493492526,
                47.571789847610994
              ],
              [
                19.118192668746055,
                47.571788932290175
              ],
              [
                19.118190304233682,
                47.57178817967867
              ],
              [
                19.1181878172295,
                47.57178758208698
              ],
              [
                19.11818528083165,
                47.57178715707951
              ],
              [
                19.11818266912533,
                47.57178690031395
              ],
              [
                19.11818005887393,
                47.5717868193371
              ],
              [
                19.118177423408053,
                47.57178691332156
              ],
              [
                19.118174840189432,
                47.57178717950503
              ],
              [
                19.11817228282489,
                47.571787620607154
              ],
              [
                19.118169826480596,
                47.571788223662985
              ],
              [
                19.11816744605966,
                47.57178899483405
              ],
              [
                19.118166295427258,
                47.571789415892596
              ],
              [
                19.11795109429639,
                47.57187769248732
              ],
              [
                19.117950022382622,
                47.57187818196995
              ],
              [
                19.117947933231388,
                47.57187923958185
              ],
              [
                19.117946024919853,
                47.57188041779425
              ],
              [
                19.117944277525865,
                47.57188172890734
              ],
              [
                19.117942742027786,
                47.57188313467076
              ],
              [
                19.117941402395505,
                47.57188464976026
              ],
              [
                19.11794029771139,
                47.57188622997469
              ],
              [
                19.1179394164429,
                47.571887891811066
              ],
              [
                19.117938784300144,
                47.571889586787
              ],
              [
                19.117938394683758,
                47.571891332597545
              ],
              [
                19.117938258960415,
                47.571893078310524
              ],
              [
                19.117938375713234,
                47.571894842150606
              ],
              [
                19.117938741536097,
                47.57189657265965
              ],
              [
                19.117939360248105,
                47.571898287903664
              ],
              [
                19.11794021379902,
                47.57189993784214
              ],
              [
                19.117941311099642,
                47.571901539699965
              ],
              [
                19.11794191138869,
                47.57190231479476
              ],
              [
                19.11819882078075,
                47.57219808269968
              ],
              [
                19.118199537500978,
                47.572198822051185
              ],
              [
                19.118201090126348,
                47.5722002638319
              ],
              [
                19.11820282707379,
                47.572201582292124
              ],
              [
                19.118204766127544,
                47.57220279093134
              ],
              [
                19.11820685033593,
                47.572203854250695
              ],
              [
                19.118209101038705,
                47.57220478313729
              ],
              [
                19.118211452130783,
                47.572205550308944
              ],
              [
                19.118213927684458,
                47.572206163620535
              ],
              [
                19.11821645499058,
                47.57220660505856
              ],
              [
                19.118219059925668,
                47.57220687914285
              ],
              [
                19.118221665980503,
                47.57220697782323
              ],
              [
                19.118224299837905,
                47.572206902110146
              ],
              [
                19.11822688413919,
                47.57220665422734
              ],
              [
                19.118229445344426,
                47.57220623163678
              ],
              [
                19.1182319082288,
                47.57220564675029
              ],
              [
                19.11823429800923,
                47.5722048935794
              ],
              [
                19.11823545395359,
                47.572204481321364
              ],
              [
                19.118455972435115,
                47.57211620098906
              ],
              [
                19.11845706528365,
                47.57211571276472
              ],
              [
                19.118459195777348,
                47.57211465544073
              ],
              [
                19.118461142714747,
                47.572113473194506
              ],
              [
                19.11846292594678,
                47.57211215397188
              ],
              [
                19.11846449302359,
                47.57211073657485
              ],
              [
                19.118465859923084,
                47.57210920655171
              ],
              [
                19.11846698644091,
                47.572107608904716
              ],
              [
                19.118467884063055,
                47.57210592734435
              ],
              [
                19.118468526387947,
                47.57210421132998
              ],
              [
                19.118468919964737,
                47.572102443365125
              ],
              [
                19.118469053217265,
                47.572100675450656
              ],
              [
                19.11846892750419,
                47.572098889560905
              ],
              [
                19.118468546523108,
                47.57209713822394
              ],
              [
                19.118467906389576,
                47.57209540358313
              ],
              [
                19.118467025931736,
                47.572093736659106
              ],
              [
                19.118465896172474,
                47.57209212045596
              ],
              [
                19.11846527857253,
                47.572091339023046
              ],
              [
                19.11820305174551,
                47.5717955749064
              ]
            ]
          ]
        ]
      },
      "properties": {
        "lotNumber": "88157"
      }
    },
    {
      "type": "Feature",
      "geometry": {
        "type": "MultiPolygon",
        "coordinates": [
          [
            [
              [
                19.118670185452768,
                47.57202677996863
              ],
              [
                19.118671252028584,
                47.57202628524789
              ],
              [
                19.118673309095982,
                47.57202522801026
              ],
              [
                19.118675204620192,
                47.57202404050462
              ],
              [
                19.118676920660576,
                47.57202273397037
              ],
              [
                19.11867844097526,
                47.57202132077361
              ],
              [
                19.118679751174863,
                47.572019814289774
              ],
              [
                19.118680838858708,
                47.57201822877745
              ],
              [
                19.11868169373217,
                47.572016579243055
              ],
              [
                19.118682307704102,
                47.57201488129897
              ],
              [
                19.118682674963456,
                47.572013151015874
              ],
              [
                19.118682792034228,
                47.57201140477039
              ],
              [
                19.118682657808407,
                47.572009659090256
              ],
              [
                19.11868227355643,
                47.572007930497996
              ],
              [
                19.11868164291516,
                47.57200623535416
              ],
              [
                19.11868077185348,
                47.57200458970286
              ],
              [
                19.118679668615776,
                47.572003009119804
              ],
              [
                19.118679060123586,
                47.5720022370083
              ],
              [
                19.118419493145453,
                47.57170827068122
              ],
              [
                19.11841877041515,
                47.57170753650392
              ],
              [
                19.118417222155642,
                47.57170611959274
              ],
              [
                19.11841547623936,
                47.571704812135685
              ],
              [
                19.118413549460882,
                47.571703626709606
              ],
              [
                19.118411460354565,
                47.57170257471753
              ],
              [
                19.118409229016255,
                47.57170166627897
              ],
              [
                19.118406876909972,
                47.57170091013244
              ],
              [
                19.118404426661446,
                47.57170031355168
              ],
              [
                19.118401901840457,
                47.57169988227536
              ],
              [
                19.11839932673411,
                47.571699620451994
              ],
              [
                19.11839672611325,
                47.57169953060029
              ],
              [
                19.118394124994143,
                47.57169961358445
              ],
              [
                19.118391548397838,
                47.57169986860627
              ],
              [
                19.1183890211095,
                47.57170029321259
              ],
              [
                19.118386567439984,
                47.57170088331901
              ],
              [
                19.118384210991987,
                47.57170163324903
              ],
              [
                19.11838305997222,
                47.571702047362386
              ],
              [
                19.118166529259504,
                47.57178942570441
              ],
              [
                19.118165441286433,
                47.57178991534289
              ],
              [
                19.11816334163812,
                47.57179096454566
              ],
              [
                19.118161404362265,
                47.57179214819245
              ],
              [
                19.118159648180566,
                47.57179345484458
              ],
              [
                19.118158090064636,
                47.57179487187472
              ],
              [
                19.118156745072,
                47.57179638558882
              ],
              [
                19.118155626200586,
                47.57179798135833
              ],
              [
                19.118154744263098,
                47.57179964376199
              ],
              [
                19.118154107782537,
                47.571801356734426
              ],
              [
                19.118153722909828,
                47.57180310372154
              ],
              [
                19.118153593364383,
                47.57180486784063
              ],
              [
                19.118153720398134,
                47.57180663204336
              ],
              [
                19.11815410278347,
                47.571808379280654
              ],
              [
                19.11815473682507,
                47.571810092667256
              ],
              [
                19.11815561639562,
                47.571811755645186
              ],
              [
                19.118156732995043,
                47.57181335214344
              ],
              [
                19.11815734934338,
                47.5718141317992
              ],
              [
                19.11841957600684,
                47.572109896017935
              ],
              [
                19.118420306993176,
                47.57211063503937
              ],
              [
                19.118421873232567,
                47.57211206062017
              ],
              [
                19.11842363984037,
                47.57211337456568
              ],
              [
                19.118425589547186,
                47.57211456403146
              ],
              [
                19.118427703293747,
                47.57211561738985
              ],
              [
                19.1184299604172,
                47.5721165243439
              ],
              [
                19.11843233885312,
                47.57211727602758
              ],
              [
                19.118434815351186,
                47.572117865092956
              ],
              [
                19.118437365702487,
                47.57211828578158
              ],
              [
                19.118439964976133,
                47.572118533980984
              ],
              [
                19.11844258776303,
                47.572118607265004
              ],
              [
                19.118445208424202,
                47.572118504917135
              ],
              [
                19.118447801341453,
                47.57211822793798
              ],
              [
                19.11845034116783,
                47.57211777903508
              ],
              [
                19.118452803075318,
                47.57211716259671
              ],
              [
                19.118455162997645,
                47.5721163846488
              ],
              [
                19.11845631450931,
                47.57211595615147
              ],
              [
                19.118670185452768,
                47.57202677996863
              ]
            ]
          ]
        ]
      },
      "properties": {
        "lotNumber": "88158"
      }
    },
    {
      "type": "Feature",
      "geometry": {
        "type": "MultiPolygon",
        "coordinates": [
          [
            [
              [
                19.118885161260742,
                47.571938145391144
              ],
              [
                19.118886249527318,
                47.57193765559746
              ],
              [
                19.11888797168153,
                47.57193679496578
              ],
              [
                19.1188899093948,
                47.57193561090057
              ],
              [
                19.118891349726432,
                47.57193453905373
              ],
              [
                19.11889290803284,
                47.57193312149743
              ],
              [
                19.11889401096808,
                47.57193187979163
              ],
              [
                19.118895129741894,
                47.571930283439265
              ],
              [
                19.118895852725075,
                47.57192891978456
              ],
              [
                19.118896488799518,
                47.57192720622993
              ],
              [
                19.11889680393508,
                47.57192577324167
              ],
              [
                19.118896932767914,
                47.57192400860063
              ],
              [
                19.118896827896727,
                47.57192256156927
              ],
              [
                19.11889644451716,
                47.571920813928834
              ],
              [
                19.11889592368565,
                47.571919408686746
              ],
              [
                19.118895042886095,
                47.57191774547792
              ],
              [
                19.11889412619012,
                47.571916436245
              ],
              [
                19.118893509159403,
                47.571915656552825
              ],
              [
                19.11863261230279,
                47.571621691506174
              ],
              [
                19.11863188690282,
                47.5716209582284
              ],
              [
                19.11863061304569,
                47.571619797991126
              ],
              [
                19.118628862162893,
                47.571618492892476
              ],
              [
                19.118627278390978,
                47.57161752306832
              ],
              [
                19.11862518500531,
                47.571616474125776
              ],
              [
                19.118623352146667,
                47.57161573196285
              ],
              [
                19.118620996658965,
                47.571614979463256
              ],
              [
                19.118618985108313,
                47.57161449346588
              ],
              [
                19.11861645798591,
                47.57161406631046
              ],
              [
                19.118614345000992,
                47.57161385514431
              ],
              [
                19.11861174330322,
                47.57161376973893
              ],
              [
                19.11860961003754,
                47.57161384151431
              ],
              [
                19.11860703368793,
                47.571614101139076
              ],
              [
                19.118604962073935,
                47.57161445309928
              ],
              [
                19.118602510022484,
                47.57161504778278
              ],
              [
                19.118600579624758,
                47.571615666410054
              ],
              [
                19.118599429928107,
                47.57161608274324
              ],
              [
                19.11838422903831,
                47.57170346068992
              ],
              [
                19.1183831460451,
                47.57170395080926
              ],
              [
                19.118381432346446,
                47.57170481151329
              ],
              [
                19.11837950436477,
                47.571705994576924
              ],
              [
                19.118378071364102,
                47.5717070647759
              ],
              [
                19.118376521013772,
                47.571708479413324
              ],
              [
                19.11837542365516,
                47.571709718073706
              ],
              [
                19.118374310379693,
                47.57171131004489
              ],
              [
                19.118373590738077,
                47.57171266967408
              ],
              [
                19.1183729572227,
                47.57171437793977
              ],
              [
                19.11837264289061,
                47.57171580640686
              ],
              [
                19.11837251342563,
                47.571717565468795
              ],
              [
                19.118372616455247,
                47.5717190080036
              ],
              [
                19.1183729960047,
                47.571720750415864
              ],
              [
                19.11837351244574,
                47.57172215170875
              ],
              [
                19.11837438645704,
                47.57172381066381
              ],
              [
                19.118375296508205,
                47.571725116986414
              ],
              [
                19.118375909175022,
                47.57172589509723
              ],
              [
                19.11863547599741,
                47.572019861520694
              ],
              [
                19.118636198734997,
                47.57202059569655
              ],
              [
                19.118637468320145,
                47.572021757561195
              ],
              [
                19.118639214252372,
                47.57202306501481
              ],
              [
                19.118640794224405,
                47.572024037061006
              ],
              [
                19.118642883347984,
                47.5720250890488
              ],
              [
                19.11864471305987,
                47.57202583396464
              ],
              [
                19.118647065184007,
                47.57202659010627
              ],
              [
                19.11864907440243,
                47.5720270792982
              ],
              [
                19.118651599241062,
                47.57202751056913
              ],
              [
                19.118653710842374,
                47.57202772525959
              ],
              [
                19.118656311479803,
                47.57202781510556
              ],
              [
                19.11865844441037,
                47.57202774705366
              ],
              [
                19.11866102102136,
                47.57202749202595
              ],
              [
                19.11866309340883,
                47.57202714384394
              ],
              [
                19.118665547090394,
                47.57202655373169
              ],
              [
                19.11866747938636,
                47.57202593878443
              ],
              [
                19.118668630410955,
                47.57202552466826
              ],
              [
                19.118885161260742,
                47.571938145391144
              ]
            ]
          ]
        ]
      },
      "properties": {
        "lotNumber": "88159"
      }
    },
    {
      "type": "Feature",
      "geometry": {
        "type": "MultiPolygon",
        "coordinates": [
          [
            [
              [
                19.118853451030205,
                47.57153222950644
              ],
              [
                19.11885272686024,
                47.57153149536314
              ],
              [
                19.118851051581252,
                47.571529965310006
              ],
              [
                19.118849302672956,
                47.57152865830914
              ],
              [
                19.118847218500388,
                47.57152737883453
              ],
              [
                19.11884512641478,
                47.57152632784725
              ],
              [
                19.11884271344219,
                47.57152534812062
              ],
              [
                19.11884035857693,
                47.57152459353572
              ],
              [
                19.118837709533455,
                47.571523951207425
              ],
              [
                19.11883518238462,
                47.57152352202316
              ],
              [
                19.118832399071426,
                47.57152324177743
              ],
              [
                19.118829796755833,
                47.57152315448709
              ],
              [
                19.118826986133982,
                47.57152324709363
              ],
              [
                19.118824408657066,
                47.571523505051715
              ],
              [
                19.11882167873706,
                47.571523966951695
              ],
              [
                19.11881922514971,
                47.57152456024507
              ],
              [
                19.118816680840737,
                47.57152537368798
              ],
              [
                19.118815530258168,
                47.57152578944309
              ],
              [
                19.118597673060936,
                47.57161406886636
              ],
              [
                19.118596587333794,
                47.57161455938823
              ],
              [
                19.11859432461433,
                47.5716156942063
              ],
              [
                19.11859239192868,
                47.57161687898682
              ],
              [
                19.118590500183384,
                47.571618290950546
              ],
              [
                19.11858894653493,
                47.57161970830543
              ],
              [
                19.11858749858672,
                47.57162134306104
              ],
              [
                19.118586383783335,
                47.5716229384291
              ],
              [
                19.11858543537116,
                47.571624733046704
              ],
              [
                19.118584802327366,
                47.571626445014175
              ],
              [
                19.118584389960528,
                47.57162833040969
              ],
              [
                19.11858426304549,
                47.571630093074226
              ],
              [
                19.118584402598195,
                47.571631996669325
              ],
              [
                19.11858478669763,
                47.57163374217699
              ],
              [
                19.11858547279789,
                47.5716355906925
              ],
              [
                19.118586353125952,
                47.57163725184988
              ],
              [
                19.118587559362382,
                47.571638974127026
              ],
              [
                19.118588175737454,
                47.57163975289566
              ],
              [
                19.118849072436184,
                47.571933718041095
              ],
              [
                19.11884979962432,
                47.57193445293902
              ],
              [
                19.118851481739583,
                47.571935984283535
              ],
              [
                19.118853237500932,
                47.57193729182239
              ],
              [
                19.118855329495613,
                47.57193857110774
              ],
              [
                19.11885742906931,
                47.57193962116276
              ],
              [
                19.11885985022896,
                47.57194059903095
              ],
              [
                19.118862212608146,
                47.5719413510883
              ],
              [
                19.118864869518287,
                47.57194198981063
              ],
              [
                19.118867403556322,
                47.57194241485407
              ],
              [
                19.118870193706567,
                47.571942689787015
              ],
              [
                19.1188728016338,
                47.57194277141722
              ],
              [
                19.118875617373003,
                47.57194267195317
              ],
              [
                19.118878198568915,
                47.57194240702067
              ],
              [
                19.11888093125865,
                47.571941936997185
              ],
              [
                19.1188833861341,
                47.571941335723785
              ],
              [
                19.118885930340205,
                47.57194051327557
              ],
              [
                19.118887080516973,
                47.57194009327487
              ],
              [
                19.119104937374704,
                47.57185091385468
              ],
              [
                19.119106019571568,
                47.571850420177945
              ],
              [
                19.119108274212515,
                47.571849278833845
              ],
              [
                19.1191101986222,
                47.571848088570356
              ],
              [
                19.119112080666532,
                47.571846671339955
              ],
              [
                19.119113624721592,
                47.571845249755505
              ],
              [
                19.119115061757334,
                47.57184361116699
              ],
              [
                19.119116166050013,
                47.57184201295731
              ],
              [
                19.11911710278703,
                47.57184021605573
              ],
              [
                19.11911772482954,
                47.57183850271224
              ],
              [
                19.119118125226795,
                47.571836616633675
              ],
              [
                19.119118241086042,
                47.57183485407765
              ],
              [
                19.119118089738294,
                47.571832951389304
              ],
              [
                19.11911769495667,
                47.57183120743531
              ],
              [
                19.119116997687158,
                47.57182936134349
              ],
              [
                19.119116107454065,
                47.57182770309047
              ],
              [
                19.119114891090454,
                47.571825984623786
              ],
              [
                19.11911427016993,
                47.57182520777038
              ],
              [
                19.118983861610015,
                47.57167961810431
              ],
              [
                19.118853451030205,
                47.57153222950644
              ]
            ]
          ]
        ]
      },
      "properties": {
        "lotNumber": "88160"
      }
    },
    {
      "type": "Feature",
      "geometry": {
        "type": "MultiPolygon",
        "coordinates": [
          [
            [
              [
                19.11928460768754,
                47.571357103283525
              ],
              [
                19.119283881489135,
                47.57135637128322
              ],
              [
                19.11928209346124,
                47.57135474705903
              ],
              [
                19.11928034179579,
                47.57135344449078
              ],
              [
                19.11927812034842,
                47.571352087200886
              ],
              [
                19.11927602718757,
                47.57135104060532
              ],
              [
                19.119273457493684,
                47.57135000228986
              ],
              [
                19.119271103091744,
                47.57134925179466
              ],
              [
                19.11926828367646,
                47.571348572263865
              ],
              [
                19.119265758303985,
                47.57134814664393
              ],
              [
                19.11926279726701,
                47.57134785195179
              ],
              [
                19.119260197749743,
                47.57134776752584
              ],
              [
                19.119257208620706,
                47.57134786897124
              ],
              [
                19.119254634627183,
                47.57134812897633
              ],
              [
                19.11925173201279,
                47.57134862266966
              ],
              [
                19.11924928223294,
                47.57134921713687
              ],
              [
                19.11924657742284,
                47.57135008414945
              ],
              [
                19.11924542875173,
                47.5713505001639
              ],
              [
                19.118815030556654,
                47.571525258075475
              ],
              [
                19.118813946965847,
                47.57152574850296
              ],
              [
                19.118811542341696,
                47.571526956385
              ],
              [
                19.11880961346315,
                47.57152814028593
              ],
              [
                19.11880760300512,
                47.57152964227897
              ],
              [
                19.118806052252285,
                47.57153105797578
              ],
              [
                19.11880451313422,
                47.57153279642409
              ],
              [
                19.11880340003461,
                47.571534389573564
              ],
              [
                19.118802391337436,
                47.57153629774475
              ],
              [
                19.118801758618783,
                47.57153800719206
              ],
              [
                19.118801319062623,
                47.571540011838735
              ],
              [
                19.118801191012665,
                47.571541771964625
              ],
              [
                19.11880133747054,
                47.57154379613606
              ],
              [
                19.118801719004747,
                47.571545539376196
              ],
              [
                19.1188024458548,
                47.57154750537214
              ],
              [
                19.118803322327622,
                47.57154916480996
              ],
              [
                19.11880460166898,
                47.57155099716336
              ],
              [
                19.11880521570515,
                47.571551775356596
              ],
              [
                19.1189356646764,
                47.57169920749495
              ],
              [
                19.118936390410774,
                47.571699943063045
              ],
              [
                19.118938178329188,
                47.57170157530897
              ],
              [
                19.118939931511065,
                47.5717028844579
              ],
              [
                19.118942156416246,
                47.57170424869722
              ],
              [
                19.11894425392756,
                47.57170530066781
              ],
              [
                19.118946829974824,
                47.57170634426335
              ],
              [
                19.118949190886184,
                47.57170709846685
              ],
              [
                19.11895201868253,
                47.57170778115295
              ],
              [
                19.118954551901606,
                47.57170820848956
              ],
              [
                19.118957522340622,
                47.57170850392581
              ],
              [
                19.118960130126844,
                47.571708587907324
              ],
              [
                19.118963128598452,
                47.57170848469474
              ],
              [
                19.11896571033414,
                47.571708222080865
              ],
              [
                19.118968621146635,
                47.57170772420176
              ],
              [
                19.118971077219285,
                47.57170712512505
              ],
              [
                19.11897378806319,
                47.571706251789344
              ],
              [
                19.118974939070824,
                47.57170583281468
              ],
              [
                19.119405337002508,
                47.571530174856846
              ],
              [
                19.11940641922609,
                47.57152968261751
              ],
              [
                19.119408820385836,
                47.57152847066126
              ],
              [
                19.119410745706357,
                47.571527283399334
              ],
              [
                19.119412751473075,
                47.5715257777946
              ],
              [
                19.119414297655243,
                47.57152435921473
              ],
              [
                19.11941583099333,
                47.57152261778745
              ],
              [
                19.119416938652844,
                47.571521022373034
              ],
              [
                19.119417940671358,
                47.57151911200639
              ],
              [
                19.119418567266358,
                47.5715174010328
              ],
              [
                19.119418999480793,
                47.5715153950983
              ],
              [
                19.11941912094568,
                47.571513634278894
              ],
              [
                19.119418966756072,
                47.57151160981864
              ],
              [
                19.11941857842586,
                47.571509866781426
              ],
              [
                19.119417843754306,
                47.571507901549026
              ],
              [
                19.11941696054372,
                47.57150624323886
              ],
              [
                19.119415673606895,
                47.5715044127131
              ],
              [
                19.119415056310327,
                47.571503635429316
              ],
              [
                19.11928460768754,
                47.571357103283525
              ]
            ]
          ]
        ]
      },
      "properties": {
        "lotNumber": "88161"
      }
    },
    {
      "type": "Feature",
      "geometry": {
        "type": "MultiPolygon",
        "coordinates": [
          [
            [
              [
                19.119534721889824,
                47.57167802469891
              ],
              [
                19.119535803742984,
                47.57167753613718
              ],
              [
                19.119538309301326,
                47.57167628052708
              ],
              [
                19.11954023615027,
                47.57167510109006
              ],
              [
                19.119542332888138,
                47.57167353960401
              ],
              [
                19.119543883870733,
                47.57167212902477
              ],
              [
                19.11954549166889,
                47.571670321329414
              ],
              [
                19.119546607519986,
                47.571668733508155
              ],
              [
                19.11954766494234,
                47.57166674867804
              ],
              [
                19.119548303023812,
                47.57166504428763
              ],
              [
                19.119548769664885,
                47.571662958165795
              ],
              [
                19.11954890559486,
                47.571661202333374
              ],
              [
                19.119548763623794,
                47.571659094633475
              ],
              [
                19.119548392208312,
                47.57165735445181
              ],
              [
                19.119547647050155,
                47.57165530571189
              ],
              [
                19.119546782481603,
                47.57165364767568
              ],
              [
                19.11954546260997,
                47.57165173618094
              ],
              [
                19.119544855010876,
                47.57165095795612
              ],
              [
                19.119415733569035,
                47.57150352568843
              ],
              [
                19.119415010519344,
                47.57150278587699
              ],
              [
                19.11941315021109,
                47.57150107247944
              ],
              [
                19.119411399683457,
                47.571499754922364
              ],
              [
                19.119409079153307,
                47.57149832155812
              ],
              [
                19.11940698093594,
                47.57149726179065
              ],
              [
                19.119404290229706,
                47.57149616407996
              ],
              [
                19.11940192574178,
                47.571495403225285
              ],
              [
                19.119398969269533,
                47.571494683763596
              ],
              [
                19.11939643026254,
                47.571494251345904
              ],
              [
                19.119393322747097,
                47.57149393805119
              ],
              [
                19.11939070774454,
                47.57149385084993
              ],
              [
                19.11938756976977,
                47.57149395587929
              ],
              [
                19.11938498024407,
                47.57149421727829
              ],
              [
                19.11938193357578,
                47.571494736556126
              ],
              [
                19.119379470010763,
                47.57149533641207
              ],
              [
                19.119376632871713,
                47.571496249788325
              ],
              [
                19.119375478492522,
                47.57149666985535
              ],
              [
                19.118945080734314,
                47.57167232770371
              ],
              [
                19.118943996691453,
                47.57167282085343
              ],
              [
                19.11894148710566,
                47.571674087966834
              ],
              [
                19.118939559041277,
                47.57167527771575
              ],
              [
                19.118937463618703,
                47.5716768522106
              ],
              [
                19.1189359161773,
                47.571678273947406
              ],
              [
                19.118934315675283,
                47.571680095143016
              ],
              [
                19.11893320849508,
                47.57168169407413
              ],
              [
                19.11893216459681,
                47.571683691781885
              ],
              [
                19.118931540348473,
                47.57168540628488
              ],
              [
                19.11893109328577,
                47.57168750351324
              ],
              [
                19.118930976027844,
                47.57168926751133
              ],
              [
                19.11893114303057,
                47.57169138343355
              ],
              [
                19.118931537282272,
                47.571693128942464
              ],
              [
                19.1189323119143,
                47.57169518201116
              ],
              [
                19.118933202481326,
                47.571696841759206
              ],
              [
                19.118934554888547,
                47.571698752849336
              ],
              [
                19.11893517628048,
                47.57169953037568
              ],
              [
                19.119065623581058,
                47.571845163441075
              ],
              [
                19.11906635091321,
                47.571845892466335
              ],
              [
                19.119068218607808,
                47.57184758024948
              ],
              [
                19.119069970586384,
                47.571848877127145
              ],
              [
                19.119072287533406,
                47.57185028696648
              ],
              [
                19.11907437866725,
                47.57185132858461
              ],
              [
                19.1190770564421,
                47.57185240667455
              ],
              [
                19.119079406924605,
                47.57185315328061
              ],
              [
                19.119082343331925,
                47.57185385847664
              ],
              [
                19.11908486345859,
                47.571854281576876
              ],
              [
                19.119087946432444,
                47.571854586965706
              ],
              [
                19.119090540024395,
                47.571854670412804
              ],
              [
                19.119093651905253,
                47.5718545643394
              ],
              [
                19.11909621997985,
                47.5718543049487
              ],
              [
                19.11909924200493,
                47.57185379146132
              ],
              [
                19.11910168655341,
                47.57185319913228
              ],
              [
                19.11910450338924,
                47.57185229782785
              ],
              [
                19.119105649903293,
                47.57185188339979
              ],
              [
                19.119534721889824,
                47.57167802469891
              ]
            ]
          ]
        ]
      },
      "properties": {
        "lotNumber": "88162"
      }
    },
    {
      "type": "Feature",
      "geometry": {
        "type": "MultiPolygon",
        "coordinates": [
          [
            [
              [
                19.119077041616833,
                47.571819548894005
              ],
              [
                19.119075965821427,
                47.57182003441396
              ],
              [
                19.119073909806374,
                47.571821063506476
              ],
              [
                19.119071992113852,
                47.571822234645325
              ],
              [
                19.119070269067407,
                47.57182351343371
              ],
              [
                19.119068722331573,
                47.57182491347954
              ],
              [
                19.119067397334717,
                47.57182639366282
              ],
              [
                19.119066279977172,
                47.57182796973469
              ],
              [
                19.119065403076277,
                47.57182959540511
              ],
              [
                19.119064757300684,
                47.571831287973346
              ],
              [
                19.11906436161714,
                47.571832997727924
              ],
              [
                19.1190642118151,
                47.57183474286276
              ],
              [
                19.11906431229432,
                47.57183647212251
              ],
              [
                19.119064664124075,
                47.571838203908655
              ],
              [
                19.119065256970973,
                47.57183988735789
              ],
              [
                19.119066097143698,
                47.57184154038428
              ],
              [
                19.119067159966004,
                47.57184311443762
              ],
              [
                19.119067753956458,
                47.57184389172271
              ],
              [
                19.119194217017714,
                47.571991325989494
              ],
              [
                19.119194931659262,
                47.57199207166845
              ],
              [
                19.119196450854705,
                47.571993497256635
              ],
              [
                19.119198187905614,
                47.57199482772589
              ],
              [
                19.1192000912802,
                47.57199602360621
              ],
              [
                19.11920218065841,
                47.571997097262354
              ],
              [
                19.1192043940562,
                47.57199801684291
              ],
              [
                19.119206754358988,
                47.571998791855975
              ],
              [
                19.11920919154543,
                47.57199939930976
              ],
              [
                19.119211730814786,
                47.57199984548498
              ],
              [
                19.119214296836425,
                47.57200011714535
              ],
              [
                19.119216916141717,
                47.57200021709971
              ],
              [
                19.119219511025644,
                47.57200014238271
              ],
              [
                19.119222108317988,
                47.571999892221896
              ],
              [
                19.119224630966805,
                47.57199947403858
              ],
              [
                19.11922710505499,
                47.57199888350894
              ],
              [
                19.119229457185593,
                47.57199813815178
              ],
              [
                19.119230617613745,
                47.571997721941486
              ],
              [
                19.11966234860567,
                47.571823861148026
              ],
              [
                19.119663434231384,
                47.571823373669176
              ],
              [
                19.119665508785204,
                47.571822339568236
              ],
              [
                19.1196674431052,
                47.571821161197285
              ],
              [
                19.119669180104058,
                47.57181987333352
              ],
              [
                19.119670738013316,
                47.571818462459355
              ],
              [
                19.119672070854627,
                47.57181697021385
              ],
              [
                19.11967319261751,
                47.57181538093438
              ],
              [
                19.119674070195533,
                47.57181374152514
              ],
              [
                19.11967471279981,
                47.57181203477886
              ],
              [
                19.119675101465234,
                47.57181031106656
              ],
              [
                19.119675240271295,
                47.571808552296076
              ],
              [
                19.119675125121436,
                47.57180681037382
              ],
              [
                19.119674754807075,
                47.57180506701659
              ],
              [
                19.119674140257274,
                47.57180337367575
              ],
              [
                19.119673275021732,
                47.571801712578065
              ],
              [
                19.119672184636055,
                47.57180013274724
              ],
              [
                19.119671576079117,
                47.57179935314084
              ],
              [
                19.119542453921774,
                47.5716519210215
              ],
              [
                19.11954173243403,
                47.57165118265323
              ],
              [
                19.119540201172384,
                47.57164977173766
              ],
              [
                19.11953845492939,
                47.571648456361004
              ],
              [
                19.119536545373997,
                47.57164727544346
              ],
              [
                19.119534452611088,
                47.57164621668139
              ],
              [
                19.119532238562652,
                47.571645311402065
              ],
              [
                19.119529880161156,
                47.5716445501737
              ],
              [
                19.119527447188442,
                47.57164395551995
              ],
              [
                19.11952491429608,
                47.571643521245285
              ],
              [
                19.11952235642885,
                47.571643260199295
              ],
              [
                19.119519746937055,
                47.57164316966224
              ],
              [
                19.119517163031958,
                47.57164325231297
              ],
              [
                19.119514577792593,
                47.571643509012574
              ],
              [
                19.119512067712613,
                47.57164393216569
              ],
              [
                19.119509606640218,
                47.57164452618109
              ],
              [
                19.11950726739514,
                47.57164527348258
              ],
              [
                19.119506113435087,
                47.5716456902977
              ],
              [
                19.119077041616833,
                47.571819548894005
              ]
            ]
          ]
        ]
      },
      "properties": {
        "lotNumber": "88163"
      }
    },
    {
      "type": "Feature",
      "geometry": {
        "type": "MultiPolygon",
        "coordinates": [
          [
            [
              [
                19.119204042061277,
                47.57196749932292
              ],
              [
                19.11920295463335,
                47.57196798769229
              ],
              [
                19.119201023702928,
                47.57196895052493
              ],
              [
                19.11919908665425,
                47.57197013133707
              ],
              [
                19.119197470597662,
                47.571971330724296
              ],
              [
                19.119195911416536,
                47.57197274470589
              ],
              [
                19.11919467241053,
                47.5719741345021
              ],
              [
                19.11919355108545,
                47.57197572725117
              ],
              [
                19.11919273680002,
                47.571977253984905
              ],
              [
                19.119192096473313,
                47.571978964221564
              ],
              [
                19.11919173823762,
                47.57198056915267
              ],
              [
                19.119191603545513,
                47.571982331076654
              ],
              [
                19.119191715142538,
                47.57198395245651
              ],
              [
                19.119192091267326,
                47.571985698278944
              ],
              [
                19.119192668403524,
                47.57198727372602
              ],
              [
                19.11919354087414,
                47.5719889362775
              ],
              [
                19.11919456134466,
                47.5719904051775
              ],
              [
                19.11919517393526,
                47.571991185043636
              ],
              [
                19.119324294749706,
                47.57213771807629
              ],
              [
                19.119325017171327,
                47.57213845330385
              ],
              [
                19.11932644122253,
                47.572139758765964
              ],
              [
                19.119328187227225,
                47.572141068208815
              ],
              [
                19.119329960346352,
                47.5721421605133
              ],
              [
                19.11933205037724,
                47.572143214204935
              ],
              [
                19.119334104386837,
                47.5721440513521
              ],
              [
                19.119336458080998,
                47.57214480877747
              ],
              [
                19.11933871400316,
                47.572145358578446
              ],
              [
                19.11934124085963,
                47.57214579061404
              ],
              [
                19.119343611952782,
                47.572146031928625
              ],
              [
                19.119346214812374,
                47.57214612196248
              ],
              [
                19.11934860990652,
                47.572146045511985
              ],
              [
                19.119351188687688,
                47.57214579008218
              ],
              [
                19.119353515689994,
                47.572145398806214
              ],
              [
                19.119355971237017,
                47.57214480773424
              ],
              [
                19.119358140672823,
                47.57214411667756
              ],
              [
                19.11935929244188,
                47.57214370189443
              ],
              [
                19.119789695082208,
                47.571969841447206
              ],
              [
                19.119790777586616,
                47.57196935404587
              ],
              [
                19.119792699887523,
                47.57196839352181
              ],
              [
                19.11979462860623,
                47.57196721631041
              ],
              [
                19.119796238167105,
                47.571966021129754
              ],
              [
                19.119797791751434,
                47.5719646125544
              ],
              [
                19.1197990271078,
                47.57196322835768
              ],
              [
                19.119800146230844,
                47.5719616422079
              ],
              [
                19.119800960208032,
                47.57196012185365
              ],
              [
                19.11980160213379,
                47.57195841869992
              ],
              [
                19.11980196364843,
                47.57195682024609
              ],
              [
                19.119802103863684,
                47.57195506512701
              ],
              [
                19.11980199911065,
                47.571953449613936
              ],
              [
                19.119801632261073,
                47.571951709552415
              ],
              [
                19.119801065240672,
                47.57195013867192
              ],
              [
                19.119800205335284,
                47.57194848011587
              ],
              [
                19.11979919770048,
                47.571947013855336
              ],
              [
                19.119798592407612,
                47.571946235123136
              ],
              [
                19.11967079986252,
                47.57179970179409
              ],
              [
                19.119670080819784,
                47.57179896290831
              ],
              [
                19.119668662297613,
                47.57179765062749
              ],
              [
                19.1196669208136,
                47.57179633364542
              ],
              [
                19.119665150506105,
                47.571795234401726
              ],
              [
                19.119663062112615,
                47.57179417328341
              ],
              [
                19.119661008364826,
                47.57179332951446
              ],
              [
                19.11965865368699,
                47.571792565225756
              ],
              [
                19.119656395786492,
                47.57179200950646
              ],
              [
                19.11965386572965,
                47.571791571553746
              ],
              [
                19.11965149084555,
                47.57179132533821
              ],
              [
                19.119648883085777,
                47.571791230629145
              ],
              [
                19.119646482903494,
                47.57179130342295
              ],
              [
                19.11964389811665,
                47.571791555613885
              ],
              [
                19.119641565298263,
                47.571791944606716
              ],
              [
                19.119639103273332,
                47.57179253396153
              ],
              [
                19.11963692788026,
                47.57179322413577
              ],
              [
                19.119635772893858,
                47.57179363862714
              ],
              [
                19.119204042061277,
                47.57196749932292
              ]
            ]
          ]
        ]
      },
      "properties": {
        "lotNumber": "88164"
      }
    },
    {
      "type": "Feature",
      "geometry": {
        "type": "MultiPolygon",
        "coordinates": [
          [
            [
              [
                19.119082347305863,
                47.5722034944339
              ],
              [
                19.11908237944484,
                47.572203531667974
              ],
              [
                19.11908245366748,
                47.57220361718608
              ],
              [
                19.11908248606993,
                47.57220365431551
              ],
              [
                19.119103784469402,
                47.572227926742876
              ],
              [
                19.119104508679314,
                47.572228666368176
              ],
              [
                19.11910629414319,
                47.572230307839064
              ],
              [
                19.119108046974798,
                47.57223162474361
              ],
              [
                19.119110273408996,
                47.57223299741673
              ],
              [
                19.11911237379801,
                47.57223405615488
              ],
              [
                19.11911495475463,
                47.572235106732016
              ],
              [
                19.11911732114718,
                47.57223586619511
              ],
              [
                19.11912015641286,
                47.572236553884444
              ],
              [
                19.119122696926667,
                47.57223698458404
              ],
              [
                19.119125676413717,
                47.57223728268403
              ],
              [
                19.11912829240573,
                47.57223736789684
              ],
              [
                19.11913130042663,
                47.572237264832836
              ],
              [
                19.11913389032308,
                47.572237001250315
              ],
              [
                19.119136810082377,
                47.57223650102408
              ],
              [
                19.119139273322766,
                47.5722358988806
              ],
              [
                19.119141991452036,
                47.57223502091492
              ],
              [
                19.119143145392254,
                47.57223459969705
              ],
              [
                19.11936100303131,
                47.572145419801835
              ],
              [
                19.11936208041516,
                47.57214492855988
              ],
              [
                19.11936447098312,
                47.57214371954667
              ],
              [
                19.11936638814538,
                47.572142535917784
              ],
              [
                19.119368385987713,
                47.57214103558849
              ],
              [
                19.119369926737036,
                47.572139622412855
              ],
              [
                19.11937145569069,
                47.572137887964026
              ],
              [
                19.11937256128962,
                47.57213629911572
              ],
              [
                19.119373563066866,
                47.57213439666927
              ],
              [
                19.119374191367108,
                47.5721326927194
              ],
              [
                19.119374627777624,
                47.57213069480166
              ],
              [
                19.119374754826797,
                47.5721289407094
              ],
              [
                19.119374609233574,
                47.57212692348629
              ],
              [
                19.119374230188317,
                47.57212518612231
              ],
              [
                19.119373508141866,
                47.57212322649576
              ],
              [
                19.11937263745251,
                47.572121572093
              ],
              [
                19.11937136647928,
                47.5721197447692
              ],
              [
                19.119370756438663,
                47.57211896857821
              ],
              [
                19.119241721650116,
                47.571972533317755
              ],
              [
                19.119115342904756,
                47.571825197502235
              ],
              [
                19.11911462475587,
                47.571824448529895
              ],
              [
                19.119112850900066,
                47.57182278554639
              ],
              [
                19.119111104167963,
                47.57182145008652
              ],
              [
                19.119108880332487,
                47.571820056644654
              ],
              [
                19.119106778578438,
                47.57181898066636
              ],
              [
                19.119104192194968,
                47.57181791155026
              ],
              [
                19.119101818050922,
                47.571817137356355
              ],
              [
                19.119098970804927,
                47.571816434599064
              ],
              [
                19.119096417612003,
                47.57181599262754
              ],
              [
                19.11909342144493,
                47.5718156838584
              ],
              [
                19.119090789583645,
                47.57181559148569
              ],
              [
                19.119087762291834,
                47.57181568884419
              ],
              [
                19.119085155235602,
                47.571815949701936
              ],
              [
                19.119082215839086,
                47.57181644936041
              ],
              [
                19.119079736086093,
                47.57181705319284
              ],
              [
                19.119077000149254,
                47.57181793550682
              ],
              [
                19.11907583878043,
                47.57181835912442
              ],
              [
                19.11885798200773,
                47.57190753849058
              ],
              [
                19.118856907752164,
                47.571908028146346
              ],
              [
                19.118854523819753,
                47.57190923305435
              ],
              [
                19.11885261137208,
                47.571910412369654
              ],
              [
                19.118850617559982,
                47.57191190700814
              ],
              [
                19.11884907897242,
                47.57191331472198
              ],
              [
                19.118847550835472,
                47.57191504245217
              ],
              [
                19.118846444412277,
                47.57191662521969
              ],
              [
                19.118845439858752,
                47.57191852056994
              ],
              [
                19.118844807527534,
                47.571920218412714
              ],
              [
                19.118844364624746,
                47.57192220955939
              ],
              [
                19.118844230347563,
                47.571923958138306
              ],
              [
                19.118844365879266,
                47.571925969627614
              ],
              [
                19.118844734744613,
                47.57192770268089
              ],
              [
                19.118845443575008,
                47.57192965828808
              ],
              [
                19.11884630160496,
                47.571931310142205
              ],
              [
                19.118847556873266,
                47.57193313576028
              ],
              [
                19.118848159859184,
                47.57193391149002
              ],
              [
                19.11902914793697,
                47.57214152047234
              ],
              [
                19.119082347305863,
                47.5722034944339
              ]
            ]
          ]
        ]
      },
      "properties": {
        "lotNumber": "88165"
      }
    },
    {
      "type": "Feature",
      "geometry": {
        "type": "MultiPolygon",
        "coordinates": [
          [
            [
              [
                19.11914227136517,
                47.5722340101139
              ],
              [
                19.119143362595775,
                47.57223352382506
              ],
              [
                19.119145595628115,
                47.572232418526525
              ],
              [
                19.11914754079615,
                47.572231240855935
              ],
              [
                19.119149411594897,
                47.57222986155625
              ],
              [
                19.11915097918051,
                47.57222844934904
              ],
              [
                19.119152415605825,
                47.57222684923529
              ],
              [
                19.11915354516137,
                47.57222525694762
              ],
              [
                19.11915449182332,
                47.57222349772185
              ],
              [
                19.119155139792085,
                47.5722217867539
              ],
              [
                19.119155560186538,
                47.57221993625361
              ],
              [
                19.119155701582297,
                47.57221817258202
              ],
              [
                19.11915557949852,
                47.57221630216441
              ],
              [
                19.119155208869024,
                47.57221455379809
              ],
              [
                19.119154549014805,
                47.57221273558828
              ],
              [
                19.119153680651994,
                47.57221106994595
              ],
              [
                19.11915250847206,
                47.57220937405591
              ],
              [
                19.119151897385432,
                47.57220859252133
              ],
              [
                19.119130665991985,
                47.57218439648149
              ],
              [
                19.1190774841796,
                47.57212244303768
              ],
              [
                19.119077461630347,
                47.57212241687075
              ],
              [
                19.119077413687954,
                47.572122361451335
              ],
              [
                19.119077391008556,
                47.57212233533586
              ],
              [
                19.11889635390686,
                47.571914670335026
              ],
              [
                19.11889563451687,
                47.57191393087842
              ],
              [
                19.118893999237507,
                47.57191241775953
              ],
              [
                19.118892256624875,
                47.57191109983966
              ],
              [
                19.118890215461242,
                47.57190983250278
              ],
              [
                19.11888812547764,
                47.57190877080424
              ],
              [
                19.118885757339132,
                47.57190779824332
              ],
              [
                19.118883400781275,
                47.57190703381038
              ],
              [
                19.118880797217805,
                47.57190639362364
              ],
              [
                19.118878265187877,
                47.57190595600848
              ],
              [
                19.118875526850594,
                47.571905672944986
              ],
              [
                19.118872917234345,
                47.57190557906524
              ],
              [
                19.118870149984634,
                47.571905664067955
              ],
              [
                19.118867563667195,
                47.57190591755308
              ],
              [
                19.11886487448414,
                47.571906367335764
              ],
              [
                19.11886241144995,
                47.57190695838625
              ],
              [
                19.11885990429467,
                47.571907755560794
              ],
              [
                19.118858749053278,
                47.571908171021555
              ],
              [
                19.118642218282563,
                47.57199555024992
              ],
              [
                19.118641135165326,
                47.5719960374676
              ],
              [
                19.118638919039675,
                47.571997143832405
              ],
              [
                19.118636989102384,
                47.571998320854064
              ],
              [
                19.11863513334881,
                47.57199969782921
              ],
              [
                19.118633578627264,
                47.5720011064356
              ],
              [
                19.11863215415077,
                47.57200270140939
              ],
              [
                19.1186310340481,
                47.572004287780175
              ],
              [
                19.118630095275396,
                47.572006039811626
              ],
              [
                19.11862945258877,
                47.572007743334474
              ],
              [
                19.118629035388764,
                47.57200958548163
              ],
              [
                19.11862889467416,
                47.57201134106801
              ],
              [
                19.118629014987405,
                47.57201320294578
              ],
              [
                19.11862938162138,
                47.57201494351792
              ],
              [
                19.118630034851034,
                47.572016753987306
              ],
              [
                19.11863089482526,
                47.57201841304113
              ],
              [
                19.118632056012704,
                47.57202010292733
              ],
              [
                19.11863266144103,
                47.57202088188654
              ],
              [
                19.118888242555773,
                47.572313950674335
              ],
              [
                19.11888895981835,
                47.572314687921214
              ],
              [
                19.11889058994354,
                47.57231619669015
              ],
              [
                19.11889232655235,
                47.57231751119575
              ],
              [
                19.11889436030988,
                47.572318775759705
              ],
              [
                19.118896442501892,
                47.5723198357347
              ],
              [
                19.118898801735593,
                47.57232080749709
              ],
              [
                19.118901149493286,
                47.572321572207215
              ],
              [
                19.118903743539075,
                47.572322213823774
              ],
              [
                19.11890626663939,
                47.572322653881585
              ],
              [
                19.11890899580947,
                47.57232294069532
              ],
              [
                19.11891159729097,
                47.57232303918968
              ],
              [
                19.11891435670475,
                47.572322960178475
              ],
              [
                19.11891693659387,
                47.57232271332426
              ],
              [
                19.118919620208516,
                47.572322271524484
              ],
              [
                19.118922079361454,
                47.57232168880815
              ],
              [
                19.11892458404707,
                47.57232090119792
              ],
              [
                19.118925738532585,
                47.572320490405524
              ],
              [
                19.11914227136517,
                47.5722340101139
              ]
            ]
          ]
        ]
      },
      "properties": {
        "lotNumber": "88166"
      }
    },
    {
      "type": "Feature",
      "geometry": {
        "type": "MultiPolygon",
        "coordinates": [
          [
            [
              [
                19.118926661350006,
                47.57232127011249
              ],
              [
                19.118927740710404,
                47.57232078181589
              ],
              [
                19.118930178021493,
                47.57231955854672
              ],
              [
                19.118932100517284,
                47.57231838046264
              ],
              [
                19.118934140383534,
                47.5723168601671
              ],
              [
                19.11893568820252,
                47.57231545185422
              ],
              [
                19.118937252952794,
                47.57231369242009
              ],
              [
                19.118938367159338,
                47.57231210750232
              ],
              [
                19.118939397213335,
                47.572310175922844
              ],
              [
                19.11894003538231,
                47.57230847474838
              ],
              [
                19.11894049151919,
                47.57230644457155
              ],
              [
                19.1189406293514,
                47.572304691915406
              ],
              [
                19.118940494203148,
                47.57230264044343
              ],
              [
                19.11894012645051,
                47.57230090304069
              ],
              [
                19.118939405163236,
                47.572298908386664
              ],
              [
                19.118938545828634,
                47.57229725239176
              ],
              [
                19.118937265866602,
                47.57229539050524
              ],
              [
                19.11893666137947,
                47.57229461292825
              ],
              [
                19.11868108008989,
                47.57200154424582
              ],
              [
                19.118680353487573,
                47.57200079835723
              ],
              [
                19.118678529504564,
                47.57199911435416
              ],
              [
                19.118676767245763,
                47.5719977867928
              ],
              [
                19.118674487883972,
                47.57199637962564
              ],
              [
                19.118672373017194,
                47.57199531363815
              ],
              [
                19.11866972800146,
                47.571994238698665
              ],
              [
                19.118667343776355,
                47.57199347624654
              ],
              [
                19.11866443722511,
                47.571992775848585
              ],
              [
                19.118661877494315,
                47.57199234694498
              ],
              [
                19.118658823821022,
                47.5719920486591
              ],
              [
                19.11865618934576,
                47.57199197018736
              ],
              [
                19.11865310875519,
                47.57199208575523
              ],
              [
                19.118650503238904,
                47.57199236080431
              ],
              [
                19.118647516995374,
                47.5719928856767
              ],
              [
                19.118645043001585,
                47.571993503419606
              ],
              [
                19.118642268655577,
                47.5719944169355
              ],
              [
                19.11864111172195,
                47.57199484722238
              ],
              [
                19.118427240858605,
                47.572084023352204
              ],
              [
                19.118426176737668,
                47.57208451680758
              ],
              [
                19.118423775261736,
                47.57208575045077
              ],
              [
                19.118421883425547,
                47.57208693453314
              ],
              [
                19.118419878854723,
                47.57208845859294
              ],
              [
                19.118418360212907,
                47.57208986747079
              ],
              [
                19.118416827898844,
                47.57209162465788
              ],
              [
                19.118415739537053,
                47.57209320537167
              ],
              [
                19.118414737079362,
                47.57209512963364
              ],
              [
                19.118414119909072,
                47.57209682276446
              ],
              [
                19.118413684990156,
                47.57209884176855
              ],
              [
                19.118413562210836,
                47.572100583671805
              ],
              [
                19.11841371117936,
                47.57210262152379
              ],
              [
                19.118414087406393,
                47.5721043467215
              ],
              [
                19.118414814662767,
                47.57210632681869
              ],
              [
                19.118415675753905,
                47.57210797046082
              ],
              [
                19.11841695396074,
                47.572109818371516
              ],
              [
                19.118417556898486,
                47.572110590117234
              ],
              [
                19.118598541206428,
                47.572317298840346
              ],
              [
                19.118650407265175,
                47.572377473410114
              ],
              [
                19.11865043350047,
                47.57237750371198
              ],
              [
                19.11865049509541,
                47.572377574536944
              ],
              [
                19.118650521505355,
                47.57237760476925
              ],
              [
                19.11867181977663,
                47.572401877274956
              ],
              [
                19.11867254221329,
                47.57240261527565
              ],
              [
                19.11867435404654,
                47.572404281787016
              ],
              [
                19.118676102023837,
                47.572405596241765
              ],
              [
                19.118678360647362,
                47.57240699065758
              ],
              [
                19.1186804548658,
                47.57240804827521
              ],
              [
                19.118683072979323,
                47.57240911669851
              ],
              [
                19.118685432493212,
                47.5724098766
              ],
              [
                19.118688308901422,
                47.57241057773405
              ],
              [
                19.11869084251081,
                47.57241101054769
              ],
              [
                19.118693866034757,
                47.57241131729231
              ],
              [
                19.11869647581055,
                47.57241140628893
              ],
              [
                19.11869952958495,
                47.572411306787835
              ],
              [
                19.118702114654063,
                47.572411048527584
              ],
              [
                19.11870508064437,
                47.572410546626635
              ],
              [
                19.118707541088657,
                47.57240995109174
              ],
              [
                19.11871030465339,
                47.572409066190424
              ],
              [
                19.118711458131532,
                47.57240864865009
              ],
              [
                19.118926661350006,
                47.57232127011249
              ]
            ]
          ]
        ]
      },
      "properties": {
        "lotNumber": "88167"
      }
    },
    {
      "type": "Feature",
      "geometry": {
        "type": "MultiPolygon",
        "coordinates": [
          [
            [
              [
                19.118710826185097,
                47.57240806595036
              ],
              [
                19.11871191229502,
                47.57240757817409
              ],
              [
                19.11871419736196,
                47.57240643890185
              ],
              [
                19.118716132380133,
                47.57240525975693
              ],
              [
                19.118718045366077,
                47.57240384085527
              ],
              [
                19.11871960353335,
                47.57240242903163
              ],
              [
                19.118721071016246,
                47.572400784959264
              ],
              [
                19.118722192528846,
                47.572399194643964
              ],
              [
                19.118723158185478,
                47.57239738850181
              ],
              [
                19.118723799998822,
                47.57239568073259
              ],
              [
                19.11872422676655,
                47.572393781842
              ],
              [
                19.11872436424739,
                47.572392022164514
              ],
              [
                19.118724235746594,
                47.57239010340659
              ],
              [
                19.118723863618417,
                47.57238835935878
              ],
              [
                19.11872318478118,
                47.5723864943771
              ],
              [
                19.118722317326668,
                47.57238483289708
              ],
              [
                19.118721114207467,
                47.57238309327122
              ],
              [
                19.118720504424655,
                47.57238231361389
              ],
              [
                19.11869926151822,
                47.572358104229856
              ],
              [
                19.11864740026271,
                47.57229793529678
              ],
              [
                19.118647377241764,
                47.572297908692924
              ],
              [
                19.118647326909333,
                47.57229785075483
              ],
              [
                19.11864730375373,
                47.57229782420451
              ],
              [
                19.118466268928515,
                47.572091058000304
              ],
              [
                19.11846555012277,
                47.5720903219137
              ],
              [
                19.118463870737916,
                47.572088773052315
              ],
              [
                19.118462131709204,
                47.572087461067454
              ],
              [
                19.11846003825033,
                47.57208616356193
              ],
              [
                19.118457954550124,
                47.572085106256395
              ],
              [
                19.118455527396307,
                47.57208410992487
              ],
              [
                19.118453179029,
                47.57208334789422
              ],
              [
                19.118450511371638,
                47.572082690991174
              ],
              [
                19.11844798850355,
                47.57208225349387
              ],
              [
                19.118445182768216,
                47.57208196124129
              ],
              [
                19.11844258226569,
                47.572081865075155
              ],
              [
                19.118439746179483,
                47.572081948694176
              ],
              [
                19.118437167889642,
                47.57208219755154
              ],
              [
                19.118434410345003,
                47.57208265383158
              ],
              [
                19.118431953262107,
                47.57208323815748
              ],
              [
                19.118429380135836,
                47.572084049579544
              ],
              [
                19.11842822681108,
                47.572084461015
              ],
              [
                19.118207708415582,
                47.5721727412952
              ],
              [
                19.118206618625212,
                47.57217322799819
              ],
              [
                19.118204325532826,
                47.5721743653264
              ],
              [
                19.118202383216452,
                47.572175543402686
              ],
              [
                19.118200462491103,
                47.5721769618882
              ],
              [
                19.118198897546808,
                47.572178373978424
              ],
              [
                19.11819742315583,
                47.57218001899529
              ],
              [
                19.118196295849796,
                47.57218161071977
              ],
              [
                19.118195324572188,
                47.57218341891826
              ],
              [
                19.11819467831713,
                47.5721851289795
              ],
              [
                19.11819424755698,
                47.57218703072578
              ],
              [
                19.118194107240353,
                47.57218879326926
              ],
              [
                19.11819423358636,
                47.57219071532686
              ],
              [
                19.118194604611883,
                47.57219246247675
              ],
              [
                19.118195283198585,
                47.57219433082707
              ],
              [
                19.11819615127812,
                47.57219599530055
              ],
              [
                19.118197355973173,
                47.57219773799319
              ],
              [
                19.118197966678785,
                47.57219851900217
              ],
              [
                19.11845354386667,
                47.57248978981684
              ],
              [
                19.118454264549182,
                47.57249052620674
              ],
              [
                19.118455948181325,
                47.57249207552816
              ],
              [
                19.11845769135617,
                47.57249338755041
              ],
              [
                19.11845978952337,
                47.57249468464735
              ],
              [
                19.11846187763503,
                47.57249574114467
              ],
              [
                19.11846430960391,
                47.57249673610738
              ],
              [
                19.11846666230591,
                47.57249749642779
              ],
              [
                19.118469334499032,
                47.57249815097208
              ],
              [
                19.11847186126394,
                47.5724985858599
              ],
              [
                19.11847467086046,
                47.57249887480013
              ],
              [
                19.118477274463217,
                47.57249896752174
              ],
              [
                19.11848011335525,
                47.572498879740046
              ],
              [
                19.118482693614226,
                47.57249862672762
              ],
              [
                19.11848545256665,
                47.57249816560169
              ],
              [
                19.11848791019843,
                47.57249757659071
              ],
              [
                19.118490483052067,
                47.57249675986376
              ],
              [
                19.118491636045526,
                47.572496345956864
              ],
              [
                19.118710826185097,
                47.57240806595036
              ]
            ]
          ]
        ]
      },
      "properties": {
        "lotNumber": "88168"
      }
    },
    {
      "type": "Feature",
      "geometry": {
        "type": "MultiPolygon",
        "coordinates": [
          [
            [
              [
                19.11803381481943,
                47.572637604645664
              ],
              [
                19.11760077679264,
                47.57281234627463
              ],
              [
                19.117600747826074,
                47.572812357997
              ],
              [
                19.1176006824114,
                47.57281238454586
              ],
              [
                19.117600653488875,
                47.57281239631801
              ],
              [
                19.117333637542437,
                47.57292139027029
              ],
              [
                19.11694321354946,
                47.573080769983335
              ],
              [
                19.116766667764885,
                47.57315097646341
              ],
              [
                19.11676557518994,
                47.57315146134931
              ],
              [
                19.11676319143141,
                47.57315263657389
              ],
              [
                19.11676124299565,
                47.57315381173104
              ],
              [
                19.116759244565007,
                47.573155279529686
              ],
              [
                19.11675767304486,
                47.573156689694486
              ],
              [
                19.116756136999957,
                47.57315839347019
              ],
              [
                19.116755002991983,
                47.573159984267846
              ],
              [
                19.116753988561506,
                47.573161858324454
              ],
              [
                19.116753335792183,
                47.573163568415204
              ],
              [
                19.116752882091824,
                47.5731655404906
              ],
              [
                19.116752735731488,
                47.57316730393475
              ],
              [
                19.116752860255687,
                47.57316929798741
              ],
              [
                19.116753225947985,
                47.57317104678798
              ],
              [
                19.116753923895295,
                47.57317298592887
              ],
              [
                19.116754787539538,
                47.573174652653535
              ],
              [
                19.11675603199781,
                47.573176462110915
              ],
              [
                19.116757360292667,
                47.57317798249219
              ],
              [
                19.11675910327668,
                47.57317959249487
              ],
              [
                19.116760845004254,
                47.57318090790794
              ],
              [
                19.116763019306024,
                47.57318225637554
              ],
              [
                19.116765107306733,
                47.57318331609925
              ],
              [
                19.11676762908695,
                47.57318435103581
              ],
              [
                19.11676998284918,
                47.57318511420798
              ],
              [
                19.116772754870027,
                47.57318579570731
              ],
              [
                19.116774003356202,
                47.573186056409604
              ],
              [
                19.11698139741338,
                47.57322191217
              ],
              [
                19.116982693637944,
                47.57322209030254
              ],
              [
                19.116985645416516,
                47.57322239336899
              ],
              [
                19.116988284066657,
                47.5732224845482
              ],
              [
                19.11699126611019,
                47.57322238652638
              ],
              [
                19.116993879279704,
                47.57322212271626
              ],
              [
                19.1169967737572,
                47.57322162747936
              ],
              [
                19.116999258190596,
                47.57322101910402
              ],
              [
                19.11700195073111,
                47.57322014622055
              ],
              [
                19.11700311368722,
                47.57321971982372
              ],
              [
                19.117313854924344,
                47.5730918589178
              ],
              [
                19.117490378861664,
                47.5730207608114
              ],
              [
                19.117706871499657,
                47.57293430136402
              ],
              [
                19.11770696450445,
                47.57293426387463
              ],
              [
                19.1177071741819,
                47.572934178570875
              ],
              [
                19.117707266732378,
                47.572934140570176
              ],
              [
                19.117922251972683,
                47.57284505592007
              ],
              [
                19.118137238814867,
                47.57275956599194
              ],
              [
                19.118137286027444,
                47.57275954712894
              ],
              [
                19.118137392597617,
                47.57275950434974
              ],
              [
                19.118137439694916,
                47.57275948535506
              ],
              [
                19.11835530237834,
                47.572671206830854
              ],
              [
                19.118570463341197,
                47.57258384680216
              ],
              [
                19.118788237473655,
                47.57249650233084
              ],
              [
                19.11900474859164,
                47.57241003135171
              ],
              [
                19.119004774573757,
                47.572410020947906
              ],
              [
                19.119004833253594,
                47.57240999739025
              ],
              [
                19.119004859200537,
                47.57240998694659
              ],
              [
                19.119221391068816,
                47.572322607049365
              ],
              [
                19.119221424942857,
                47.57232259335573
              ],
              [
                19.119439294404756,
                47.57223430857014
              ],
              [
                19.11943932776016,
                47.572234295030526
              ],
              [
                19.119871067800023,
                47.57205863039275
              ],
              [
                19.11987216034211,
                47.57205813444919
              ],
              [
                19.11987454157242,
                47.57205693376786
              ],
              [
                19.119876483313035,
                47.572055735443605
              ],
              [
                19.119878468920106,
                47.5720542411785
              ],
              [
                19.119880024313137,
                47.57205280774097
              ],
              [
                19.119881536675067,
                47.57205107830632
              ],
              [
                19.11988264491669,
                47.57204946579181
              ],
              [
                19.119883624911857,
                47.5720475687953
              ],
              [
                19.11988424267843,
                47.572045840240726
              ],
              [
                19.11988465199667,
                47.57204384984028
              ],
              [
                19.119884755138397,
                47.572042072818824
              ],
              [
                19.119884577778652,
                47.5720400668237
              ],
              [
                19.119884162263595,
                47.57203831080324
              ],
              [
                19.119883405159374,
                47.57203636763237
              ],
              [
                19.119882487231077,
                47.57203470125968
              ],
              [
                19.119881179979437,
                47.572032896876124
              ],
              [
                19.119880543090176,
                47.57203211787255
              ],
              [
                19.11980067829942,
                47.571944919484565
              ],
              [
                19.11979994599935,
                47.571944200412105
              ],
              [
                19.119798178461192,
                47.57194263344509
              ],
              [
                19.119796422924352,
                47.571941355939295
              ],
              [
                19.119794241649792,
                47.571940049351454
              ],
              [
                19.119792154720574,
                47.571939025212515
              ],
              [
                19.11978964176571,
                47.57193802815565
              ],
              [
                19.11978730195107,
                47.57193729590999
              ],
              [
                19.119784551849254,
                47.571936645891775
              ],
              [
                19.11978204716927,
                47.57193623308533
              ],
              [
                19.119779163374922,
                47.57193595455835
              ],
              [
                19.119776588051625,
                47.57193587672027
              ],
              [
                19.119773679048432,
                47.57193598016229
              ],
              [
                19.119771129961325,
                47.57193624022066
              ],
              [
                19.119768305181296,
                47.57193672174033
              ],
              [
                19.11976587822292,
                47.57193730991223
              ],
              [
                19.119763243929736,
                47.57193815139559
              ],
              [
                19.119762105054672,
                47.571938562072155
              ],
              [
                19.119331702578187,
                47.57211242241824
              ],
              [
                19.119331669116967,
                47.572112435979804
              ],
              [
                19.119331593561153,
                47.5721124667041
              ],
              [
                19.119331560158827,
                47.57211248033211
              ],
              [
                19.119113833961066,
                47.57220160640268
              ],
              [
                19.118897433424134,
                47.57228803383934
              ],
              [
                19.11889739196849,
                47.57228805046475
              ],
              [
                19.11889729837984,
                47.572288088152895
              ],
              [
                19.118897257013668,
                47.57228810487985
              ],
              [
                19.11868209709305,
                47.57237546581856
              ],
              [
                19.118462950344238,
                47.572463728330746
              ],
              [
                19.118462918270946,
                47.57246374126981
              ],
              [
                19.118249031821872,
                47.57255022265075
              ],
              [
                19.118248997682862,
                47.57255023647862
              ],
              [
                19.11803381481943,
                47.572637604645664
              ]
            ]
          ]
        ]
      },
      "properties": {
        "lotNumber": "88173"
      }
    },
    {
      "type": "Feature",
      "geometry": {
        "type": "MultiPolygon",
        "coordinates": [
          [
            [
              [
                19.11901417325619,
                47.57238385283202
              ],
              [
                19.119013451431865,
                47.57238312282939
              ],
              [
                19.119011766920817,
                47.5723815871507
              ],
              [
                19.119010025803224,
                47.572380286996705
              ],
              [
                19.119007932776128,
                47.572379001854316
              ],
              [
                19.119005851788753,
                47.572377955192366
              ],
              [
                19.11900342989436,
                47.57237696949139
              ],
              [
                19.11900108822775,
                47.572376216151554
              ],
              [
                19.118998429629585,
                47.57237556740221
              ],
              [
                19.11899591639426,
                47.57237513605221
              ],
              [
                19.118993122263433,
                47.57237484894226
              ],
              [
                19.118990533098785,
                47.57237475599684
              ],
              [
                19.118987709763967,
                47.57237484145196
              ],
              [
                19.118985143198856,
                47.57237509044814
              ],
              [
                19.118982398100076,
                47.57237554521643
              ],
              [
                19.11897995180331,
                47.57237612667879
              ],
              [
                19.118977389403376,
                47.572376933454365
              ],
              [
                19.11897624072435,
                47.57237734241997
              ],
              [
                19.11875970703349,
                47.57246382239654
              ],
              [
                19.118758623625954,
                47.57246430480843
              ],
              [
                19.118756343146092,
                47.57246543184776
              ],
              [
                19.118754409830558,
                47.57246659889176
              ],
              [
                19.118752495745877,
                47.57246800389729
              ],
              [
                19.118750933698383,
                47.572469402572736
              ],
              [
                19.118749458729972,
                47.57247103216467
              ],
              [
                19.11874832729682,
                47.57247260933224
              ],
              [
                19.11874734748263,
                47.572474401598186
              ],
              [
                19.118746689649974,
                47.57247609733715
              ],
              [
                19.11874624221578,
                47.57247798418424
              ],
              [
                19.118746082976497,
                47.572479734069134
              ],
              [
                19.118746184921605,
                47.57248164381116
              ],
              [
                19.1187465303257,
                47.572483381359234
              ],
              [
                19.11874717777706,
                47.572485241440134
              ],
              [
                19.11874801470185,
                47.572486900637365
              ],
              [
                19.118749183061194,
                47.57248864038773
              ],
              [
                19.118749776608443,
                47.57248942072274
              ],
              [
                19.118769744642748,
                47.57251279455752
              ],
              [
                19.11876976296148,
                47.57251281593288
              ],
              [
                19.11876980299102,
                47.572512862494264
              ],
              [
                19.118769821396626,
                47.5725128838357
              ],
              [
                19.118839042698276,
                47.57259289371391
              ],
              [
                19.11883906567315,
                47.57259292016597
              ],
              [
                19.11883911590349,
                47.57259297777331
              ],
              [
                19.118839139011488,
                47.57259300417206
              ],
              [
                19.119008195579248,
                47.57278538570308
              ],
              [
                19.11900891665466,
                47.57278612148728
              ],
              [
                19.119010601002138,
                47.57278766948756
              ],
              [
                19.119012344578096,
                47.57278898030789
              ],
              [
                19.119014442915088,
                47.57279027612959
              ],
              [
                19.11901653095078,
                47.572791331509464
              ],
              [
                19.119018962602926,
                47.572792325332365
              ],
              [
                19.11902131482002,
                47.572793084695846
              ],
              [
                19.11902398629802,
                47.572793738310494
              ],
              [
                19.119026512261232,
                47.57279417246241
              ],
              [
                19.119029320855212,
                47.57279446073947
              ],
              [
                19.119031923449224,
                47.57279455298809
              ],
              [
                19.119034761177605,
                47.57279446484423
              ],
              [
                19.119037340340913,
                47.57279421164284
              ],
              [
                19.119040098102,
                47.57279375046688
              ],
              [
                19.119042554673907,
                47.5727931615503
              ],
              [
                19.119045126440508,
                47.57279234507299
              ],
              [
                19.11904627895459,
                47.57279193131348
              ],
              [
                19.119265469393376,
                47.572703650262255
              ],
              [
                19.119266558857614,
                47.57270316080835
              ],
              [
                19.11926885067184,
                47.572702017411544
              ],
              [
                19.11927079075369,
                47.57270083367964
              ],
              [
                19.11927270784803,
                47.57269940903058
              ],
              [
                19.119274268345546,
                47.57269799137912
              ],
              [
                19.11927573667095,
                47.57269634050583
              ],
              [
                19.119276857308893,
                47.57269474369263
              ],
              [
                19.119277820150348,
                47.572692930361214
              ],
              [
                19.119278457643393,
                47.57269121606428
              ],
              [
                19.11927887781059,
                47.572689310315944
              ],
              [
                19.11927900753523,
                47.57268754475115
              ],
              [
                19.119278868799046,
                47.57268562019675
              ],
              [
                19.11927848574468,
                47.57268387156018
              ],
              [
                19.119277793464,
                47.57268200253693
              ],
              [
                19.119276912426468,
                47.5726803383709
              ],
              [
                19.11927569334121,
                47.57267859707099
              ],
              [
                19.11927507599306,
                47.57267781694842
              ],
              [
                19.11901417325619,
                47.57238385283202
              ]
            ]
          ]
        ]
      },
      "properties": {
        "lotNumber": "88182"
      }
    },
    {
      "type": "Feature",
      "geometry": {
        "type": "MultiPolygon",
        "coordinates": [
          [
            [
              [
                19.119315734050637,
                47.572390610062904
              ],
              [
                19.119251848555304,
                47.57231690650636
              ],
              [
                19.119251682779634,
                47.5723167204401
              ],
              [
                19.11925128376967,
                47.572316284585185
              ],
              [
                19.119251111401297,
                47.57231610128289
              ],
              [
                19.11923114683302,
                47.572295425908926
              ],
              [
                19.11923040196018,
                47.57229472960625
              ],
              [
                19.119228532172848,
                47.572293146865114
              ],
              [
                19.11922676563693,
                47.57229191404877
              ],
              [
                19.11922448543852,
                47.57229060063021
              ],
              [
                19.1192224048808,
                47.57228961747968
              ],
              [
                19.11921979738641,
                47.572288621258906
              ],
              [
                19.11921747864491,
                47.57228792361074
              ],
              [
                19.11921463889981,
                47.572287280900774
              ],
              [
                19.119212166494496,
                47.57228689418479
              ],
              [
                19.119209198009642,
                47.57228662841291
              ],
              [
                19.119206662061647,
                47.57228656672527
              ],
              [
                19.119203673040648,
                47.57228668757911
              ],
              [
                19.119201165987274,
                47.572286953168316
              ],
              [
                19.119198265382295,
                47.5722874562426
              ],
              [
                19.119195878607602,
                47.57228803942771
              ],
              [
                19.119193172147995,
                47.572288906385005
              ],
              [
                19.11919205131218,
                47.572289310866864
              ],
              [
                19.11897551953174,
                47.57237669071003
              ],
              [
                19.118974431256962,
                47.57237718050454
              ],
              [
                19.118971953016413,
                47.57237841897619
              ],
              [
                19.11897001528875,
                47.57237960304259
              ],
              [
                19.118967942601234,
                47.57238114545757
              ],
              [
                19.11896638428364,
                47.57238256301469
              ],
              [
                19.118964797121833,
                47.572384349860386
              ],
              [
                19.118963678340517,
                47.57238594621317
              ],
              [
                19.118962637943607,
                47.57238790854587
              ],
              [
                19.118962001865768,
                47.572389622100644
              ],
              [
                19.118961548376568,
                47.57239168420566
              ],
              [
                19.118961419544743,
                47.57239344884651
              ],
              [
                19.118961570460836,
                47.57239553115956
              ],
              [
                19.118961953845993,
                47.5723972787995
              ],
              [
                19.118962703344543,
                47.572399300976436
              ],
              [
                19.118963584154244,
                47.57240096418449
              ],
              [
                19.118964903316687,
                47.572402848201584
              ],
              [
                19.118965520354138,
                47.57240362789322
              ],
              [
                19.119226422918143,
                47.57269759211773
              ],
              [
                19.11922714743133,
                47.57269832456282
              ],
              [
                19.119228978179212,
                47.57269999235845
              ],
              [
                19.119230726629272,
                47.572701296197856
              ],
              [
                19.11923300241205,
                47.57270269068957
              ],
              [
                19.11923509270135,
                47.57270373904755
              ],
              [
                19.119237726316495,
                47.57270480680178
              ],
              [
                19.11924007835016,
                47.57270555950769
              ],
              [
                19.119242968883814,
                47.572706259610555
              ],
              [
                19.119245492537498,
                47.57270668782259
              ],
              [
                19.11924852923127,
                47.572706993447866
              ],
              [
                19.11925112780455,
                47.57270708075781
              ],
              [
                19.119254194299533,
                47.57270698019466
              ],
              [
                19.11925676822122,
                47.57270672325707
              ],
              [
                19.11925974701657,
                47.57270622035888
              ],
              [
                19.1192621976601,
                47.572705629019005
              ],
              [
                19.119264974615447,
                47.57270474305555
              ],
              [
                19.11926612407847,
                47.57270432858557
              ],
              [
                19.119479999652945,
                47.57261784929785
              ],
              [
                19.119481080813507,
                47.572617362100395
              ],
              [
                19.11948354333791,
                47.57261613078824
              ],
              [
                19.119485469745687,
                47.572614954436276
              ],
              [
                19.1194875318336,
                47.5726134228149
              ],
              [
                19.119489083800097,
                47.57261201559501
              ],
              [
                19.119490666862927,
                47.572610242036376
              ],
              [
                19.119491785240907,
                47.572608657579444
              ],
              [
                19.119492828946328,
                47.572606709675995
              ],
              [
                19.11949347111314,
                47.57260500836758
              ],
              [
                19.1194939356844,
                47.57260296035628
              ],
              [
                19.119494077166422,
                47.57260120703518
              ],
              [
                19.11949394489829,
                47.57259913696813
              ],
              [
                19.119493580303573,
                47.572597398455564
              ],
              [
                19.119492856237063,
                47.57259538522545
              ],
              [
                19.11949199946085,
                47.572593727778134
              ],
              [
                19.119490711191116,
                47.57259184811156
              ],
              [
                19.11949010773556,
                47.5725910697149
              ],
              [
                19.119315734050637,
                47.572390610062904
              ]
            ]
          ]
        ]
      },
      "properties": {
        "lotNumber": "88183"
      }
    },
    {
      "type": "Feature",
      "geometry": {
        "type": "MultiPolygon",
        "coordinates": [
          [
            [
              [
                19.119573896713696,
                47.57235495414584
              ],
              [
                19.11944880182163,
                47.5722084655217
              ],
              [
                19.119448087040094,
                47.57220771677491
              ],
              [
                19.11944641326985,
                47.57220614070321
              ],
              [
                19.119444673750362,
                47.572204804725956
              ],
              [
                19.11944257399077,
                47.57220348266968
              ],
              [
                19.11944047966069,
                47.57220240476825
              ],
              [
                19.119438036201803,
                47.57220138853902
              ],
              [
                19.119435669138362,
                47.57220061095657
              ],
              [
                19.11943297773982,
                47.57219994038063
              ],
              [
                19.119430430708693,
                47.57219949359079
              ],
              [
                19.11942759684692,
                47.57219919494809
              ],
              [
                19.11942496966674,
                47.57219909646064
              ],
              [
                19.119422104401295,
                47.5721991814551
              ],
              [
                19.119419500031732,
                47.572199435129725
              ],
              [
                19.11941671565289,
                47.57219990043032
              ],
              [
                19.11941423615966,
                47.57220049632557
              ],
              [
                19.119411641787746,
                47.57220132369714
              ],
              [
                19.119410479533208,
                47.57220174318189
              ],
              [
                19.11919262054473,
                47.572290023709165
              ],
              [
                19.119191509515417,
                47.57229052695363
              ],
              [
                19.119189175027675,
                47.57229170358176
              ],
              [
                19.11918720437775,
                47.572292923199846
              ],
              [
                19.11918526458171,
                47.572294391888796
              ],
              [
                19.11918369397877,
                47.57229585347988
              ],
              [
                19.119182227181614,
                47.57229755494051
              ],
              [
                19.119181120028998,
                47.572299199502055
              ],
              [
                19.119180185443554,
                47.572301065048585
              ],
              [
                19.119179586435685,
                47.57230282619166
              ],
              [
                19.11917922179009,
                47.572304780514386
              ],
              [
                19.119179155108277,
                47.57230658714388
              ],
              [
                19.119179375122947,
                47.57230855134922
              ],
              [
                19.119179843459168,
                47.57231033053372
              ],
              [
                19.1191806392525,
                47.572312225329156
              ],
              [
                19.11918162370072,
                47.57231390524524
              ],
              [
                19.119182963147637,
                47.57231565414016
              ],
              [
                19.119183637270233,
                47.57231643544699
              ],
              [
                19.119203234686736,
                47.57233673061629
              ],
              [
                19.11926679189247,
                47.57241005550814
              ],
              [
                19.11926680844553,
                47.5724100745766
              ],
              [
                19.119441198583846,
                47.572610553360725
              ],
              [
                19.119441920073726,
                47.5726112961931
              ],
              [
                19.11944360718333,
                47.572612859081836
              ],
              [
                19.119445356573962,
                47.57261418253176
              ],
              [
                19.1194474645116,
                47.57261549067409
              ],
              [
                19.119449564007933,
                47.57261655576356
              ],
              [
                19.119452010620694,
                47.5726175581771
              ],
              [
                19.11945437839881,
                47.572618323396206
              ],
              [
                19.119457068334526,
                47.57261898101366
              ],
              [
                19.119459612114653,
                47.572619416539496
              ],
              [
                19.11946244053807,
                47.57261970373156
              ],
              [
                19.11946506118109,
                47.57261979259022
              ],
              [
                19.119467917859623,
                47.57261969816403
              ],
              [
                19.119470513230812,
                47.57261943689247
              ],
              [
                19.11947328683068,
                47.572618964528125
              ],
              [
                19.119475755780226,
                47.5726183633089
              ],
              [
                19.11947833820551,
                47.572617531415936
              ],
              [
                19.119479494905587,
                47.572617110152294
              ],
              [
                19.119693368569138,
                47.572529731007535
              ],
              [
                19.119694441841574,
                47.57252924278261
              ],
              [
                19.119696699615503,
                47.57252810403391
              ],
              [
                19.119698611133863,
                47.57252692803129
              ],
              [
                19.119700500745346,
                47.5725255152292
              ],
              [
                19.119702039992454,
                47.572524111204785
              ],
              [
                19.11970349005647,
                47.57252247772164
              ],
              [
                19.11970459888327,
                47.572520898716284
              ],
              [
                19.11970555461991,
                47.57251910626121
              ],
              [
                19.11970619113762,
                47.572517411925915
              ],
              [
                19.119706616441512,
                47.572515528213614
              ],
              [
                19.119706756604113,
                47.572513782556385
              ],
              [
                19.1197066354084,
                47.57251187874905
              ],
              [
                19.11970627392097,
                47.57251014771666
              ],
              [
                19.11970561080424,
                47.572508295735574
              ],
              [
                19.119704761323025,
                47.57250664472229
              ],
              [
                19.11970358133636,
                47.5725049145309
              ],
              [
                19.1197029829351,
                47.57250413870616
              ],
              [
                19.119573896713696,
                47.57235495414584
              ]
            ]
          ]
        ]
      },
      "properties": {
        "lotNumber": "88184"
      }
    },
    {
      "type": "Feature",
      "geometry": {
        "type": "MultiPolygon",
        "coordinates": [
          [
            [
              [
                19.119525373225933,
                47.572373992812125
              ],
              [
                19.119526085181217,
                47.572374738892954
              ],
              [
                19.119527813139143,
                47.572376367234014
              ],
              [
                19.119529544849435,
                47.5723776991648
              ],
              [
                19.119531711478487,
                47.57237906631333
              ],
              [
                19.119533795816345,
                47.572380142318835
              ],
              [
                19.119536316827656,
                47.57238119508838
              ],
              [
                19.119538672705563,
                47.57238197330854
              ],
              [
                19.11954145002359,
                47.57238267074287
              ],
              [
                19.119543985790248,
                47.572383120902394
              ],
              [
                19.119546911368257,
                47.57238343586906
              ],
              [
                19.119549528374048,
                47.57238354045523
              ],
              [
                19.1195524883975,
                47.572383460701
              ],
              [
                19.11955508483233,
                47.57238321564504
              ],
              [
                19.11955796414663,
                47.572382744272645
              ],
              [
                19.11956043900072,
                47.57238215910808
              ],
              [
                19.119563125591124,
                47.57238131445536
              ],
              [
                19.119564287048807,
                47.572380900950336
              ],
              [
                19.120001335361753,
                47.57220613618248
              ],
              [
                19.120002428312258,
                47.572205648453114
              ],
              [
                19.120004812267442,
                47.57220446663357
              ],
              [
                19.120006759685285,
                47.57220328539222
              ],
              [
                19.120008755543942,
                47.57220181055683
              ],
              [
                19.120010323482784,
                47.57220039413302
              ],
              [
                19.120011853975846,
                47.572198683379575
              ],
              [
                19.120012981733428,
                47.57219708660974
              ],
              [
                19.12001398760837,
                47.57219520616959
              ],
              [
                19.120014631523976,
                47.57219349087228
              ],
              [
                19.120015073838754,
                47.572191513546116
              ],
              [
                19.12001520898346,
                47.572189746128544
              ],
              [
                19.120015070614105,
                47.572187748468004
              ],
              [
                19.12001469175594,
                47.57218599735523
              ],
              [
                19.120013978059504,
                47.57218405669912
              ],
              [
                19.120013099865954,
                47.572182389684905
              ],
              [
                19.12001183847308,
                47.57218058116512
              ],
              [
                19.12001122202618,
                47.572179799559926
              ],
              [
                19.11988076887154,
                47.57203236865796
              ],
              [
                19.119880043792495,
                47.57203163371037
              ],
              [
                19.11987828864391,
                47.5720300311467
              ],
              [
                19.11987653726731,
                47.57202872293857
              ],
              [
                19.11987435340772,
                47.57202738322093
              ],
              [
                19.119872258200825,
                47.57202633169138
              ],
              [
                19.119869729746053,
                47.57202530642168
              ],
              [
                19.119867371410027,
                47.57202455207249
              ],
              [
                19.119864595748638,
                47.57202388074105
              ],
              [
                19.119862065119563,
                47.57202345262752
              ],
              [
                19.11985914916176,
                47.572023161092005
              ],
              [
                19.11985654371191,
                47.572023075703804
              ],
              [
                19.119853599771666,
                47.5720231751933
              ],
              [
                19.11985101985518,
                47.57202343581933
              ],
              [
                19.119848161324278,
                47.572023922501785
              ],
              [
                19.11984570631182,
                47.57202451910344
              ],
              [
                19.119843043292335,
                47.572025374233405
              ],
              [
                19.119841892464454,
                47.572025791828665
              ],
              [
                19.119410162823495,
                47.572201452201966
              ],
              [
                19.119409090839884,
                47.572201937792286
              ],
              [
                19.11940675246433,
                47.57220311210877
              ],
              [
                19.119404841716936,
                47.57220428218682
              ],
              [
                19.119402882141504,
                47.57220573979227
              ],
              [
                19.119401340948542,
                47.572207137396546
              ],
              [
                19.11939983383246,
                47.572208823500574
              ],
              [
                19.119398720126462,
                47.57221039609607
              ],
              [
                19.119397722121352,
                47.572212247319094
              ],
              [
                19.119397077765882,
                47.57221393579289
              ],
              [
                19.119396626386234,
                47.572215882548576
              ],
              [
                19.11939647560232,
                47.572217623432095
              ],
              [
                19.11939658781531,
                47.57221959254313
              ],
              [
                19.11939693627093,
                47.57222132039759
              ],
              [
                19.119397607858676,
                47.572223237846266
              ],
              [
                19.119398442455687,
                47.572224887722705
              ],
              [
                19.11939964817372,
                47.57222668143334
              ],
              [
                19.11940023865765,
                47.57222745756984
              ],
              [
                19.119525373225933,
                47.572373992812125
              ]
            ]
          ]
        ]
      },
      "properties": {
        "lotNumber": "88185"
      }
    },
    {
      "type": "Feature",
      "geometry": {
        "type": "MultiPolygon",
        "coordinates": [
          [
            [
              [
                19.120128457619657,
                47.57235112960374
              ],
              [
                19.12012954130357,
                47.5723506415592
              ],
              [
                19.120131256435492,
                47.572349784260716
              ],
              [
                19.12013318690478,
                47.57234860532809
              ],
              [
                19.120134622558844,
                47.57234753844965
              ],
              [
                19.120136176891503,
                47.572346127719314
              ],
              [
                19.120137278117763,
                47.57234489209588
              ],
              [
                19.120138396821428,
                47.57234330356392
              ],
              [
                19.120139121470284,
                47.57234194648923
              ],
              [
                19.12013976172642,
                47.572340240956976
              ],
              [
                19.120140082061855,
                47.572338814373325
              ],
              [
                19.120140219364615,
                47.57233705712042
              ],
              [
                19.120140123125804,
                47.57233561563059
              ],
              [
                19.120139752219988,
                47.5723338739162
              ],
              [
                19.120139243090566,
                47.572332472693475
              ],
              [
                19.12013837817275,
                47.57233081318203
              ],
              [
                19.1201374756398,
                47.572329505858505
              ],
              [
                19.120136867562977,
                47.57232872696895
              ],
              [
                19.1200077428163,
                47.5721812953936
              ],
              [
                19.120007024171297,
                47.57218055966127
              ],
              [
                19.12000576111862,
                47.57217939501553
              ],
              [
                19.12000402267381,
                47.57217808362736
              ],
              [
                19.12000244838233,
                47.572177107935126
              ],
              [
                19.120000365549853,
                47.572176051025686
              ],
              [
                19.1199985404164,
                47.57217530171884
              ],
              [
                19.119996193102953,
                47.57217453983582
              ],
              [
                19.119994187147768,
                47.57217404566105
              ],
              [
                19.119991665406694,
                47.57217360803375
              ],
              [
                19.119989555587082,
                47.57217338794979
              ],
              [
                19.11998695616355,
                47.57217329136741
              ],
              [
                19.119984823421532,
                47.57217335381767
              ],
              [
                19.11998224604091,
                47.57217360198561
              ],
              [
                19.119980172197902,
                47.57217394457425
              ],
              [
                19.119977715739918,
                47.57217452797164
              ],
              [
                19.119975780357716,
                47.57217513755543
              ],
              [
                19.119974627206823,
                47.572175548453046
              ],
              [
                19.119537579058385,
                47.572350313121454
              ],
              [
                19.119536492670054,
                47.57235079759187
              ],
              [
                19.11953477265634,
                47.57235164916144
              ],
              [
                19.119532835165863,
                47.57235282146992
              ],
              [
                19.119531392918603,
                47.57235388327504
              ],
              [
                19.119529829586128,
                47.5723552883276
              ],
              [
                19.11952872025168,
                47.572356519768675
              ],
              [
                19.11952759085344,
                47.57235810384111
              ],
              [
                19.119526856848793,
                47.5723594578323
              ],
              [
                19.11952620456898,
                47.57236116035542
              ],
              [
                19.119525873959887,
                47.572362585124985
              ],
              [
                19.1195257237394,
                47.57236434100049
              ],
              [
                19.119525809167236,
                47.57236578207035
              ],
              [
                19.119526166750063,
                47.572367524159816
              ],
              [
                19.119526664948452,
                47.57236892642864
              ],
              [
                19.119527516662004,
                47.57237058812088
              ],
              [
                19.11952840858169,
                47.57237189797099
              ],
              [
                19.119529010269254,
                47.572372678625015
              ],
              [
                19.119658136566223,
                47.572521909646134
              ],
              [
                19.11965885422462,
                47.572522652400764
              ],
              [
                19.119660117010017,
                47.57252382831002
              ],
              [
                19.11966185831808,
                47.57252515266923
              ],
              [
                19.119663437378293,
                47.572526138137654
              ],
              [
                19.11966552869105,
                47.57252720566117
              ],
              [
                19.119667362690297,
                47.57252796240998
              ],
              [
                19.1196697227744,
                47.572528731631685
              ],
              [
                19.119671740474192,
                47.5725292302663
              ],
              [
                19.119674277656287,
                47.572529671307116
              ],
              [
                19.1196764006826,
                47.57252989245894
              ],
              [
                19.11967901641028,
                47.57252998818745
              ],
              [
                19.119681162297862,
                47.572529923266195
              ],
              [
                19.119683754967742,
                47.57252966996398
              ],
              [
                19.119685840363314,
                47.572529321491444
              ],
              [
                19.119688309267634,
                47.57252872899755
              ],
              [
                19.11969025316764,
                47.572528110509566
              ],
              [
                19.119691410947297,
                47.5725276937641
              ],
              [
                19.120128457619657,
                47.57235112960374
              ]
            ]
          ]
        ]
      },
      "properties": {
        "lotNumber": "88186"
      }
    },
    {
      "type": "Feature",
      "geometry": {
        "type": "MultiPolygon",
        "coordinates": [
          [
            [
              [
                19.11880011305224,
                47.57284706309848
              ],
              [
                19.11880005093167,
                47.572847088168444
              ],
              [
                19.118799916969962,
                47.572847142566225
              ],
              [
                19.118799855051904,
                47.572847167864566
              ],
              [
                19.118587605595664,
                47.57293442210822
              ],
              [
                19.118367382650966,
                47.57301988697857
              ],
              [
                19.118367300241115,
                47.57301991922627
              ],
              [
                19.118367122606756,
                47.57301998931181
              ],
              [
                19.11836704054035,
                47.57302002195805
              ],
              [
                19.118149175256573,
                47.573107401035536
              ],
              [
                19.11814912885913,
                47.57310741973035
              ],
              [
                19.118149028762314,
                47.5731074602487
              ],
              [
                19.118148982477518,
                47.573107479070885
              ],
              [
                19.117935895113302,
                47.57319453211614
              ],
              [
                19.117716524910158,
                47.57327112035078
              ],
              [
                19.117640652122226,
                47.57327768639901
              ],
              [
                19.117487131149808,
                47.57326809421269
              ],
              [
                19.117420370329516,
                47.5732629216892
              ],
              [
                19.116995613812172,
                47.57318528829093
              ],
              [
                19.11699552604579,
                47.57318527246708
              ],
              [
                19.116995336300025,
                47.573185238726325
              ],
              [
                19.11699524837589,
                47.57318522330869
              ],
              [
                19.116789432539367,
                47.57314964040513
              ],
              [
                19.116617814926542,
                47.573104885689226
              ],
              [
                19.116280864617064,
                47.57296476934275
              ],
              [
                19.116280827708586,
                47.57296475405073
              ],
              [
                19.116280747907105,
                47.57296472110784
              ],
              [
                19.11628071092532,
                47.572964705897235
              ],
              [
                19.116046723091653,
                47.5728688189707
              ],
              [
                19.11586010333396,
                47.572745410315974
              ],
              [
                19.115859788231635,
                47.57274520863849
              ],
              [
                19.11585909729049,
                47.57274478064483
              ],
              [
                19.115858772632503,
                47.57274458603192
              ],
              [
                19.115727090735355,
                47.57266820854636
              ],
              [
                19.115726070830576,
                47.57266767286969
              ],
              [
                19.115723790090954,
                47.57266659085631
              ],
              [
                19.11572154462416,
                47.57266573236883
              ],
              [
                19.115718998036318,
                47.5726649687971
              ],
              [
                19.115716549846933,
                47.57266441993351
              ],
              [
                19.115713833292244,
                47.572664003552674
              ],
              [
                19.11571127455687,
                47.572663784978126
              ],
              [
                19.115708490316113,
                47.572663731465255
              ],
              [
                19.115705917373468,
                47.57266385140928
              ],
              [
                19.115703170275836,
                47.572664162779176
              ],
              [
                19.115700679999563,
                47.572664616725845
              ],
              [
                19.1156980734758,
                47.57266528125516
              ],
              [
                19.115695759627084,
                47.572666052112936
              ],
              [
                19.11569339181522,
                47.57266704478151
              ],
              [
                19.11569134151259,
                47.57266810352686
              ],
              [
                19.11568930156295,
                47.572669386959845
              ],
              [
                19.115687592002242,
                47.57267069373007
              ],
              [
                19.115685956720842,
                47.572672219605025
              ],
              [
                19.11568465226866,
                47.572673725198975
              ],
              [
                19.11568348322545,
                47.57267543606527
              ],
              [
                19.115682632995703,
                47.57267708379593
              ],
              [
                19.115681974206346,
                47.57267891523785
              ],
              [
                19.115681610211073,
                47.57268064306664
              ],
              [
                19.11568148647971,
                47.572682526128695
              ],
              [
                19.11568162242378,
                47.57268426900119
              ],
              [
                19.11568203840912,
                47.57268613278431
              ],
              [
                19.115682669174213,
                47.57268782507976
              ],
              [
                19.11568360921412,
                47.57268959941067
              ],
              [
                19.115684103441037,
                47.57269040653966
              ],
              [
                19.115893159365072,
                47.572989805132
              ],
              [
                19.115893674022622,
                47.57299046905544
              ],
              [
                19.115894871994545,
                47.57299186931397
              ],
              [
                19.115896136933117,
                47.57299309883164
              ],
              [
                19.115897661736955,
                47.57299434510565
              ],
              [
                19.11589921069998,
                47.572995415485344
              ],
              [
                19.115901020033515,
                47.57299647319983
              ],
              [
                19.115901887871864,
                47.57299693923723
              ],
              [
                19.116171874648927,
                47.57312990164519
              ],
              [
                19.116172009765783,
                47.573129967315566
              ],
              [
                19.116172302918486,
                47.5731301079221
              ],
              [
                19.116172439239325,
                47.573130172443015
              ],
              [
                19.11651290597631,
                47.57328917712186
              ],
              [
                19.116513400608845,
                47.57328939728238
              ],
              [
                19.116514484131816,
                47.57328985649493
              ],
              [
                19.1165149927613,
                47.5732900615313
              ],
              [
                19.117427247465987,
                47.57363941128452
              ],
              [
                19.11742835819656,
                47.57363979132275
              ],
              [
                19.117430808848138,
                47.573640534474244
              ],
              [
                19.117433163133917,
                47.573641075929615
              ],
              [
                19.11743577544451,
                47.57364149719416
              ],
              [
                19.117438237561547,
                47.57364173243807
              ],
              [
                19.11744092010747,
                47.57364181707258
              ],
              [
                19.11744340388844,
                47.57364173787212
              ],
              [
                19.11744606278797,
                47.57364148291463
              ],
              [
                19.117448481307367,
                47.573641092041626
              ],
              [
                19.117451023506323,
                47.57364050641493
              ],
              [
                19.11745329212263,
                47.573639817548795
              ],
              [
                19.11745562865106,
                47.57363892174825
              ],
              [
                19.117457667968964,
                47.57363795899746
              ],
              [
                19.117459717054835,
                47.57363678437358
              ],
              [
                19.117460628039513,
                47.5736362104764
              ],
              [
                19.11758428323342,
                47.57355065533518
              ],
              [
                19.117747025138588,
                47.57351957632845
              ],
              [
                19.118734044888544,
                47.573344541251956
              ],
              [
                19.119828949545468,
                47.57315409584767
              ],
              [
                19.119830147713497,
                47.57315384612112
              ],
              [
                19.119832692449048,
                47.57315322540501
              ],
              [
                19.119834958183432,
                47.57315250299147
              ],
              [
                19.11983728566314,
                47.57315157023576
              ],
              [
                19.119839310902584,
                47.57315057300809
              ],
              [
                19.11984133847995,
                47.5731493613341
              ],
              [
                19.119843051310237,
                47.57314812470292
              ],
              [
                19.119844706988037,
                47.57314667713605
              ],
              [
                19.119846046588297,
                47.57314524501282
              ],
              [
                19.119847271575118,
                47.57314361295461
              ],
              [
                19.11984819037755,
                47.57314203619272
              ],
              [
                19.119848941175405,
                47.57314027759601
              ],
              [
                19.119849231962718,
                47.573139452324945
              ],
              [
                19.119902919824103,
                47.572947323493615
              ],
              [
                19.120411789434357,
                47.572665286511814
              ],
              [
                19.12041279072026,
                47.57266467137218
              ],
              [
                19.120414848143668,
                47.572663271747565
              ],
              [
                19.12041654870941,
                47.57266185150799
              ],
              [
                19.12041814549486,
                47.572660199294134
              ],
              [
                19.120419386633266,
                47.572658575715714
              ],
              [
                19.120420456830256,
                47.57265673915249
              ],
              [
                19.12042118727981,
                47.57265497929227
              ],
              [
                19.1204216866871,
                47.57265303423358
              ],
              [
                19.120421876278822,
                47.57265121077754
              ],
              [
                19.120421784269976,
                47.57264923755833
              ],
              [
                19.12042142517347,
                47.57264742581894
              ],
              [
                19.120420745548763,
                47.572645505937174
              ],
              [
                19.120419852595553,
                47.572643780743
              ],
              [
                19.12041861342501,
                47.57264199349384
              ],
              [
                19.12041797745178,
                47.57264118583972
              ],
              [
                19.120139763084527,
                47.57232744689737
              ],
              [
                19.120139038987926,
                47.57232671426368
              ],
              [
                19.12013736425711,
                47.57232518737086
              ],
              [
                19.120135616550645,
                47.572323883077495
              ],
              [
                19.120133534360434,
                47.57232260622305
              ],
              [
                19.120131444672232,
                47.57232155732389
              ],
              [
                19.120129034807462,
                47.57232057943397
              ],
              [
                19.120126683209666,
                47.57231982612045
              ],
              [
                19.12012403801087,
                47.57231918466557
              ],
              [
                19.120121514611345,
                47.57231875580294
              ],
              [
                19.120118735436524,
                47.57231847536216
              ],
              [
                19.120116136926164,
                47.572318387383476
              ],
              [
                19.120113330266935,
                47.57231847870267
              ],
              [
                19.12011075621472,
                47.572318734979056
              ],
              [
                19.120108029615846,
                47.57231919455909
              ],
              [
                19.12010557865357,
                47.572319785270636
              ],
              [
                19.12010303659208,
                47.57232059550142
              ],
              [
                19.12010188690268,
                47.57232100967712
              ],
              [
                19.119664840390524,
                47.57249757373854
              ],
              [
                19.119664812110955,
                47.57249758519543
              ],
              [
                19.119664751072563,
                47.57249760999348
              ],
              [
                19.119664722835104,
                47.57249762149781
              ],
              [
                19.119450903328698,
                47.57258497849799
              ],
              [
                19.11923710251461,
                47.57267142753843
              ],
              [
                19.119017954399474,
                47.5727596915252
              ],
              [
                19.11880011305224,
                47.57284706309848
              ]
            ]
          ]
        ]
      },
      "properties": {
        "lotNumber": "88187"
      }
    },
    {
      "type": "Feature",
      "geometry": {
        "type": "MultiPolygon",
        "coordinates": [
          [
            [
              [
                19.117378028742515,
                47.56886356146099
              ],
              [
                19.11737727883824,
                47.56886279204438
              ],
              [
                19.11737582783947,
                47.5688614574757
              ],
              [
                19.117373999849267,
                47.56886009407199
              ],
              [
                19.11737217774208,
                47.56885898739956
              ],
              [
                19.117369977865415,
                47.56885790444371
              ],
              [
                19.11736786098569,
                47.56885707203071
              ],
              [
                19.117365381384786,
                47.56885631489241
              ],
              [
                19.11736305841765,
                47.56885579161213
              ],
              [
                19.11736040297355,
                47.56885539201103
              ],
              [
                19.117357971237976,
                47.568855199785965
              ],
              [
                19.11735525119855,
                47.568855174463145
              ],
              [
                19.11735281257028,
                47.568855321346405
              ],
              [
                19.117350141889535,
                47.56885567136268
              ],
              [
                19.117347798533082,
                47.56885615120068
              ],
              [
                19.117345289097177,
                47.56885686189239
              ],
              [
                19.11734313918572,
                47.56885765458272
              ],
              [
                19.117341978175073,
                47.568858136437804
              ],
              [
                19.117122817945305,
                47.568959905850804
              ],
              [
                19.117121813813675,
                47.56896042116397
              ],
              [
                19.117120075343724,
                47.568961404569635
              ],
              [
                19.11711830530913,
                47.568962616145164
              ],
              [
                19.11711687203902,
                47.56896380377204
              ],
              [
                19.117115471346544,
                47.56896521950353
              ],
              [
                19.117114394703886,
                47.56896656873799
              ],
              [
                19.117113413612223,
                47.568968137827184
              ],
              [
                19.11711273222839,
                47.568969600257
              ],
              [
                19.11711220594044,
                47.56897126640296
              ],
              [
                19.117111944264433,
                47.56897278955428
              ],
              [
                19.117111891664173,
                47.56897449297356
              ],
              [
                19.11711205908534,
                47.56897602219371
              ],
              [
                19.117112482060215,
                47.56897770176541
              ],
              [
                19.11711307257135,
                47.56897918218404
              ],
              [
                19.117113955944557,
                47.568980777642956
              ],
              [
                19.11711494835742,
                47.56898215614063
              ],
              [
                19.117115553406347,
                47.56898290426292
              ],
              [
                19.11738973221308,
                47.56928675912011
              ],
              [
                19.117389826588727,
                47.569286862142725
              ],
              [
                19.117389998303477,
                47.569287046800376
              ],
              [
                19.11739009472199,
                47.569287148952945
              ],
              [
                19.1174631209526,
                47.56936338075851
              ],
              [
                19.117502760556132,
                47.569407111190166
              ],
              [
                19.11758383400494,
                47.56950046733932
              ],
              [
                19.117583879994914,
                47.56950051988752
              ],
              [
                19.11758396325039,
                47.5695006142829
              ],
              [
                19.117584009766496,
                47.56950066661847
              ],
              [
                19.117714365566272,
                47.56964620935513
              ],
              [
                19.117843398267635,
                47.5697944504223
              ],
              [
                19.11784342551892,
                47.569794481586605
              ],
              [
                19.11784347473801,
                47.56979453761544
              ],
              [
                19.117843502174605,
                47.56979456870539
              ],
              [
                19.11797259823889,
                47.56994018757262
              ],
              [
                19.118047085047913,
                47.57002463301676
              ],
              [
                19.118176162914644,
                47.57017292345108
              ],
              [
                19.11817621163078,
                47.57017297896162
              ],
              [
                19.118176299848624,
                47.57017307866644
              ],
              [
                19.11817634915231,
                47.57017313393899
              ],
              [
                19.11830807948394,
                47.57031962057209
              ],
              [
                19.11843712309135,
                47.57046517683944
              ],
              [
                19.118568872691494,
                47.570615274751205
              ],
              [
                19.118644742992267,
                47.57070157472415
              ],
              [
                19.118773849432984,
                47.570848995450156
              ],
              [
                19.11877386683799,
                47.570849015290015
              ],
              [
                19.118904321407395,
                47.570997354038745
              ],
              [
                19.118904342852275,
                47.57099737833634
              ],
              [
                19.118904381554547,
                47.570997422030786
              ],
              [
                19.11890440311219,
                47.57099744628252
              ],
              [
                19.119033477231813,
                47.57114213472975
              ],
              [
                19.11916386503145,
                47.57129039559254
              ],
              [
                19.11923838771865,
                47.571375774436255
              ],
              [
                19.119238417155316,
                47.5713758079946
              ],
              [
                19.119238470334743,
                47.57137586832157
              ],
              [
                19.119238499986345,
                47.571375901793246
              ],
              [
                19.119368901598715,
                47.57152238127526
              ],
              [
                19.11949797658883,
                47.57166976065201
              ],
              [
                19.119627086698777,
                47.57181717915639
              ],
              [
                19.119754867235535,
                47.57196369885412
              ],
              [
                19.119754941178588,
                47.57196378259985
              ],
              [
                19.119755075480132,
                47.57196393284921
              ],
              [
                19.119755150761016,
                47.57196401604727
              ],
              [
                19.11983491353818,
                47.57205110313581
              ],
              [
                19.119965237952375,
                47.57219838868596
              ],
              [
                19.120094333617597,
                47.57234578719123
              ],
              [
                19.120094352152073,
                47.572345808287714
              ],
              [
                19.120094385590544,
                47.57234584623046
              ],
              [
                19.12009440420991,
                47.572345867292526
              ],
              [
                19.120372618404993,
                47.5726596063424
              ],
              [
                19.120372641668,
                47.572659632475116
              ],
              [
                19.120372683659333,
                47.572659679465964
              ],
              [
                19.120372707053377,
                47.5726597055453
              ],
              [
                19.12043254001672,
                47.572726152117895
              ],
              [
                19.120613234421576,
                47.57293161883238
              ],
              [
                19.12069152813975,
                47.573030182244345
              ],
              [
                19.12069189791276,
                47.57303061809368
              ],
              [
                19.12069259536041,
                47.57303138943145
              ],
              [
                19.120693000529236,
                47.57303181062406
              ],
              [
                19.12075774274186,
                47.573095168540526
              ],
              [
                19.120863812259543,
                47.57321514651349
              ],
              [
                19.120970309345307,
                47.57333560746967
              ],
              [
                19.120971010160467,
                47.57333632073591
              ],
              [
                19.12097235900024,
                47.573337561104395
              ],
              [
                19.120974044636448,
                47.573338836571295
              ],
              [
                19.120975716184322,
                47.573339881633345
              ],
              [
                19.120977728256317,
                47.573340917996454
              ],
              [
                19.120979662016264,
                47.57334172992955
              ],
              [
                19.120981927703873,
                47.573342489681174
              ],
              [
                19.12098405368994,
                47.57334303910016
              ],
              [
                19.120986490994202,
                47.57334349474359
              ],
              [
                19.12098873226343,
                47.57334376176398
              ],
              [
                19.120991252974267,
                47.57334389680872
              ],
              [
                19.12099352841142,
                47.573343871766724
              ],
              [
                19.120996041300124,
                47.57334368132534
              ],
              [
                19.12099826855336,
                47.57334336512718
              ],
              [
                19.121000682674318,
                47.57334285609205
              ],
              [
                19.121002781135648,
                47.57334226018146
              ],
              [
                19.121003923627278,
                47.57334189151342
              ],
              [
                19.121247037821632,
                47.57325359171097
              ],
              [
                19.121248188801083,
                47.573253121443386
              ],
              [
                19.121250192079945,
                47.57325220630864
              ],
              [
                19.121252254759902,
                47.57325104252243
              ],
              [
                19.12125394530973,
                47.57324987355923
              ],
              [
                19.121255620187057,
                47.57324845293968
              ],
              [
                19.12125692899245,
                47.57324707787013
              ],
              [
                19.12125814769156,
                47.573245458412984
              ],
              [
                19.121259021321578,
                47.573243933373284
              ],
              [
                19.12125973409009,
                47.57324218119167
              ],
              [
                19.121260136879513,
                47.573240568440355
              ],
              [
                19.121260314619278,
                47.57323875506577
              ],
              [
                19.12126023012463,
                47.57323712044221
              ],
              [
                19.12125986557967,
                47.573235319904306
              ],
              [
                19.121259297250482,
                47.57323373014082
              ],
              [
                19.121258405303152,
                47.57323201594515
              ],
              [
                19.12125737634111,
                47.57323053594251
              ],
              [
                19.121256743164487,
                47.573229733309326
              ],
              [
                19.120960148928802,
                47.5728956185352
              ],
              [
                19.120936430142727,
                47.57286625639291
              ],
              [
                19.120936236172096,
                47.572866024499945
              ],
              [
                19.120935877966033,
                47.57286561068368
              ],
              [
                19.12093567392993,
                47.57286538278079
              ],
              [
                19.1209223628186,
                47.57285099975532
              ],
              [
                19.120922348544756,
                47.572850984352336
              ],
              [
                19.12066277944487,
                47.572571408996694
              ],
              [
                19.120662679496938,
                47.57257130299668
              ],
              [
                19.120662497628782,
                47.57257111305699
              ],
              [
                19.120662395500972,
                47.57257100801288
              ],
              [
                19.120614730518067,
                47.572522720356545
              ],
              [
                19.12048457188821,
                47.57238010623096
              ],
              [
                19.120358166520184,
                47.572239029517306
              ],
              [
                19.120358151581254,
                47.572239012885014
              ],
              [
                19.12035812464316,
                47.572238982966475
              ],
              [
                19.120358109650876,
                47.57223896635593
              ],
              [
                19.11984165002961,
                47.571668141143434
              ],
              [
                19.119785791741403,
                47.57160616609766
              ],
              [
                19.119172198833464,
                47.57091671048712
              ],
              [
                19.118707706836314,
                47.570392672140656
              ],
              [
                19.118259193518487,
                47.56987852606558
              ],
              [
                19.11791579367911,
                47.56948209304054
              ],
              [
                19.117915778426088,
                47.569482075458566
              ],
              [
                19.117378028742515,
                47.56886356146099
              ]
            ]
          ]
        ]
      },
      "properties": {
        "lotNumber": "88240"
      }
    },
    {
      "type": "Feature",
      "geometry": {
        "type": "MultiPolygon",
        "coordinates": [
          [
            [
              [
                19.12259421096977,
                47.57074215997654
              ],
              [
                19.122343146839754,
                47.57080707058575
              ],
              [
                19.122342256256562,
                47.57080732634608
              ],
              [
                19.122340172190675,
                47.57080798642129
              ],
              [
                19.122339311458006,
                47.57080828534588
              ],
              [
                19.12229420080901,
                47.57082538323422
              ],
              [
                19.12223182083543,
                47.57084878850464
              ],
              [
                19.122231772560003,
                47.57084880670673
              ],
              [
                19.12223165779801,
                47.57084885018914
              ],
              [
                19.122231609634785,
                47.57084886852688
              ],
              [
                19.122179802582217,
                47.5708686896929
              ],
              [
                19.122179112647682,
                47.57086897269442
              ],
              [
                19.12217750230896,
                47.57086967932903
              ],
              [
                19.122176839017676,
                47.57086999013813
              ],
              [
                19.122101133254837,
                47.570907815712275
              ],
              [
                19.12210105411457,
                47.57090785556179
              ],
              [
                19.12210086628339,
                47.57090795087519
              ],
              [
                19.122100787582333,
                47.57090799112103
              ],
              [
                19.122001176739438,
                47.57095932375677
              ],
              [
                19.121934827856926,
                47.570993515342934
              ],
              [
                19.121613471429953,
                47.57115739098406
              ],
              [
                19.12132789429923,
                47.571303294615795
              ],
              [
                19.121327797490757,
                47.57130334454839
              ],
              [
                19.121327567895968,
                47.57130346409918
              ],
              [
                19.121327471767444,
                47.571303514629534
              ],
              [
                19.121297159953066,
                47.571319599297084
              ],
              [
                19.12121239564193,
                47.57136270533568
              ],
              [
                19.120999886639932,
                47.57147077406803
              ],
              [
                19.120999869345315,
                47.57147078287788
              ],
              [
                19.120999828209257,
                47.57147080386807
              ],
              [
                19.12099981093575,
                47.57147081269698
              ],
              [
                19.120934730187717,
                47.5715041335323
              ],
              [
                19.120934064986482,
                47.571504497468034
              ],
              [
                19.120932524612165,
                47.57150539719706
              ],
              [
                19.12093189538119,
                47.57150578933615
              ],
              [
                19.120864172308902,
                47.57155080477459
              ],
              [
                19.120864073780684,
                47.571550870953764
              ],
              [
                19.12086384050538,
                47.571551029284606
              ],
              [
                19.120863743003923,
                47.57155109615658
              ],
              [
                19.12080398956748,
                47.57159250872825
              ],
              [
                19.120803328394214,
                47.57159300227014
              ],
              [
                19.120801821192668,
                47.57159421469753
              ],
              [
                19.120800669538827,
                47.571595294188036
              ],
              [
                19.120799443321825,
                47.57159664390162
              ],
              [
                19.12079895915857,
                47.571597223928826
              ],
              [
                19.120723609273554,
                47.571695852584156
              ],
              [
                19.120692058098307,
                47.57173329847074
              ],
              [
                19.12069156784053,
                47.571733938672
              ],
              [
                19.12069049307671,
                47.57173549152813
              ],
              [
                19.12069008017161,
                47.57173615624803
              ],
              [
                19.12068617511269,
                47.5717432232589
              ],
              [
                19.12063855473245,
                47.5718258039912
              ],
              [
                19.120580248836887,
                47.57192471225722
              ],
              [
                19.12058022037303,
                47.57192476095373
              ],
              [
                19.12058015312814,
                47.57192487698395
              ],
              [
                19.120580125083702,
                47.571924925791826
              ],
              [
                19.120519172281515,
                47.572031927465716
              ],
              [
                19.12047312226865,
                47.572110914291585
              ],
              [
                19.12042436388637,
                47.57215160152799
              ],
              [
                19.120387389017548,
                47.57218114676923
              ],
              [
                19.120387306518605,
                47.57218121334031
              ],
              [
                19.120387111306396,
                47.57218137241752
              ],
              [
                19.12038702976146,
                47.57218143952483
              ],
              [
                19.12034680313704,
                47.57221487177509
              ],
              [
                19.120343072687533,
                47.57221740092252
              ],
              [
                19.12031708061552,
                47.57223326082444
              ],
              [
                19.120316151013974,
                47.572233887022406
              ],
              [
                19.120314052481604,
                47.572235447531654
              ],
              [
                19.120312488590823,
                47.57223687012419
              ],
              [
                19.120310883186885,
                47.572238678898955
              ],
              [
                19.120309762057886,
                47.5722402814617
              ],
              [
                19.120308712167454,
                47.572242268214225
              ],
              [
                19.120308077366705,
                47.57224398847251
              ],
              [
                19.12030762378799,
                47.572246075998834
              ],
              [
                19.120307499983547,
                47.57224784710452
              ],
              [
                19.120307660342466,
                47.57224995428463
              ],
              [
                19.120308052345408,
                47.57225170741361
              ],
              [
                19.120308820410646,
                47.57225375236379
              ],
              [
                19.120309712988085,
                47.572255419390615
              ],
              [
                19.120311058913213,
                47.57225732264527
              ],
              [
                19.12031168280631,
                47.572258103425845
              ],
              [
                19.12043814177123,
                47.572399240094576
              ],
              [
                19.120438869723014,
                47.57239996947813
              ],
              [
                19.120440723457715,
                47.572401643959665
              ],
              [
                19.120442476985517,
                47.57240294131779
              ],
              [
                19.12044477666594,
                47.57240433976543
              ],
              [
                19.12044686964269,
                47.57240538148677
              ],
              [
                19.120449527397923,
                47.57240645046575
              ],
              [
                19.120451879850837,
                47.572407196746035
              ],
              [
                19.12045479412784,
                47.57240789541051
              ],
              [
                19.120457316169485,
                47.572408317734364
              ],
              [
                19.120460375613483,
                47.57240861938831
              ],
              [
                19.120462970876428,
                47.57240870161864
              ],
              [
                19.12046605858577,
                47.57240859473589
              ],
              [
                19.120468627904767,
                47.57240833373068
              ],
              [
                19.120471625897796,
                47.57240782239518
              ],
              [
                19.12047407109891,
                47.57240722812746
              ],
              [
                19.120476864822034,
                47.572406331877374
              ],
              [
                19.120479092473936,
                47.572405427054235
              ],
              [
                19.12048157517875,
                47.57240418013537
              ],
              [
                19.120482580407742,
                47.57240362163934
              ],
              [
                19.120510420037284,
                47.572386544510415
              ],
              [
                19.120548883923153,
                47.572363164381436
              ],
              [
                19.12054891579089,
                47.57236314497906
              ],
              [
                19.120562205497528,
                47.57235503581476
              ],
              [
                19.120562222474142,
                47.57235502543798
              ],
              [
                19.12056226284721,
                47.57235500071755
              ],
              [
                19.12056227979754,
                47.57235499032091
              ],
              [
                19.120604776432465,
                47.57232887947472
              ],
              [
                19.12060484837919,
                47.5723288349422
              ],
              [
                19.120605019035533,
                47.572328728531204
              ],
              [
                19.120605090497516,
                47.572328683642766
              ],
              [
                19.12062501028281,
                47.572316078772616
              ],
              [
                19.120626310090547,
                47.57231512869855
              ],
              [
                19.120629147743845,
                47.57231272895049
              ],
              [
                19.1206302325187,
                47.57231166242962
              ],
              [
                19.120683314288637,
                47.57225046599385
              ],
              [
                19.120683747741367,
                47.57224992464909
              ],
              [
                19.120684713025852,
                47.57224861387765
              ],
              [
                19.12068509073655,
                47.5722480537337
              ],
              [
                19.120711597757325,
                47.57220489017078
              ],
              [
                19.12077787037692,
                47.57209787362215
              ],
              [
                19.120837529677974,
                47.572002527046294
              ],
              [
                19.120837546772,
                47.5720024996633
              ],
              [
                19.120887917381133,
                47.57192155737372
              ],
              [
                19.120919716588844,
                47.57187121634133
              ],
              [
                19.120919739484286,
                47.57187117987367
              ],
              [
                19.120919793692778,
                47.571871092999736
              ],
              [
                19.120919816350685,
                47.571871056464104
              ],
              [
                19.120978776996214,
                47.57177539288764
              ],
              [
                19.121042854295823,
                47.571729393358304
              ],
              [
                19.121043141333836,
                47.571729180573385
              ],
              [
                19.12104381232523,
                47.57172866687167
              ],
              [
                19.12104408914554,
                47.57172844797453
              ],
              [
                19.121150913869826,
                47.57164118427233
              ],
              [
                19.121155630925163,
                47.571639356219244
              ],
              [
                19.12115633484253,
                47.57163906339287
              ],
              [
                19.12115797655155,
                47.5716383319152
              ],
              [
                19.121158652221588,
                47.5716380100544
              ],
              [
                19.121291470666815,
                47.57157046696378
              ],
              [
                19.12129152677208,
                47.571570438274605
              ],
              [
                19.121291660034753,
                47.57157036975588
              ],
              [
                19.121291715914936,
                47.57157034086625
              ],
              [
                19.121371283450085,
                47.57152897896573
              ],
              [
                19.121450851114087,
                47.57148851559165
              ],
              [
                19.12145094400174,
                47.57148846792168
              ],
              [
                19.121451164334847,
                47.571488353813244
              ],
              [
                19.121451256601066,
                47.571488305593796
              ],
              [
                19.121486897913382,
                47.571469509554014
              ],
              [
                19.12177090602138,
                47.57132552849645
              ],
              [
                19.121770921001442,
                47.571325520890944
              ],
              [
                19.121770956635196,
                47.57132550277283
              ],
              [
                19.121770971599467,
                47.57132549515303
              ],
              [
                19.12193167966753,
                47.57124354226891
              ],
              [
                19.121931707545254,
                47.57124352801372
              ],
              [
                19.12193177382833,
                47.57124349402742
              ],
              [
                19.12193180165067,
                47.57124347972264
              ],
              [
                19.122092248051025,
                47.57116076115515
              ],
              [
                19.12215972154691,
                47.571127567990686
              ],
              [
                19.122159840614184,
                47.57112750872865
              ],
              [
                19.122160122826713,
                47.57112736662304
              ],
              [
                19.122160240912816,
                47.571127306468604
              ],
              [
                19.122259778168537,
                47.57107601170368
              ],
              [
                19.1223165725867,
                47.57104712852279
              ],
              [
                19.122383778164593,
                47.57102170777434
              ],
              [
                19.1224473847152,
                47.57099833886087
              ],
              [
                19.12244742218001,
                47.57099832504365
              ],
              [
                19.12244751126805,
                47.570998292061795
              ],
              [
                19.122447548667132,
                47.570998278163245
              ],
              [
                19.12247243556958,
                47.57098899425615
              ],
              [
                19.122740305064248,
                47.5709182492007
              ],
              [
                19.123254426126003,
                47.57078391102157
              ],
              [
                19.123254456354477,
                47.57078390309422
              ],
              [
                19.12325452826435,
                47.57078388416768
              ],
              [
                19.123254558464343,
                47.570783876190355
              ],
              [
                19.123424532450624,
                47.57073881584368
              ],
              [
                19.12358387833279,
                47.57069735962308
              ],
              [
                19.12358389470039,
                47.570697355356394
              ],
              [
                19.123583933645413,
                47.57069734518431
              ],
              [
                19.12358395000472,
                47.570697340903
              ],
              [
                19.123758687255116,
                47.57065152144959
              ],
              [
                19.123762025167757,
                47.57065076605664
              ],
              [
                19.123763257453383,
                47.57065044019278
              ],
              [
                19.12376612606007,
                47.57064956789341
              ],
              [
                19.123768417023395,
                47.570648676309446
              ],
              [
                19.123770973895294,
                47.57064743715212
              ],
              [
                19.123772958905064,
                47.57064625643696
              ],
              [
                19.12377510294997,
                47.57064469941479
              ],
              [
                19.12377670352397,
                47.57064327625099
              ],
              [
                19.12377834997186,
                47.57064146292469
              ],
              [
                19.123779502827517,
                47.5706398535805
              ],
              [
                19.12378058658212,
                47.570637855644364
              ],
              [
                19.12378124613856,
                47.57063612374915
              ],
              [
                19.123781724351097,
                47.57063402019653
              ],
              [
                19.12378186453125,
                47.57063223422506
              ],
              [
                19.123781718294556,
                47.570630108225004
              ],
              [
                19.12378133355617,
                47.57062833878991
              ],
              [
                19.12378056865221,
                47.57062627439907
              ],
              [
                19.123779674206958,
                47.570624591459385
              ],
              [
                19.12377832087819,
                47.57062267029837
              ],
              [
                19.12377769281258,
                47.570621882264646
              ],
              [
                19.123739173479688,
                47.57057882885702
              ],
              [
                19.12365538841684,
                47.570482737325726
              ],
              [
                19.123654654620303,
                47.57048198468417
              ],
              [
                19.12365278006417,
                47.570480257066315
              ],
              [
                19.123650997935265,
                47.570478919319974
              ],
              [
                19.123648652338083,
                47.570477479100354
              ],
              [
                19.123646512096443,
                47.570476408472736
              ],
              [
                19.123643789514887,
                47.57047531340295
              ],
              [
                19.12364137698257,
                47.57047455282545
              ],
              [
                19.123638386590063,
                47.570473846816995
              ],
              [
                19.123635798507742,
                47.57047342678812
              ],
              [
                19.123632660216675,
                47.57047313815134
              ],
              [
                19.123630000364408,
                47.57047307551398
              ],
              [
                19.12362684001777,
                47.57047321582299
              ],
              [
                19.123624215053532,
                47.57047351308879
              ],
              [
                19.123621159378718,
                47.57047407671728
              ],
              [
                19.123619893044232,
                47.57047435714342
              ],
              [
                19.123467330868806,
                47.57051397383991
              ],
              [
                19.123438328915256,
                47.57052113227508
              ],
              [
                19.12343817611175,
                47.57052117071115
              ],
              [
                19.123437813282024,
                47.57052126369473
              ],
              [
                19.123437661186596,
                47.57052130339613
              ],
              [
                19.1232783926498,
                47.57056363828032
              ],
              [
                19.123109822271914,
                47.5706068797199
              ],
              [
                19.12310976462979,
                47.57060689460979
              ],
              [
                19.123109627563768,
                47.57060693026299
              ],
              [
                19.123109570024358,
                47.5706069453338
              ],
              [
                19.122853198191404,
                47.570674557695284
              ],
              [
                19.12259421096977,
                47.57074215997654
              ]
            ]
          ]
        ]
      },
      "properties": {
        "lotNumber": "88262/2"
      }
    },
    {
      "type": "Feature",
      "geometry": {
        "type": "MultiPolygon",
        "coordinates": [
          [
            [
              [
                19.119972576290618,
                47.57160556568942
              ],
              [
                19.11997067283307,
                47.57160235384593
              ],
              [
                19.119970101047034,
                47.57160151617734
              ],
              [
                19.119968998428284,
                47.57160009695863
              ],
              [
                19.119967490759173,
                47.57159856212725
              ],
              [
                19.119965983837663,
                47.57159732479203
              ],
              [
                19.119964045547878,
                47.571596030142
              ],
              [
                19.119962197591846,
                47.571595026639834
              ],
              [
                19.11995991006065,
                47.57159402652714
              ],
              [
                19.119957798656657,
                47.57159329899019
              ],
              [
                19.11995525792616,
                47.571592635404585
              ],
              [
                19.119952971721627,
                47.5715922143784
              ],
              [
                19.119950284464537,
                47.57159191518059
              ],
              [
                19.119947919445835,
                47.57159181834204
              ],
              [
                19.119945198486757,
                47.571591896093885
              ],
              [
                19.119942853949308,
                47.571592127508744
              ],
              [
                19.119940213527805,
                47.5715925789458
              ],
              [
                19.119937987907107,
                47.5715931288981
              ],
              [
                19.119935538881407,
                47.57159393506671
              ],
              [
                19.119933525620247,
                47.57159478046665
              ],
              [
                19.11993240544789,
                47.57159530654508
              ],
              [
                19.119885919310857,
                47.571619620692005
              ],
              [
                19.119885748333658,
                47.57161971164173
              ],
              [
                19.119885452766315,
                47.57161987153072
              ],
              [
                19.119885284010934,
                47.57161996436148
              ],
              [
                19.11983253050997,
                47.57164947184825
              ],
              [
                19.11980502109623,
                47.57166368279678
              ],
              [
                19.119803959479103,
                47.57166429338046
              ],
              [
                19.11980219950831,
                47.57166541830633
              ],
              [
                19.119800387675262,
                47.57166684752815
              ],
              [
                19.119799012376927,
                47.57166819578538
              ],
              [
                19.119797679974504,
                47.57166984897723
              ],
              [
                19.119796749629828,
                47.57167136146997
              ],
              [
                19.11979595505906,
                47.57167316617031
              ],
              [
                19.119795510446377,
                47.571674776603935
              ],
              [
                19.119795288534473,
                47.57167665371035
              ],
              [
                19.119795349141846,
                47.571678291497456
              ],
              [
                19.119795709615612,
                47.57168015873378
              ],
              [
                19.119796272786633,
                47.571681752087905
              ],
              [
                19.119797199846133,
                47.57168352761072
              ],
              [
                19.119798240896355,
                47.571685006693066
              ],
              [
                19.119798905126135,
                47.57168583548984
              ],
              [
                19.12031537564645,
                47.57225667325552
              ],
              [
                19.12031610515733,
                47.572257397729196
              ],
              [
                19.120317462163776,
                47.5722586135063
              ],
              [
                19.12031921556519,
                47.57225990155306
              ],
              [
                19.120320894985223,
                47.57226091633152
              ],
              [
                19.120322983980856,
                47.57226195002779
              ],
              [
                19.12032492214753,
                47.57226272533733
              ],
              [
                19.120327267543367,
                47.572263465495595
              ],
              [
                19.120329390980594,
                47.57226397194404
              ],
              [
                19.120331903862457,
                47.572264390504834
              ],
              [
                19.120334132070507,
                47.57226460889276
              ],
              [
                19.120336717174773,
                47.57226468998837
              ],
              [
                19.12033896568204,
                47.57226461203664
              ],
              [
                19.120341525007117,
                47.57226435259275
              ],
              [
                19.12034370857245,
                47.57226398125646
              ],
              [
                19.12034614509403,
                47.57226339110864
              ],
              [
                19.120348180938226,
                47.57226274046527
              ],
              [
                19.12035040228755,
                47.57226184198601
              ],
              [
                19.12035221323155,
                47.57226093670149
              ],
              [
                19.12035321649188,
                47.57226038205766
              ],
              [
                19.120379777063256,
                47.572244175260714
              ],
              [
                19.120380033485105,
                47.57224401461093
              ],
              [
                19.12038047415268,
                47.572243731159745
              ],
              [
                19.120380724245273,
                47.572243566003635
              ],
              [
                19.12038603586902,
                47.57223996485962
              ],
              [
                19.12038649831558,
                47.57223963506806
              ],
              [
                19.12038728103493,
                47.572239047839545
              ],
              [
                19.120387718265786,
                47.57223870265582
              ],
              [
                19.12042872317347,
                47.57220462355479
              ],
              [
                19.12046574319685,
                47.57217504221385
              ],
              [
                19.120466588071796,
                47.57217429036479
              ],
              [
                19.120467952738416,
                47.57217293358997
              ],
              [
                19.12046927100479,
                47.57217127135911
              ],
              [
                19.120470187473995,
                47.57216975179991
              ],
              [
                19.12047096441662,
                47.57216794005264
              ],
              [
                19.12047139237347,
                47.572166324553734
              ],
              [
                19.120471593815143,
                47.57216444298786
              ],
              [
                19.120471514434147,
                47.57216280261422
              ],
              [
                19.120471131513657,
                47.572160933998845
              ],
              [
                19.120470548286836,
                47.5721593409096
              ],
              [
                19.12046959784878,
                47.57215756744423
              ],
              [
                19.120468536432057,
                47.57215609171856
              ],
              [
                19.120467860527263,
                47.57215526530564
              ],
              [
                19.120417346242274,
                47.57210050230699
              ],
              [
                19.120253698840624,
                47.5719190028542
              ],
              [
                19.119972576290618,
                47.57160556568942
              ]
            ]
          ]
        ]
      },
      "properties": {
        "lotNumber": "88263"
      }
    },
    {
      "type": "Feature",
      "geometry": {
        "type": "MultiPolygon",
        "coordinates": [
          [
            [
              [
                19.120100402551788,
                47.57154169561382
              ],
              [
                19.120099633156318,
                47.5715409282602
              ],
              [
                19.120097998221247,
                47.5715394660112
              ],
              [
                19.120096130829985,
                47.571538111911416
              ],
              [
                19.120094087980874,
                47.57153690729194
              ],
              [
                19.12009185033759,
                47.571535840750535
              ],
              [
                19.120089486199657,
                47.571534944841275
              ],
              [
                19.12008697318961,
                47.57153421108405
              ],
              [
                19.120084388011982,
                47.57153366187523
              ],
              [
                19.120081706197073,
                47.57153329201643
              ],
              [
                19.120079009601852,
                47.57153311279679
              ],
              [
                19.120076272701986,
                47.57153312251993
              ],
              [
                19.1200735790358,
                47.571533320889124
              ],
              [
                19.120070903106694,
                47.57153370978195
              ],
              [
                19.120068326591987,
                47.571534277328254
              ],
              [
                19.12006582510396,
                47.57153502890012
              ],
              [
                19.120063474995476,
                47.571535941557265
              ],
              [
                19.120062323229718,
                47.57153644395655
              ],
              [
                19.119934812463658,
                47.57159858559067
              ],
              [
                19.119933841787415,
                47.571599106813046
              ],
              [
                19.11993199503423,
                47.57160019715405
              ],
              [
                19.119930289294185,
                47.571601411286146
              ],
              [
                19.119928773359565,
                47.57160271447934
              ],
              [
                19.119927429914558,
                47.57160412161935
              ],
              [
                19.11992629738808,
                47.571605592455384
              ],
              [
                19.11992536284381,
                47.57160714378804
              ],
              [
                19.11992465301419,
                47.57160873124193
              ],
              [
                19.11992415979118,
                47.57161037294974
              ],
              [
                19.119923897283304,
                47.57161202195082
              ],
              [
                19.1199238624921,
                47.57161369708094
              ],
              [
                19.11992405641277,
                47.57161535042348
              ],
              [
                19.119924481260416,
                47.571617000863746
              ],
              [
                19.11992512488237,
                47.57161860119132
              ],
              [
                19.119925994630474,
                47.57162016968598
              ],
              [
                19.119927065625795,
                47.5716216614814
              ],
              [
                19.119927658486418,
                47.57162239783145
              ],
              [
                19.120209856463088,
                47.57193703433897
              ],
              [
                19.120210582867237,
                47.57193776167205
              ],
              [
                19.12021212144751,
                47.57193915091967
              ],
              [
                19.12021387031066,
                47.571940444989814
              ],
              [
                19.12021577798666,
                47.57194160579734
              ],
              [
                19.120217864658677,
                47.57194264562348
              ],
              [
                19.12022006891476,
                47.57194353386561
              ],
              [
                19.120222414075887,
                47.57194427992123
              ],
              [
                19.120224831122606,
                47.57194486183356
              ],
              [
                19.1202273456272,
                47.571945285759185
              ],
              [
                19.12022988358637,
                47.57194553922174
              ],
              [
                19.12023247185162,
                47.57194562490284
              ],
              [
                19.120235034248825,
                47.57194554028084
              ],
              [
                19.120237597888057,
                47.57194528446044
              ],
              [
                19.120240087319946,
                47.57194486497062
              ],
              [
                19.12024252888259,
                47.57194427737314
              ],
              [
                19.120244850719413,
                47.57194353896138
              ],
              [
                19.120245996439305,
                47.571943127253675
              ],
              [
                19.120380164249497,
                47.571889076288976
              ],
              [
                19.120381256050408,
                47.57188858554718
              ],
              [
                19.120383341851515,
                47.57188754419594
              ],
              [
                19.12038528538631,
                47.57188635701004
              ],
              [
                19.12038702907316,
                47.571885059162526
              ],
              [
                19.120388591010315,
                47.57188363718278
              ],
              [
                19.12038992492184,
                47.57188213320005
              ],
              [
                19.120391044652816,
                47.57188053160419
              ],
              [
                19.120391917028705,
                47.57187887984599
              ],
              [
                19.120392551104146,
                47.57187716078147
              ],
              [
                19.12039292809326,
                47.57187542534177
              ],
              [
                19.120393051908934,
                47.571873655514246
              ],
              [
                19.120392918882892,
                47.571871903734085
              ],
              [
                19.120392527634433,
                47.57187015181903
              ],
              [
                19.120391889755208,
                47.5718684516735
              ],
              [
                19.1203909986245,
                47.571866785651224
              ],
              [
                19.120389880644094,
                47.57186520311186
              ],
              [
                19.120389257702886,
                47.571864422713
              ],
              [
                19.120100402551788,
                47.57154169561382
              ]
            ]
          ]
        ]
      },
      "properties": {
        "lotNumber": "88265"
      }
    },
    {
      "type": "Feature",
      "geometry": {
        "type": "MultiPolygon",
        "coordinates": [
          [
            [
              [
                19.12037236883138,
                47.57211917474568
              ],
              [
                19.120372404210823,
                47.57211921376083
              ],
              [
                19.120372482367863,
                47.572119299459665
              ],
              [
                19.120372518040273,
                47.57211933835252
              ],
              [
                19.120423099278298,
                47.572174173985715
              ],
              [
                19.120423818600017,
                47.57217487704317
              ],
              [
                19.120425506056495,
                47.57217636942441
              ],
              [
                19.12042722355956,
                47.572177621417026
              ],
              [
                19.120429297533537,
                47.57217887097169
              ],
              [
                19.120431333850533,
                47.57217988062904
              ],
              [
                19.120433719527842,
                47.57218084228205
              ],
              [
                19.120436001202968,
                47.572181573182846
              ],
              [
                19.12043861252538,
                47.572182212244584
              ],
              [
                19.120441057252076,
                47.57218263802315
              ],
              [
                19.120443800021672,
                47.572182931440864
              ],
              [
                19.120446319611585,
                47.57218303673811
              ],
              [
                19.120449094888755,
                47.572182973927376
              ],
              [
                19.120451598453005,
                47.57218275494491
              ],
              [
                19.12045430612548,
                47.5721823381715
              ],
              [
                19.120456703353277,
                47.57218180280873
              ],
              [
                19.120459245747504,
                47.57218104710681
              ],
              [
                19.12046145016394,
                47.57218021467571
              ],
              [
                19.12046373556845,
                47.57217914730571
              ],
              [
                19.12046566765388,
                47.57217804783452
              ],
              [
                19.120467613627582,
                47.572176707299484
              ],
              [
                19.120468455310885,
                47.572176069478616
              ],
              [
                19.12052023247646,
                47.57213286313638
              ],
              [
                19.12052084136124,
                47.57213231338471
              ],
              [
                19.12052211074807,
                47.57213107109939
              ],
              [
                19.120523133992755,
                47.57212988543681
              ],
              [
                19.120524109177317,
                47.572128526873776
              ],
              [
                19.1205245175673,
                47.57212789788041
              ],
              [
                19.120572254625664,
                47.5720460172307
              ],
              [
                19.120572644564167,
                47.57204524828512
              ],
              [
                19.120573387822702,
                47.572043533850696
              ],
              [
                19.12057385280308,
                47.57204194035343
              ],
              [
                19.12057412832303,
                47.57204016341323
              ],
              [
                19.12057416224187,
                47.57203853930667
              ],
              [
                19.120573961038584,
                47.57203675780688
              ],
              [
                19.12057356278987,
                47.57203515605327
              ],
              [
                19.120572891424708,
                47.57203342808874
              ],
              [
                19.120572073995437,
                47.57203190092143
              ],
              [
                19.120570954361746,
                47.57203028284121
              ],
              [
                19.12057039627144,
                47.57202956293043
              ],
              [
                19.120419968507537,
                47.57185516126384
              ],
              [
                19.120419203061974,
                47.57185437208977
              ],
              [
                19.120417389276845,
                47.57185270040682
              ],
              [
                19.120415514103346,
                47.57185130601451
              ],
              [
                19.12041322522676,
                47.57184992692915
              ],
              [
                19.12041096172589,
                47.571848827702794
              ],
              [
                19.120408298325604,
                47.571847801808644
              ],
              [
                19.12040574595016,
                47.57184704604557
              ],
              [
                19.12040282504953,
                47.57184641841792
              ],
              [
                19.120400095944685,
                47.571846039324576
              ],
              [
                19.12039704588101,
                47.571845837539946
              ],
              [
                19.120394259956996,
                47.57184585177267
              ],
              [
                19.120391214742636,
                47.571846084696894
              ],
              [
                19.120388494406175,
                47.57184649163043
              ],
              [
                19.120385587840435,
                47.57184714902942
              ],
              [
                19.120384289877144,
                47.57184749482918
              ],
              [
                19.120355061506466,
                47.57185650760309
              ],
              [
                19.120354408420695,
                47.571856723773614
              ],
              [
                19.120352991919543,
                47.57185722557596
              ],
              [
                19.12035235727699,
                47.57185746558934
              ],
              [
                19.120218189518567,
                47.57191151652225
              ],
              [
                19.12021709553946,
                47.57191200834924
              ],
              [
                19.120214773561933,
                47.571913168101354
              ],
              [
                19.12021282674217,
                47.57191435826142
              ],
              [
                19.120210886627156,
                47.5719158040777
              ],
              [
                19.120209323187375,
                47.571917229840174
              ],
              [
                19.120207840527918,
                47.57191890538704
              ],
              [
                19.120206721384736,
                47.57192051119972
              ],
              [
                19.12020575395002,
                47.571922351192605
              ],
              [
                19.120205122708867,
                47.57192407448799
              ],
              [
                19.12020470819329,
                47.57192600723493
              ],
              [
                19.120204589449425,
                47.57192778086798
              ],
              [
                19.120204744003956,
                47.571929731063044
              ],
              [
                19.120205142384116,
                47.57193148592739
              ],
              [
                19.12020585998693,
                47.57193337758478
              ],
              [
                19.120206759969072,
                47.571935045305366
              ],
              [
                19.120208012660196,
                47.57193680472014
              ],
              [
                19.120208640524957,
                47.5719375853921
              ],
              [
                19.12037236883138,
                47.57211917474568
              ]
            ]
          ]
        ]
      },
      "properties": {
        "lotNumber": "88266/1"
      }
    },
    {
      "type": "Feature",
      "geometry": {
        "type": "MultiPolygon",
        "coordinates": [
          [
            [
              [
                19.12005829533764,
                47.57156131823559
              ],
              [
                19.12034560324161,
                47.57188231693495
              ],
              [
                19.120346378214137,
                47.571883089263515
              ],
              [
                19.12034779266864,
                47.57188435248
              ],
              [
                19.12034967539296,
                47.57188571388702
              ],
              [
                19.120351444330133,
                47.571886752596434
              ],
              [
                19.120353701391885,
                47.571887822047174
              ],
              [
                19.120355748792278,
                47.57188859161129
              ],
              [
                19.120358283195014,
                47.57188932314647
              ],
              [
                19.12036052107232,
                47.57188979049363
              ],
              [
                19.120363223900945,
                47.571890152675714
              ],
              [
                19.120365556083122,
                47.57189029772175
              ],
              [
                19.120368311184485,
                47.57189027498617
              ],
              [
                19.120370637446772,
                47.57189009149781
              ],
              [
                19.120373326421287,
                47.571889684821556
              ],
              [
                19.12037554679333,
                47.57188918068416
              ],
              [
                19.120376830122616,
                47.571888838201026
              ],
              [
                19.120406058507452,
                47.57187982542168
              ],
              [
                19.12040717427624,
                47.57187943733708
              ],
              [
                19.120409020901242,
                47.57187871855104
              ],
              [
                19.120411065911778,
                47.5718777380737
              ],
              [
                19.12041268031875,
                47.57187679747297
              ],
              [
                19.120414416992194,
                47.5718755746306
              ],
              [
                19.120415741779006,
                47.571874445659404
              ],
              [
                19.1204171083659,
                47.57187302393168
              ],
              [
                19.120418096428246,
                47.57187174673188
              ],
              [
                19.120419044338032,
                47.57187017667002
              ],
              [
                19.120419660544247,
                47.571868796653945
              ],
              [
                19.120420156072964,
                47.571867134083256
              ],
              [
                19.12042037851317,
                47.571865700319066
              ],
              [
                19.120420404041788,
                47.57186400435427
              ],
              [
                19.12042022480693,
                47.57186256782104
              ],
              [
                19.12041977942783,
                47.57186089876415
              ],
              [
                19.120419204890894,
                47.571859510539525
              ],
              [
                19.12041830444013,
                47.57185792773571
              ],
              [
                19.1204173550295,
                47.57185663717964
              ],
              [
                19.120416743552735,
                47.57185589588525
              ],
              [
                19.120111926805137,
                47.57152418413523
              ],
              [
                19.12011113503255,
                47.571523414991034
              ],
              [
                19.12010969213121,
                47.57152215839704
              ],
              [
                19.120107776466057,
                47.571520807638855
              ],
              [
                19.120105980421837,
                47.57151978041401
              ],
              [
                19.120103693049884,
                47.571518727298034
              ],
              [
                19.120101621678536,
                47.571517973948026
              ],
              [
                19.120099061702906,
                47.57151726410177
              ],
              [
                19.120096804749053,
                47.57151681726642
              ],
              [
                19.120094083083675,
                47.57151648144478
              ],
              [
                19.12009173833247,
                47.57151636048369
              ],
              [
                19.120088972896678,
                47.571516413236544
              ],
              [
                19.120086641937213,
                47.57151662339053
              ],
              [
                19.120083952546743,
                47.5715170624323
              ],
              [
                19.120081736370544,
                47.57151759459619
              ],
              [
                19.120079239546374,
                47.57151840090484
              ],
              [
                19.12007723417188,
                47.57151923202201
              ],
              [
                19.12007609223518,
                47.571519762569174
              ],
              [
                19.120053513185095,
                47.57153146953295
              ],
              [
                19.120052552441916,
                47.571532018362866
              ],
              [
                19.120050987967726,
                47.57153300150566
              ],
              [
                19.120049317139635,
                47.57153427066289
              ],
              [
                19.12004805391439,
                47.571535435434235
              ],
              [
                19.120046765746196,
                47.57153689465355
              ],
              [
                19.12004584888335,
                47.57153819945615
              ],
              [
                19.120044989379313,
                47.57153979662455
              ],
              [
                19.120044451622707,
                47.57154119486013
              ],
              [
                19.120044051478256,
                47.57154287293818
              ],
              [
                19.12004391203281,
                47.57154431467181
              ],
              [
                19.120043985538338,
                47.57154601373047
              ],
              [
                19.120044249384105,
                47.571547447473606
              ],
              [
                19.120044793914605,
                47.571549106834674
              ],
              [
                19.120045451628975,
                47.571550481384214
              ],
              [
                19.12004644773775,
                47.571552041787044
              ],
              [
                19.120047475831893,
                47.57155330805384
              ],
              [
                19.1200488879451,
                47.57155471377195
              ],
              [
                19.120050249702857,
                47.57155582653399
              ],
              [
                19.120051096536024,
                47.57155645543161
              ],
              [
                19.12005829533764,
                47.57156131823559
              ]
            ]
          ]
        ]
      },
      "properties": {
        "lotNumber": "88266/2"
      }
    },
    {
      "type": "Feature",
      "geometry": {
        "type": "MultiPolygon",
        "coordinates": [
          [
            [
              [
                19.120372637673814,
                47.571874154982744
              ],
              [
                19.120522874010913,
                47.57204833489417
              ],
              [
                19.120523616377085,
                47.572049102726716
              ],
              [
                19.120525276702296,
                47.57205064243207
              ],
              [
                19.12052708774858,
                47.572052005143114
              ],
              [
                19.12052917479821,
                47.57205328512766
              ],
              [
                19.120531356424365,
                47.5720543711169
              ],
              [
                19.12053378354478,
                47.57205533823604
              ],
              [
                19.120536245170342,
                47.5720561024136
              ],
              [
                19.12053891158823,
                47.572056716512854
              ],
              [
                19.120541551007232,
                47.572057127150224
              ],
              [
                19.120544346013688,
                47.57205736273232
              ],
              [
                19.120547053638205,
                47.57205740278
              ],
              [
                19.120549861185346,
                47.572057250063665
              ],
              [
                19.12055252459557,
                47.572056917858895
              ],
              [
                19.12055522811483,
                47.57205638318485
              ],
              [
                19.12055773672671,
                47.57205569252064
              ],
              [
                19.12056022396875,
                47.572054798088395
              ],
              [
                19.120562473625455,
                47.572053777640974
              ],
              [
                19.12056464132072,
                47.572052560587096
              ],
              [
                19.120566538617197,
                47.57205125272514
              ],
              [
                19.120568296763636,
                47.57204976358134
              ],
              [
                19.12056976292474,
                47.572048222606895
              ],
              [
                19.120571038524737,
                47.57204652320203
              ],
              [
                19.120571590132293,
                47.57204568498387
              ],
              [
                19.120632583934878,
                47.5719386111486
              ],
              [
                19.120632969326703,
                47.571937829712944
              ],
              [
                19.120633659385806,
                47.57193618291879
              ],
              [
                19.120634106040537,
                47.57193456502164
              ],
              [
                19.120634341126635,
                47.57193286070446
              ],
              [
                19.120634344664367,
                47.571931214815464
              ],
              [
                19.120634116905908,
                47.571929510042644
              ],
              [
                19.12063367720825,
                47.57192789127299
              ],
              [
                19.120632994231606,
                47.571926243127244
              ],
              [
                19.120632126021505,
                47.5719247056798
              ],
              [
                19.12063101069557,
                47.571923169347805
              ],
              [
                19.120630424446112,
                47.571922447361786
              ],
              [
                19.12049338898971,
                47.571770602085145
              ],
              [
                19.120224564014766,
                47.571465930638794
              ],
              [
                19.120223874817288,
                47.57146522683225
              ],
              [
                19.120222343027162,
                47.5714638116221
              ],
              [
                19.120220688097113,
                47.57146255030032
              ],
              [
                19.120218792798525,
                47.5714613535199
              ],
              [
                19.12021681898179,
                47.57146032348081
              ],
              [
                19.120214626829625,
                47.57145938721916
              ],
              [
                19.120212403542432,
                47.57145862468767
              ],
              [
                19.12020999163144,
                47.57145798187162
              ],
              [
                19.120207597063516,
                47.57145751366489
              ],
              [
                19.120205050217034,
                47.57145718690138
              ],
              [
                19.12020256858176,
                47.57145702948546
              ],
              [
                19.120199976368575,
                47.5714570302663
              ],
              [
                19.12019749494137,
                47.57145718917725
              ],
              [
                19.120194948525747,
                47.571457517475004
              ],
              [
                19.12019255457469,
                47.57145798712424
              ],
              [
                19.120190143510275,
                47.57145863139312
              ],
              [
                19.120187921227064,
                47.57145939526372
              ],
              [
                19.120185730307416,
                47.571460332845724
              ],
              [
                19.12018470827737,
                47.571460817099734
              ],
              [
                19.12007447017494,
                47.57151845087603
              ],
              [
                19.12007341300373,
                47.57151906612026
              ],
              [
                19.120071319189485,
                47.57152042025503
              ],
              [
                19.120069518547933,
                47.571521857877585
              ],
              [
                19.120067887637138,
                47.57152347754342
              ],
              [
                19.120066569170167,
                47.57152513752337
              ],
              [
                19.120065472760288,
                47.57152695161654
              ],
              [
                19.120064694349004,
                47.5715287610804
              ],
              [
                19.120064180572818,
                47.57153068996168
              ],
              [
                19.120063976389805,
                47.57153256947346
              ],
              [
                19.120064067802353,
                47.57153452846458
              ],
              [
                19.120064446811426,
                47.571536395513206
              ],
              [
                19.120065139399795,
                47.57153829861387
              ],
              [
                19.12006608496246,
                47.57154007123543
              ],
              [
                19.120067348321964,
                47.571541834898916
              ],
              [
                19.120068021517827,
                47.571542661223994
              ],
              [
                19.120372637673814,
                47.571874154982744
              ]
            ]
          ]
        ]
      },
      "properties": {
        "lotNumber": "88267"
      }
    },
    {
      "type": "Feature",
      "geometry": {
        "type": "MultiPolygon",
        "coordinates": [
          [
            [
              [
                19.120609572456775,
                47.571738069497734
              ],
              [
                19.120609561841512,
                47.57173805764453
              ],
              [
                19.120327358644264,
                47.57142341773852
              ],
              [
                19.1203264481282,
                47.57142252804035
              ],
              [
                19.120324751916968,
                47.57142106694272
              ],
              [
                19.120323690094395,
                47.57142025769013
              ],
              [
                19.120314377810363,
                47.57141396725022
              ],
              [
                19.12031336400519,
                47.571413349380876
              ],
              [
                19.12031154436075,
                47.57141234993183
              ],
              [
                19.120309263596912,
                47.57141134069424
              ],
              [
                19.12030718099538,
                47.57141061340011
              ],
              [
                19.12030464401649,
                47.57140994016708
              ],
              [
                19.12030238600393,
                47.57140951560099
              ],
              [
                19.120299699456655,
                47.57140920667309
              ],
              [
                19.120297360952865,
                47.57140910268254
              ],
              [
                19.12029463777125,
                47.57140917104612
              ],
              [
                19.120292317079596,
                47.5714093920025
              ],
              [
                19.120289671737673,
                47.57140983478378
              ],
              [
                19.120287466412773,
                47.57141037139879
              ],
              [
                19.120285010112433,
                47.57141116998462
              ],
              [
                19.120283012859257,
                47.57141199970066
              ],
              [
                19.120281888299143,
                47.57141252247937
              ],
              [
                19.120186259627825,
                47.57146205214643
              ],
              [
                19.12018520767737,
                47.57146265817573
              ],
              [
                19.120183483151337,
                47.57146376128116
              ],
              [
                19.120181685464242,
                47.57146517789573
              ],
              [
                19.120180334671453,
                47.571466498205055
              ],
              [
                19.120179007949588,
                47.57146813549062
              ],
              [
                19.12017808910785,
                47.57146961609984
              ],
              [
                19.12017729053161,
                47.57147140349124
              ],
              [
                19.120176843242113,
                47.5714729805877
              ],
              [
                19.120176607229418,
                47.57147484105003
              ],
              [
                19.120176650769977,
                47.57147644666254
              ],
              [
                19.120176987492826,
                47.57147830001194
              ],
              [
                19.120177519986978,
                47.57147986494024
              ],
              [
                19.120178414933076,
                47.571481631299186
              ],
              [
                19.120179413430954,
                47.571483088096436
              ],
              [
                19.120180059085413,
                47.5714839146265
              ],
              [
                19.120448953221583,
                47.57178866474485
              ],
              [
                19.120448987346492,
                47.57178870320173
              ],
              [
                19.120449046284694,
                47.5717887692481
              ],
              [
                19.120449080692577,
                47.57178880758932
              ],
              [
                19.120586186550057,
                47.57194073101569
              ],
              [
                19.120586939832613,
                47.5719414784135
              ],
              [
                19.120588327613582,
                47.57194271664673
              ],
              [
                19.12059014687514,
                47.57194403946892
              ],
              [
                19.120591872395828,
                47.571945064980845
              ],
              [
                19.120594045674682,
                47.57194611500626
              ],
              [
                19.120596039285306,
                47.57194688640251
              ],
              [
                19.120598478858142,
                47.571947621247425
              ],
              [
                19.1206006600876,
                47.57194810739101
              ],
              [
                19.120603267482245,
                47.57194849739371
              ],
              [
                19.120605548286274,
                47.57194867866165
              ],
              [
                19.120608218256503,
                47.5719487080799
              ],
              [
                19.120610506571527,
                47.571948577155425
              ],
              [
                19.120613131345262,
                47.57194824480177
              ],
              [
                19.120615334804537,
                47.571947806969575
              ],
              [
                19.12061780843405,
                47.57194712625927
              ],
              [
                19.120619838096015,
                47.571946399192264
              ],
              [
                19.120622060734448,
                47.57194539760189
              ],
              [
                19.120623834672788,
                47.571944410647774
              ],
              [
                19.12062571660445,
                47.571943128606044
              ],
              [
                19.12062716321505,
                47.57194192160268
              ],
              [
                19.120628628476723,
                47.57194041085862
              ],
              [
                19.120629689367902,
                47.571939032526124
              ],
              [
                19.12063024653748,
                47.57193821015166
              ],
              [
                19.12068859290044,
                47.57183923307959
              ],
              [
                19.120688994639252,
                47.57183844803163
              ],
              [
                19.120689592106515,
                47.57183707905626
              ],
              [
                19.120690066839785,
                47.57183545063564
              ],
              [
                19.12069028243065,
                47.5718340306752
              ],
              [
                19.120690306932794,
                47.57183237094862
              ],
              [
                19.120690133305864,
                47.57183094835673
              ],
              [
                19.120689706742592,
                47.57182931384251
              ],
              [
                19.120689149810406,
                47.571827937062324
              ],
              [
                19.12068828670746,
                47.571826383420245
              ],
              [
                19.120687365435174,
                47.571825099335015
              ],
              [
                19.12068677880941,
                47.57182436953182
              ],
              [
                19.120609572456775,
                47.571738069497734
              ]
            ]
          ]
        ]
      },
      "properties": {
        "lotNumber": "88268"
      }
    },
    {
      "type": "Feature",
      "geometry": {
        "type": "MultiPolygon",
        "coordinates": [
          [
            [
              [
                19.120407894354667,
                47.57137975306787
              ],
              [
                19.12040719024983,
                47.57137905236342
              ],
              [
                19.120405777879654,
                47.57137778011182
              ],
              [
                19.1204040938208,
                47.57137652834552
              ],
              [
                19.12040235421003,
                47.571375457719704
              ],
              [
                19.120400353394412,
                47.57137444166733
              ],
              [
                19.120398348164137,
                47.57137361059134
              ],
              [
                19.120396101465317,
                47.57137286624381
              ],
              [
                19.120393901645468,
                47.57137230415634
              ],
              [
                19.12039148864674,
                47.571371857880195
              ],
              [
                19.12038917216004,
                47.57137158469163
              ],
              [
                19.12038667833541,
                47.571371452294954
              ],
              [
                19.120384327237172,
                47.57137147768231
              ],
              [
                19.120381840923677,
                47.57137166385495
              ],
              [
                19.12037953849525,
                47.57137198691893
              ],
              [
                19.120377147763865,
                47.57137248506619
              ],
              [
                19.12037497556259,
                47.571373094363125
              ],
              [
                19.12037276509857,
                47.57137388683948
              ],
              [
                19.120370800068855,
                47.571374760786654
              ],
              [
                19.12036978723304,
                47.57137525900842
              ],
              [
                19.12029009945301,
                47.571418482627394
              ],
              [
                19.120289078087662,
                47.571419097606494
              ],
              [
                19.12028725074711,
                47.57142031745123
              ],
              [
                19.12028551403186,
                47.57142174343292
              ],
              [
                19.12028409361979,
                47.571423190252084
              ],
              [
                19.120282824168953,
                47.57142482632455
              ],
              [
                19.12028187063845,
                47.571426439050505
              ],
              [
                19.120281122033344,
                47.57142821615806
              ],
              [
                19.120280675631324,
                47.571429926720604
              ],
              [
                19.120280479469336,
                47.571431769854705
              ],
              [
                19.120280559037727,
                47.57143350605394
              ],
              [
                19.12028092359862,
                47.57143533741923
              ],
              [
                19.120281525779085,
                47.5714370259734
              ],
              [
                19.12028243567549,
                47.5714387682712
              ],
              [
                19.120283535051158,
                47.57144033790935
              ],
              [
                19.12028418335983,
                47.571441152443484
              ],
              [
                19.12056637491107,
                47.571755779646836
              ],
              [
                19.120643573654082,
                47.57184207125331
              ],
              [
                19.120644326791222,
                47.57184282434144
              ],
              [
                19.120645844691254,
                47.57184418815539
              ],
              [
                19.120647667697472,
                47.57184552126858
              ],
              [
                19.120649559534144,
                47.57184665089913
              ],
              [
                19.120651741141597,
                47.57184770897228
              ],
              [
                19.120653929766565,
                47.57184855835355
              ],
              [
                19.120656381010118,
                47.571849298238874
              ],
              [
                19.12065877717208,
                47.57184983273334
              ],
              [
                19.12066139809096,
                47.57185022425858
              ],
              [
                19.120663904075307,
                47.571850422069836
              ],
              [
                19.120666587789373,
                47.57185044926867
              ],
              [
                19.120669101402978,
                47.57185030233001
              ],
              [
                19.120671738471348,
                47.57184996409339
              ],
              [
                19.12067415720994,
                47.57184947839686
              ],
              [
                19.120676640093922,
                47.571848788517855
              ],
              [
                19.12067886532224,
                47.571847983870036
              ],
              [
                19.12068109277074,
                47.5718469704817
              ],
              [
                19.120683033744804,
                47.57184587969591
              ],
              [
                19.120684914923327,
                47.571844584123866
              ],
              [
                19.120686492490975,
                47.57184325168178
              ],
              [
                19.120687950685813,
                47.571841726758976
              ],
              [
                19.12068910051449,
                47.57184020699716
              ],
              [
                19.120689651664954,
                47.5718393776641
              ],
              [
                19.120737386980167,
                47.57175659747912
              ],
              [
                19.12073777930782,
                47.571755812002635
              ],
              [
                19.120738414849967,
                47.57175431546251
              ],
              [
                19.120738871453934,
                47.57175268803014
              ],
              [
                19.12073909068012,
                47.571751137996785
              ],
              [
                19.12073909853311,
                47.57174948149775
              ],
              [
                19.120738894007836,
                47.57174793054437
              ],
              [
                19.12073845284358,
                47.57174630116289
              ],
              [
                19.120737831503888,
                47.57174480189385
              ],
              [
                19.1207369562856,
                47.57174325489429
              ],
              [
                19.1207359392058,
                47.57174185816091
              ],
              [
                19.120735347552216,
                47.571741132110034
              ],
              [
                19.120407894354667,
                47.57137975306787
              ]
            ]
          ]
        ]
      },
      "properties": {
        "lotNumber": "88269"
      }
    },
    {
      "type": "Feature",
      "geometry": {
        "type": "MultiPolygon",
        "coordinates": [
          [
            [
              [
                19.120771359478653,
                47.571713812763285
              ],
              [
                19.12077199378359,
                47.571712957105795
              ],
              [
                19.12077303397186,
                47.57171134518312
              ],
              [
                19.120773883048322,
                47.57170952169767
              ],
              [
                19.120774396312427,
                47.57170779740979
              ],
              [
                19.12077465670807,
                47.57170589367333
              ],
              [
                19.120774619858366,
                47.57170413492521
              ],
              [
                19.1207742798084,
                47.57170223695036
              ],
              [
                19.120773694509904,
                47.5717005232038
              ],
              [
                19.12077276937822,
                47.571698716742794
              ],
              [
                19.120771662075356,
                47.571697125426454
              ],
              [
                19.120770992177057,
                47.57169628228347
              ],
              [
                19.12070310437024,
                47.57162077001043
              ],
              [
                19.120703069957916,
                47.57162073194617
              ],
              [
                19.120703006382954,
                47.57162066201471
              ],
              [
                19.12070297169205,
                47.57162062406647
              ],
              [
                19.120456721825665,
                47.57135273832006
              ],
              [
                19.12045601102381,
                47.5713520406387
              ],
              [
                19.120454616789182,
                47.57135080140244
              ],
              [
                19.120452920722094,
                47.57134955690404
              ],
              [
                19.120451208044287,
                47.57134851642645
              ],
              [
                19.12044919742361,
                47.571347509056096
              ],
              [
                19.120447226979174,
                47.571346704199016
              ],
              [
                19.12044497303691,
                47.571345969645755
              ],
              [
                19.12044281463448,
                47.57134542892352
              ],
              [
                19.12044039722298,
                47.57134499321094
              ],
              [
                19.120438127330118,
                47.57134473578026
              ],
              [
                19.12043563209308,
                47.571344614344746
              ],
              [
                19.120433331127217,
                47.57134464932575
              ],
              [
                19.12043084646552,
                47.57134484646947
              ],
              [
                19.12042859594492,
                47.571345172622934
              ],
              [
                19.120426209884783,
                47.57134568136152
              ],
              [
                19.120424089540563,
                47.57134628713248
              ],
              [
                19.120421886614967,
                47.57134708944246
              ],
              [
                19.120419971566378,
                47.57134795336974
              ],
              [
                19.120418963499137,
                47.57134845611257
              ],
              [
                19.12036982325487,
                47.57137547048925
              ],
              [
                19.120368809225173,
                47.57137608907315
              ],
              [
                19.120367034595244,
                47.57137728902791
              ],
              [
                19.120365313530122,
                47.571378720353586
              ],
              [
                19.12036393810569,
                47.57138014014504
              ],
              [
                19.12036268489096,
                47.571381779040465
              ],
              [
                19.120361766564574,
                47.57138335890877
              ],
              [
                19.120361033948896,
                47.57138513639181
              ],
              [
                19.12036061137358,
                47.57138680983922
              ],
              [
                19.120360430193326,
                47.57138865109443
              ],
              [
                19.120360521155646,
                47.57139034768457
              ],
              [
                19.12036089903693,
                47.57139217521237
              ],
              [
                19.120361499708316,
                47.5713938235346
              ],
              [
                19.120362420745966,
                47.57139556041314
              ],
              [
                19.12036350584387,
                47.571397091088514
              ],
              [
                19.120364158786412,
                47.571397902453704
              ],
              [
                19.12069161179749,
                47.57175928161787
              ],
              [
                19.120692374366428,
                47.5717600345782
              ],
              [
                19.12069387763097,
                47.571761368336645
              ],
              [
                19.120695720329625,
                47.571762698531174
              ],
              [
                19.120697590169918,
                47.571763799726334
              ],
              [
                19.12069979140825,
                47.57176485110619
              ],
              [
                19.120701950988405,
                47.571765674487416
              ],
              [
                19.120704420312634,
                47.57176640384899
              ],
              [
                19.12070678089069,
                47.57176691558178
              ],
              [
                19.120709416830746,
                47.5717672929539
              ],
              [
                19.120711881405253,
                47.57176747201001
              ],
              [
                19.120714575644453,
                47.57176748188569
              ],
              [
                19.120717042940512,
                47.571767320907284
              ],
              [
                19.120719684766506,
                47.57176696288065
              ],
              [
                19.12072205339736,
                47.57176646848267
              ],
              [
                19.12072453425159,
                47.5717657572659
              ],
              [
                19.12072670688489,
                47.57176494976429
              ],
              [
                19.120728924823496,
                47.57176391458288
              ],
              [
                19.1207308121809,
                47.57176282715965
              ],
              [
                19.120732676063856,
                47.57176151055147
              ],
              [
                19.12073420058965,
                47.57176018789133
              ],
              [
                19.12073563382588,
                47.571758643958766
              ],
              [
                19.12073673287396,
                47.57175714041275
              ],
              [
                19.12073726883204,
                47.57175630273019
              ],
              [
                19.120740528080415,
                47.571750404436806
              ],
              [
                19.120771359478653,
                47.571713812763285
              ]
            ]
          ]
        ]
      },
      "properties": {
        "lotNumber": "88270"
      }
    },
    {
      "type": "Feature",
      "geometry": {
        "type": "MultiPolygon",
        "coordinates": [
          [
            [
              [
                19.120838994365094,
                47.57148246778163
              ],
              [
                19.12083897906108,
                47.57148245085704
              ],
              [
                19.12063531353132,
                47.571257706671254
              ],
              [
                19.120634613433772,
                47.57125700964192
              ],
              [
                19.120633343936728,
                47.5712558649868
              ],
              [
                19.120631670715387,
                47.57125461884847
              ],
              [
                19.120630108223303,
                47.57125365436825
              ],
              [
                19.120628121132217,
                47.57125264110389
              ],
              [
                19.12062632039901,
                47.57125189059659
              ],
              [
                19.120624089071157,
                47.57125114571366
              ],
              [
                19.12062211319932,
                47.57125063547903
              ],
              [
                19.1206197158264,
                47.57125018508023
              ],
              [
                19.12061763405574,
                47.571249932998214
              ],
              [
                19.12061515464806,
                47.57124979286667
              ],
              [
                19.120613039929353,
                47.57124980777094
              ],
              [
                19.12061056537195,
                47.57124998281734
              ],
              [
                19.120608491810554,
                47.57125026418556
              ],
              [
                19.12060610881848,
                47.571250748275695
              ],
              [
                19.120604149077497,
                47.57125128624801
              ],
              [
                19.120601941157137,
                47.57125206241814
              ],
              [
                19.120600163911107,
                47.57125283814253
              ],
              [
                19.120599150097064,
                47.571253327633954
              ],
              [
                19.120419850800513,
                47.571348782138436
              ],
              [
                19.120418807538467,
                47.57134939978016
              ],
              [
                19.12041711961092,
                47.57135050941729
              ],
              [
                19.1204153455193,
                47.571351947735806
              ],
              [
                19.120414033892686,
                47.57135326994277
              ],
              [
                19.12041273858753,
                47.57135492578065
              ],
              [
                19.120411860170552,
                47.571356403189725
              ],
              [
                19.12041109985242,
                47.57135820470378
              ],
              [
                19.12041069275779,
                47.57135977321344
              ],
              [
                19.120410500415367,
                47.57136164223975
              ],
              [
                19.12041058230613,
                47.57136323379569
              ],
              [
                19.12041096628485,
                47.5713650892413
              ],
              [
                19.120411533608035,
                47.57136663478927
              ],
              [
                19.120412477247996,
                47.57136839615035
              ],
              [
                19.12041350538875,
                47.57136982863235
              ],
              [
                19.120414175194078,
                47.57137064989743
              ],
              [
                19.120660360492433,
                47.571638465636084
              ],
              [
                19.120728184855793,
                47.57171390740774
              ],
              [
                19.1207289014351,
                47.57171462434306
              ],
              [
                19.12073020335266,
                47.571715800692445
              ],
              [
                19.12073192449081,
                47.57171707859625
              ],
              [
                19.120733534961055,
                47.57171806462502
              ],
              [
                19.120735585620054,
                47.57171909604689
              ],
              [
                19.120737445129418,
                47.5717198553171
              ],
              [
                19.12073974952889,
                47.57172060214169
              ],
              [
                19.120741789360743,
                47.57172110659512
              ],
              [
                19.120744262343486,
                47.57172154122413
              ],
              [
                19.120746407117494,
                47.57172177221907
              ],
              [
                19.120748957296442,
                47.57172187859118
              ],
              [
                19.120751127754232,
                47.57172182759149
              ],
              [
                19.12075366088959,
                47.57172160177567
              ],
              [
                19.12075577682365,
                47.57172127066597
              ],
              [
                19.120758199305456,
                47.571720721007175
              ],
              [
                19.120760182523167,
                47.57172012202338
              ],
              [
                19.120762404830575,
                47.571719268833775
              ],
              [
                19.12076418204374,
                47.571718424110756
              ],
              [
                19.120766122053222,
                47.571717298919296
              ],
              [
                19.12076762758641,
                47.571716239673165
              ],
              [
                19.12076921360653,
                47.57171488406039
              ],
              [
                19.120770391824028,
                47.57171364943471
              ],
              [
                19.120771033198544,
                47.57171290059127
              ],
              [
                19.12084497202511,
                47.571616118821716
              ],
              [
                19.1209021615001,
                47.5715764832013
              ],
              [
                19.120902994641053,
                47.571575848431
              ],
              [
                19.120904332652554,
                47.57157472653884
              ],
              [
                19.1209057158803,
                47.57157331210475
              ],
              [
                19.120906718880395,
                47.57157204017088
              ],
              [
                19.120907685139365,
                47.571570475151866
              ],
              [
                19.12090831746178,
                47.57156909840576
              ],
              [
                19.120908832392224,
                47.57156743845335
              ],
              [
                19.12090907155187,
                47.57156600585164
              ],
              [
                19.120909116843137,
                47.57156430999308
              ],
              [
                19.120908954335654,
                47.57156287247852
              ],
              [
                19.12090852837728,
                47.57156120101795
              ],
              [
                19.120907969981452,
                47.57155980970803
              ],
              [
                19.120907087920436,
                47.571558222081954
              ],
              [
                19.120906153492665,
                47.57155692645108
              ],
              [
                19.12090555061865,
                47.57155618189067
              ],
              [
                19.120838994365094,
                47.57148246778163
              ]
            ]
          ]
        ]
      },
      "properties": {
        "lotNumber": "88271"
      }
    },
    {
      "type": "Feature",
      "geometry": {
        "type": "MultiPolygon",
        "coordinates": [
          [
            [
              [
                19.12143213070406,
                47.57014322442325
              ],
              [
                19.12143104604519,
                47.57014370116373
              ],
              [
                19.121428740761417,
                47.57014482599129
              ],
              [
                19.121426801833593,
                47.5701459815723
              ],
              [
                19.121424861672928,
                47.57014738698591
              ],
              [
                19.12142328973805,
                47.57014877460364
              ],
              [
                19.12142178801602,
                47.57015040749503
              ],
              [
                19.121420642474995,
                47.57015197471371
              ],
              [
                19.121419635939283,
                47.57015377337853
              ],
              [
                19.121418960080323,
                47.57015546097551
              ],
              [
                19.121418486766384,
                47.570157357445225
              ],
              [
                19.121418306129186,
                47.57015910164894
              ],
              [
                19.121418383922897,
                47.57016102425902
              ],
              [
                19.121418705333536,
                47.5701627591589
              ],
              [
                19.121419331295318,
                47.57016463525703
              ],
              [
                19.121420142608322,
                47.570166295293916
              ],
              [
                19.121421293084175,
                47.57016805398532
              ],
              [
                19.121421873569506,
                47.57016883615057
              ],
              [
                19.121598933579463,
                47.57038099712485
              ],
              [
                19.121599646287304,
                47.570381759177906
              ],
              [
                19.12160133434361,
                47.57038337834972
              ],
              [
                19.121603079039176,
                47.57038473892336
              ],
              [
                19.121605210018622,
                47.57038609796708
              ],
              [
                19.121607320354784,
                47.5703871959608
              ],
              [
                19.12160980877678,
                47.57038824036067
              ],
              [
                19.121612200100977,
                47.57038903173028
              ],
              [
                19.121614946146668,
                47.57038971959195
              ],
              [
                19.12161752253497,
                47.57039017259304
              ],
              [
                19.12162041605135,
                47.57039047632404
              ],
              [
                19.121623074156236,
                47.57039057278517
              ],
              [
                19.121625999074723,
                47.57039048020187
              ],
              [
                19.12162863227077,
                47.570390216253706
              ],
              [
                19.12163147126315,
                47.570389731069966
              ],
              [
                19.121633973924084,
                47.570389117300294
              ],
              [
                19.12163661310893,
                47.57038825897843
              ],
              [
                19.121637783800015,
                47.57038782807958
              ],
              [
                19.1218622700324,
                47.57029504137105
              ],
              [
                19.121863301363504,
                47.57029456881318
              ],
              [
                19.12186549341118,
                47.570293459600805
              ],
              [
                19.121867337955674,
                47.57029232941316
              ],
              [
                19.121869186088034,
                47.5702909631299
              ],
              [
                19.12187068703005,
                47.570289620073694
              ],
              [
                19.12187212647141,
                47.57028804460683
              ],
              [
                19.121873231204063,
                47.57028653575525
              ],
              [
                19.121874211503094,
                47.5702848063238
              ],
              [
                19.12187488130635,
                47.57028318456104
              ],
              [
                19.121875368104373,
                47.57028136178027
              ],
              [
                19.12187557950221,
                47.570279683947945
              ],
              [
                19.121875555737393,
                47.57027783170503
              ],
              [
                19.12187530132055,
                47.57027615660994
              ],
              [
                19.12187476782594,
                47.570274339824664
              ],
              [
                19.121874056511636,
                47.57027272617766
              ],
              [
                19.121873031985928,
                47.57027100852699
              ],
              [
                19.121872512177834,
                47.5702702425598
              ],
              [
                19.12185120831207,
                47.570242372787796
              ],
              [
                19.121850946066242,
                47.5702420464147
              ],
              [
                19.1218503474653,
                47.570241336761775
              ],
              [
                19.121850065528445,
                47.57024101799589
              ],
              [
                19.12169433104569,
                47.57007291748859
              ],
              [
                19.121693553652914,
                47.570072166369584
              ],
              [
                19.12169172352203,
                47.57007057712829
              ],
              [
                19.12168985104057,
                47.57006925452015
              ],
              [
                19.121687583122675,
                47.57006794914654
              ],
              [
                19.12168535354841,
                47.57006691068362
              ],
              [
                19.12168274189641,
                47.57006594331285
              ],
              [
                19.121680247692083,
                47.570065232061296
              ],
              [
                19.121677400613887,
                47.57006464281121
              ],
              [
                19.121674745216687,
                47.570064288267346
              ],
              [
                19.121671780783497,
                47.57006410157475
              ],
              [
                19.121669074315435,
                47.570064118441856
              ],
              [
                19.121666115465295,
                47.57006434204912
              ],
              [
                19.121663470166332,
                47.57006472962766
              ],
              [
                19.121660639605746,
                47.57006535426154
              ],
              [
                19.121659374401975,
                47.57006568263129
              ],
              [
                19.121533164635597,
                47.570103539790736
              ],
              [
                19.121532504097,
                47.57010375283187
              ],
              [
                19.121531071070127,
                47.57010424822876
              ],
              [
                19.12153042885701,
                47.570104485548455
              ],
              [
                19.12143213070406,
                47.57014322442325
              ]
            ]
          ]
        ]
      },
      "properties": {
        "lotNumber": "88300"
      }
    },
    {
      "type": "Feature",
      "geometry": {
        "type": "MultiPolygon",
        "coordinates": [
          [
            [
              [
                19.121870579280554,
                47.57026922020224
              ],
              [
                19.121869838933236,
                47.57026850159673
              ],
              [
                19.121868211040468,
                47.57026707498249
              ],
              [
                19.12186643896378,
                47.570265800539126
              ],
              [
                19.121864433692433,
                47.57026461425196
              ],
              [
                19.12186233050593,
                47.57026359615009
              ],
              [
                19.12186002376197,
                47.570262695094705
              ],
              [
                19.121857669077965,
                47.570261971872746
              ],
              [
                19.121855148178994,
                47.570261390156986
              ],
              [
                19.121852631129777,
                47.570260989191084
              ],
              [
                19.12184999149984,
                47.57026074883472
              ],
              [
                19.121847407363727,
                47.5702606853028
              ],
              [
                19.121844748921202,
                47.5702607954041
              ],
              [
                19.12184219551593,
                47.57026107171103
              ],
              [
                19.121839618891304,
                47.5702615281023
              ],
              [
                19.12183719287139,
                47.57026213378894
              ],
              [
                19.121834795598083,
                47.570262919194334
              ],
              [
                19.121833659340545,
                47.570263338856705
              ],
              [
                19.121609173192518,
                47.57035612551049
              ],
              [
                19.12160803117078,
                47.570356654687195
              ],
              [
                19.121605768741297,
                47.570357824621944
              ],
              [
                19.121603758663518,
                47.57035910891295
              ],
              [
                19.12160190278505,
                47.57036057027244
              ],
              [
                19.121600328755218,
                47.57036210818647
              ],
              [
                19.121598959713918,
                47.57036379775163
              ],
              [
                19.121597889825306,
                47.57036552275785
              ],
              [
                19.121597066846576,
                47.57036736743741
              ],
              [
                19.121596547383128,
                47.570369204911266
              ],
              [
                19.12159630606951,
                47.57037112490355
              ],
              [
                19.121596359503563,
                47.57037299535517
              ],
              [
                19.121596710294508,
                47.57037490760052
              ],
              [
                19.1215973343146,
                47.57037673011327
              ],
              [
                19.12159826203486,
                47.57037855188705
              ],
              [
                19.121599429645713,
                47.57038024761823
              ],
              [
                19.121600894161794,
                47.57038190010967
              ],
              [
                19.121601666894428,
                47.57038267720448
              ],
              [
                19.12160507914596,
                47.570385750224176
              ],
              [
                19.1217416501725,
                47.57052902818716
              ],
              [
                19.12174245513935,
                47.57052978371333
              ],
              [
                19.121744227843774,
                47.570531277896826
              ],
              [
                19.121746161368954,
                47.570532600328455
              ],
              [
                19.121748350369632,
                47.570533815747154
              ],
              [
                19.121750644540512,
                47.57053484069755
              ],
              [
                19.121753156191566,
                47.57053572535559
              ],
              [
                19.12175571286307,
                47.57053640897717
              ],
              [
                19.121758439715546,
                47.570536925028634
              ],
              [
                19.121761149512714,
                47.570537238075964
              ],
              [
                19.12176397491127,
                47.5705373634441
              ],
              [
                19.121766721908376,
                47.57053729252487
              ],
              [
                19.12176952498183,
                47.57053702184642
              ],
              [
                19.1217721916617,
                47.5705365699946
              ],
              [
                19.12177485249395,
                47.57053591484919
              ],
              [
                19.121777324775465,
                47.57053510139508
              ],
              [
                19.12177972953552,
                47.57053408981001
              ],
              [
                19.121780859273507,
                47.57053355778919
              ],
              [
                19.121986717507518,
                47.570425491813104
              ],
              [
                19.12198777412114,
                47.57042487434216
              ],
              [
                19.121989846166333,
                47.570423528605126
              ],
              [
                19.121991644257676,
                47.57042208646899
              ],
              [
                19.121993255847418,
                47.57042047779371
              ],
              [
                19.121994569793987,
                47.57041881351994
              ],
              [
                19.121995650002702,
                47.57041701270383
              ],
              [
                19.121996421978142,
                47.57041519953672
              ],
              [
                19.121996923266238,
                47.5704132858332
              ],
              [
                19.121997119296225,
                47.570411403569764
              ],
              [
                19.121997019602276,
                47.570409461200455
              ],
              [
                19.121996631059723,
                47.570407592678585
              ],
              [
                19.12199593477136,
                47.57040570712649
              ],
              [
                19.121994978756018,
                47.570403934579325
              ],
              [
                19.121993716516815,
                47.57040218882719
              ],
              [
                19.121993037922863,
                47.5704013631828
              ],
              [
                19.121870579280554,
                47.57026922020224
              ]
            ]
          ]
        ]
      },
      "properties": {
        "lotNumber": "88301"
      }
    },
    {
      "type": "Feature",
      "geometry": {
        "type": "MultiPolygon",
        "coordinates": [
          [
            [
              [
                19.12153810002793,
                47.570639699564936
              ],
              [
                19.12153895010446,
                47.570640382383836
              ],
              [
                19.121540386902712,
                47.57064142657353
              ],
              [
                19.12154236526905,
                47.5706426048762
              ],
              [
                19.121544078261415,
                47.570643436682175
              ],
              [
                19.121546361276682,
                47.57064432764885
              ],
              [
                19.121548283111647,
                47.570644914366056
              ],
              [
                19.121550781012104,
                47.57064548296571
              ],
              [
                19.121552836126828,
                47.570645801525544
              ],
              [
                19.12155545069984,
                47.57064602540186
              ],
              [
                19.12155755829118,
                47.57064606327924
              ],
              [
                19.121560186736787,
                47.57064593362986
              ],
              [
                19.1215622639383,
                47.57064568933542
              ],
              [
                19.121564802911074,
                47.57064521125791
              ],
              [
                19.121566768051203,
                47.5706446943969
              ],
              [
                19.121569117723627,
                47.570643886688316
              ],
              [
                19.121570893536855,
                47.570643117582755
              ],
              [
                19.121571968122534,
                47.57064259956558
              ],
              [
                19.121779152557465,
                47.5705318347427
              ],
              [
                19.12178007771193,
                47.57053129145535
              ],
              [
                19.12178149569018,
                47.57053037792877
              ],
              [
                19.121783105293947,
                47.57052913043805
              ],
              [
                19.12178425174458,
                47.570528056456006
              ],
              [
                19.12178549609544,
                47.57052663039424
              ],
              [
                19.12178633215091,
                47.57052543236745
              ],
              [
                19.121787169062262,
                47.570523876081786
              ],
              [
                19.121787666378218,
                47.57052259462639
              ],
              [
                19.121788067476725,
                47.57052096087887
              ],
              [
                19.121788209192953,
                47.57051963943942
              ],
              [
                19.121788160880428,
                47.5705179836182
              ],
              [
                19.121787942192448,
                47.57051666699487
              ],
              [
                19.121787446106882,
                47.57051504523641
              ],
              [
                19.12178687442884,
                47.57051377806601
              ],
              [
                19.12178594738885,
                47.570512245352084
              ],
              [
                19.12178504210211,
                47.57051107059491
              ],
              [
                19.121784426250958,
                47.570510354035044
              ],
              [
                19.1216473318424,
                47.570366527106444
              ],
              [
                19.12164654407646,
                47.57036578610554
              ],
              [
                19.121645198112052,
                47.57036464678623
              ],
              [
                19.121643311024595,
                47.570363345379
              ],
              [
                19.121641653198733,
                47.57036241317036
              ],
              [
                19.121639417066127,
                47.57036139605815
              ],
              [
                19.121637515505604,
                47.5703607092683
              ],
              [
                19.121635022219575,
                47.570360018248316
              ],
              [
                19.1216329550672,
                47.57035960510028
              ],
              [
                19.12163030708693,
                47.57035926856935
              ],
              [
                19.121628159290314,
                47.570359146040964
              ],
              [
                19.121625465431993,
                47.570359177828486
              ],
              [
                19.12162332525275,
                47.570359350955044
              ],
              [
                19.121620696217846,
                47.57035974975477
              ],
              [
                19.12161865160457,
                47.57036021142169
              ],
              [
                19.121616195430736,
                47.5703609608453
              ],
              [
                19.121614330404817,
                47.57036169208087
              ],
              [
                19.12161319907635,
                47.57036218918472
              ],
              [
                19.121383423030895,
                47.57047476688172
              ],
              [
                19.12138239051356,
                47.570475327861885
              ],
              [
                19.12138080856813,
                47.5704762788246
              ],
              [
                19.12137901572039,
                47.570477594784045
              ],
              [
                19.121377743344667,
                47.57047873890768
              ],
              [
                19.121376371038547,
                47.57048026906311
              ],
              [
                19.12137545862061,
                47.57048156103866
              ],
              [
                19.121374561201595,
                47.570483244793536
              ],
              [
                19.121374044874642,
                47.57048463345678
              ],
              [
                19.121373657882003,
                47.570486404131856
              ],
              [
                19.121373558093453,
                47.57048783448956
              ],
              [
                19.12137369685276,
                47.57048962196337
              ],
              [
                19.121374017554473,
                47.57049103737122
              ],
              [
                19.12137467657076,
                47.57049277085701
              ],
              [
                19.12137540506252,
                47.570494115262605
              ],
              [
                19.121376558237802,
                47.57049572611168
              ],
              [
                19.121377665670266,
                47.570496946274446
              ],
              [
                19.121378414016455,
                47.57049768551466
              ],
              [
                19.12153810002793,
                47.570639699564936
              ]
            ]
          ]
        ]
      },
      "properties": {
        "lotNumber": "88302"
      }
    },
    {
      "type": "Feature",
      "geometry": {
        "type": "MultiPolygon",
        "coordinates": [
          [
            [
              [
                19.1212516436738,
                47.57035442677281
              ],
              [
                19.121251304167345,
                47.57035485505152
              ],
              [
                19.121250324390502,
                47.570356244282436
              ],
              [
                19.121249464606567,
                47.570357832662935
              ],
              [
                19.121248886510383,
                47.5703593214751
              ],
              [
                19.121248481383073,
                47.57036099071037
              ],
              [
                19.121248325414733,
                47.570362526444875
              ],
              [
                19.12124838927339,
                47.57036421749447
              ],
              [
                19.12124866094953,
                47.570365745832774
              ],
              [
                19.121249191535583,
                47.57036739888472
              ],
              [
                19.121249881247156,
                47.57036886576987
              ],
              [
                19.121250859793975,
                47.57037042235608
              ],
              [
                19.121251943146138,
                47.57037177590474
              ],
              [
                19.121252590178035,
                47.5703725006305
              ],
              [
                19.12137636669535,
                47.57049744774343
              ],
              [
                19.121377164334255,
                47.570498171538006
              ],
              [
                19.121378709956783,
                47.57049943627648
              ],
              [
                19.121380605782086,
                47.57050070385399
              ],
              [
                19.121382493176576,
                47.57050173448261
              ],
              [
                19.12138472457052,
                47.570502720610115
              ],
              [
                19.121386877850753,
                47.570503475690614
              ],
              [
                19.121389355095967,
                47.57050414071906
              ],
              [
                19.12139168768526,
                47.57050458989193
              ],
              [
                19.121394311179422,
                47.570504907082544
              ],
              [
                19.12139672929161,
                47.57050503228797
              ],
              [
                19.121399393552178,
                47.57050498888756
              ],
              [
                19.121401799962484,
                47.57050478509143
              ],
              [
                19.121404397867803,
                47.57050438284498
              ],
              [
                19.12140669582194,
                47.57050385824124
              ],
              [
                19.12140912291831,
                47.57050311332179
              ],
              [
                19.12141122002269,
                47.57050228900319
              ],
              [
                19.121412338643733,
                47.57050179689189
              ],
              [
                19.12164211474507,
                47.57038921913827
              ],
              [
                19.121643143501053,
                47.57038866041333
              ],
              [
                19.12164493675482,
                47.57038758323715
              ],
              [
                19.12164672427935,
                47.57038627316263
              ],
              [
                19.121648168297867,
                47.57038497774592
              ],
              [
                19.121649538810203,
                47.57038345477257
              ],
              [
                19.121650576839674,
                47.57038199202877
              ],
              [
                19.121651476475048,
                47.57038031601349
              ],
              [
                19.121652067718163,
                47.570378743432414
              ],
              [
                19.121652461118554,
                47.57037698024726
              ],
              [
                19.12165258233796,
                47.57037535963556
              ],
              [
                19.121652454041758,
                47.57037357857841
              ],
              [
                19.121652100473288,
                47.57037197363045
              ],
              [
                19.121651455522994,
                47.570370244701714
              ],
              [
                19.12165064106292,
                47.57036871849635
              ],
              [
                19.121649504806896,
                47.570367109647485
              ],
              [
                19.12164826146578,
                47.57036572216868
              ],
              [
                19.121647522342542,
                47.570364982788234
              ],
              [
                19.121644525150217,
                47.57036228356635
              ],
              [
                19.12146827954174,
                47.57015109865949
              ],
              [
                19.121467546139847,
                47.570150316807734
              ],
              [
                19.121466106785512,
                47.57014894405063
              ],
              [
                19.121464304261668,
                47.57014755358815
              ],
              [
                19.121462480411175,
                47.57014640911703
              ],
              [
                19.121460295718943,
                47.570145297590564
              ],
              [
                19.12145816450481,
                47.570144429806206
              ],
              [
                19.121455690037067,
                47.57014364422335
              ],
              [
                19.12145334159052,
                47.570143089825265
              ],
              [
                19.121450681995004,
                47.570142663409094
              ],
              [
                19.12144821563422,
                47.57014244584331
              ],
              [
                19.121445483387905,
                47.57014239662741
              ],
              [
                19.121443003417752,
                47.57014252509504
              ],
              [
                19.121440314070075,
                47.57014285516079
              ],
              [
                19.12143792537097,
                47.570143324228766
              ],
              [
                19.121435392657144,
                47.57014401961737
              ],
              [
                19.121433196249583,
                47.570144809448365
              ],
              [
                19.12143202248795,
                47.570145285522266
              ],
              [
                19.121186296838463,
                47.57025697343427
              ],
              [
                19.12118525427283,
                47.57025749914363
              ],
              [
                19.121183430410618,
                47.570258516378814
              ],
              [
                19.121181597143245,
                47.57025976139791
              ],
              [
                19.121180100423125,
                47.57026099925563
              ],
              [
                19.121178659934877,
                47.57026246178598
              ],
              [
                19.121177547510317,
                47.57026387299765
              ],
              [
                19.12117655480743,
                47.57026549719143
              ],
              [
                19.121175869157312,
                47.570267027868816
              ],
              [
                19.121175362147014,
                47.5702687517049
              ],
              [
                19.1211751294535,
                47.57027034339787
              ],
              [
                19.121175127496468,
                47.57027210105019
              ],
              [
                19.12117535664525,
                47.57027369297869
              ],
              [
                19.121175859816308,
                47.570275417329896
              ],
              [
                19.12117654205722,
                47.5702769487048
              ],
              [
                19.121177531142482,
                47.570278573909185
              ],
              [
                19.121178640423693,
                47.570279986253766
              ],
              [
                19.12117930607136,
                47.5702807420681
              ],
              [
                19.1212516436738,
                47.57035442677281
              ]
            ]
          ]
        ]
      },
      "properties": {
        "lotNumber": "88303"
      }
    },
    {
      "type": "Feature",
      "geometry": {
        "type": "MultiPolygon",
        "coordinates": [
          [
            [
              [
                19.121186641251743,
                47.57042733443023
              ],
              [
                19.121288782253508,
                47.57037696390449
              ],
              [
                19.121289819421886,
                47.570376396386855
              ],
              [
                19.121291665532706,
                47.5703752780363
              ],
              [
                19.121293462509392,
                47.57037394691951
              ],
              [
                19.121294941945145,
                47.57037260185981
              ],
              [
                19.1212956836566,
                47.57037185166597
              ],
              [
                19.12130364576976,
                47.57036285204297
              ],
              [
                19.12130423526598,
                47.570362108717674
              ],
              [
                19.121305233616702,
                47.57036069441317
              ],
              [
                19.121306091860397,
                47.57035911228082
              ],
              [
                19.121306682821626,
                47.5703575967626
              ],
              [
                19.121307089872452,
                47.570355934051285
              ],
              [
                19.12130725269567,
                47.57035437052906
              ],
              [
                19.12130719426219,
                47.57035268561637
              ],
              [
                19.12130692323076,
                47.570351128985294
              ],
              [
                19.12130640136465,
                47.570349481028394
              ],
              [
                19.121305705994548,
                47.57034798594165
              ],
              [
                19.121304739018555,
                47.57034643280011
              ],
              [
                19.121303643724218,
                47.570345051749996
              ],
              [
                19.1213030033481,
                47.57034432795933
              ],
              [
                19.121221815860114,
                47.57026162864716
              ],
              [
                19.121221034311255,
                47.57026091220649
              ],
              [
                19.121219486836456,
                47.570259631533624
              ],
              [
                19.12121762982731,
                47.57025837256903
              ],
              [
                19.121215740193996,
                47.57025732304485
              ],
              [
                19.12121355339266,
                47.57025633603035
              ],
              [
                19.121211395510812,
                47.570255558705284
              ],
              [
                19.121208964450506,
                47.57025488224621
              ],
              [
                19.121206622722198,
                47.57025440752415
              ],
              [
                19.121204042489893,
                47.570254068079144
              ],
              [
                19.121201608508027,
                47.57025391452799
              ],
              [
                19.121198980025333,
                47.570253925373926
              ],
              [
                19.12119654899115,
                47.57025409899966
              ],
              [
                19.121193975066877,
                47.570254459712274
              ],
              [
                19.121191642066332,
                47.57025495372373
              ],
              [
                19.121189223375353,
                47.570255650194355
              ],
              [
                19.121187079659965,
                47.570256445269116
              ],
              [
                19.121185958431077,
                47.570256911388
              ],
              [
                19.120867207493706,
                47.57040461092113
              ],
              [
                19.12066401162793,
                47.57049826988762
              ],
              [
                19.120662987843012,
                47.57049879242944
              ],
              [
                19.120661157234988,
                47.570499824190435
              ],
              [
                19.12065935598047,
                47.57050105682132
              ],
              [
                19.120657851848495,
                47.570502307083
              ],
              [
                19.120656433465722,
                47.570503750672835
              ],
              [
                19.120655311684654,
                47.570505172991076
              ],
              [
                19.12065432886316,
                47.570506773913955
              ],
              [
                19.12065363110451,
                47.570508315453125
              ],
              [
                19.120653120353786,
                47.57051001423868
              ],
              [
                19.12065287253765,
                47.57051161773436
              ],
              [
                19.120652852830933,
                47.5705133512769
              ],
              [
                19.120653064163186,
                47.57051495716304
              ],
              [
                19.120653536232624,
                47.57051666106558
              ],
              [
                19.12065419886286,
                47.57051820968751
              ],
              [
                19.1206551451723,
                47.570519820654226
              ],
              [
                19.120656234485487,
                47.570521254484284
              ],
              [
                19.120656875151642,
                47.57052200621871
              ],
              [
                19.1207593618988,
                47.57062987751543
              ],
              [
                19.120760076460613,
                47.5706305579875
              ],
              [
                19.1207614893791,
                47.570631779244984
              ],
              [
                19.12076318200169,
                47.57063299144668
              ],
              [
                19.1207649038017,
                47.57063401517353
              ],
              [
                19.120766898027014,
                47.57063499505293
              ],
              [
                19.120768869510435,
                47.57063578605193
              ],
              [
                19.120771096773968,
                47.57063649991914
              ],
              [
                19.120773250158187,
                47.57063703099448
              ],
              [
                19.120775633883177,
                47.57063745430579
              ],
              [
                19.120777895131514,
                47.570637707198244
              ],
              [
                19.120780353361802,
                47.57063782539941
              ],
              [
                19.120782644729033,
                47.57063779141424
              ],
              [
                19.120785092946853,
                47.57063760044141
              ],
              [
                19.120787335652217,
                47.57063728074701
              ],
              [
                19.120789689684063,
                47.57063678716609
              ],
              [
                19.120791806619877,
                47.57063619275407
              ],
              [
                19.12079398553047,
                47.57063541353512
              ],
              [
                19.12079590391321,
                47.570634564842315
              ],
              [
                19.120796903979876,
                47.570634076130084
              ],
              [
                19.12109277429743,
                47.57047484620645
              ],
              [
                19.121186641251743,
                47.57042733443023
              ]
            ]
          ]
        ]
      },
      "properties": {
        "lotNumber": "88304"
      }
    },
    {
      "type": "Feature",
      "geometry": {
        "type": "MultiPolygon",
        "coordinates": [
          [
            [
              [
                19.121575167721645,
                47.5706453594191
              ],
              [
                19.121576140306654,
                47.57064478614534
              ],
              [
                19.121578351902276,
                47.570643349047145
              ],
              [
                19.12158002867088,
                47.57064202517965
              ],
              [
                19.121581788994195,
                47.57064032630879
              ],
              [
                19.121583056821883,
                47.57063880837521
              ],
              [
                19.12158429972086,
                47.570636911574475
              ],
              [
                19.12158511096336,
                47.57063525661801
              ],
              [
                19.12158578973054,
                47.57063323316828
              ],
              [
                19.12158611390184,
                47.570631503381406
              ],
              [
                19.12158620302961,
                47.57062942932287
              ],
              [
                19.121586027947615,
                47.57062768971017
              ],
              [
                19.12158552408674,
                47.57062564298497
              ],
              [
                19.121584856331054,
                47.57062395892018
              ],
              [
                19.121583778416475,
                47.570622016443224
              ],
              [
                19.121582643081116,
                47.57062045121264
              ],
              [
                19.121581031620437,
                47.570618685981245
              ],
              [
                19.121580301296515,
                47.57061796654669
              ],
              [
                19.12142114320001,
                47.57047642208974
              ],
              [
                19.121297852113788,
                47.57035196510406
              ],
              [
                19.12129705283669,
                47.570351239965966
              ],
              [
                19.121295027285285,
                47.57034958316106
              ],
              [
                19.12129312709489,
                47.57034831364294
              ],
              [
                19.121290653067692,
                47.570346964277256
              ],
              [
                19.121288416260473,
                47.57034597742458
              ],
              [
                19.121285593613234,
                47.57034498996071
              ],
              [
                19.121283110470348,
                47.57034432560448
              ],
              [
                19.121280053129624,
                47.57034373989805
              ],
              [
                19.121277423874673,
                47.570343424852695
              ],
              [
                19.121274255239626,
                47.570343264543716
              ],
              [
                19.12127158599353,
                47.57034331152497
              ],
              [
                19.12126843395529,
                47.570343583083826
              ],
              [
                19.12126583245305,
                47.570343990195425
              ],
              [
                19.1212628242329,
                47.5703446826615
              ],
              [
                19.1212603954753,
                47.57034543347187
              ],
              [
                19.121257652489792,
                47.57034651889613
              ],
              [
                19.121256533907324,
                47.570347014230414
              ],
              [
                19.121154263906007,
                47.570397448357056
              ],
              [
                19.12115326381251,
                47.5703979934973
              ],
              [
                19.121150981653745,
                47.5703993656308
              ],
              [
                19.12114923725335,
                47.57040063855501
              ],
              [
                19.121147387117883,
                47.57040228183999
              ],
              [
                19.121146036560948,
                47.570403757848126
              ],
              [
                19.121144687374375,
                47.57040561106517
              ],
              [
                19.121143780975046,
                47.57040723516942
              ],
              [
                19.121142983000507,
                47.57040922927825
              ],
              [
                19.121142554526173,
                47.57041094097381
              ],
              [
                19.121142337491797,
                47.57041300168512
              ],
              [
                19.121142402905093,
                47.57041473720391
              ],
              [
                19.121142774896462,
                47.570416787747305
              ],
              [
                19.121143331760557,
                47.570418482433695
              ],
              [
                19.121144278919505,
                47.57042044641752
              ],
              [
                19.121145306488895,
                47.57042203713708
              ],
              [
                19.121146793529746,
                47.570423841394366
              ],
              [
                19.121147472516284,
                47.57042457903444
              ],
              [
                19.121426956194853,
                47.57069783918997
              ],
              [
                19.121427783942643,
                47.570698566222795
              ],
              [
                19.121429879134407,
                47.57070022412417
              ],
              [
                19.121431840425554,
                47.570701488639976
              ],
              [
                19.12143438880531,
                47.57070282461823
              ],
              [
                19.121436688207694,
                47.570703793754554
              ],
              [
                19.121439583914846,
                47.570704752312636
              ],
              [
                19.12144212591048,
                47.57070538581115
              ],
              [
                19.121445248656304,
                47.57070592713022
              ],
              [
                19.121447927649754,
                47.57070619867526
              ],
              [
                19.12145114771423,
                47.570706300268675
              ],
              [
                19.121453852419105,
                47.570706198580076
              ],
              [
                19.121457036039526,
                47.57070585622767
              ],
              [
                19.12145965410135,
                47.570705385529564
              ],
              [
                19.121462669028936,
                47.570704613452804
              ],
              [
                19.121465091692446,
                47.57070379329828
              ],
              [
                19.121467812685992,
                47.57070262356941
              ],
              [
                19.121468918859424,
                47.57070209256044
              ],
              [
                19.121575167721645,
                47.5706453594191
              ]
            ]
          ]
        ]
      },
      "properties": {
        "lotNumber": "88305"
      }
    },
    {
      "type": "Feature",
      "geometry": {
        "type": "MultiPolygon",
        "coordinates": [
          [
            [
              [
                19.121061822319078,
                47.570447269407275
              ],
              [
                19.121060874279856,
                47.57044779717652
              ],
              [
                19.121059199804602,
                47.57044882066096
              ],
              [
                19.12105753915543,
                47.57045004204501
              ],
              [
                19.121056171069707,
                47.57045125632135
              ],
              [
                19.1210548703054,
                47.57045266340876
              ],
              [
                19.121053855193775,
                47.57045402712987
              ],
              [
                19.121052958606548,
                47.570455572008086
              ],
              [
                19.121052331034505,
                47.57045703873806
              ],
              [
                19.121051869153998,
                47.57045866880263
              ],
              [
                19.121051650490987,
                47.57046018859803
              ],
              [
                19.12105163904473,
                47.570461848343854
              ],
              [
                19.121051836736484,
                47.57046336945429
              ],
              [
                19.12105227611431,
                47.570465002365516
              ],
              [
                19.12105288342933,
                47.57046647299585
              ],
              [
                19.121053758670094,
                47.57046802347037
              ],
              [
                19.121054754928828,
                47.57046939354436
              ],
              [
                19.121055347239825,
                47.57047012120969
              ],
              [
                19.12119777517518,
                47.5706274373952
              ],
              [
                19.121197834617508,
                47.57062750242868
              ],
              [
                19.121197944741112,
                47.57062762177364
              ],
              [
                19.12119800499835,
                47.57062768646288
              ],
              [
                19.121313804972544,
                47.57075083972712
              ],
              [
                19.12131458182879,
                47.57075158047642
              ],
              [
                19.1213161091663,
                47.5707528911962
              ],
              [
                19.121317973181196,
                47.57075419530982
              ],
              [
                19.12131985814131,
                47.57075527192277
              ],
              [
                19.121322070969867,
                47.57075629633724
              ],
              [
                19.121324236851667,
                47.57075709503493
              ],
              [
                19.121326708451697,
                47.570757798065706
              ],
              [
                19.121329067123266,
                47.57075828634828
              ],
              [
                19.121331696922827,
                47.57075863938844
              ],
              [
                19.121334152407407,
                47.57075879738718
              ],
              [
                19.12133683339726,
                47.570758786071046
              ],
              [
                19.12133928577866,
                47.570758607356844
              ],
              [
                19.121341908866587,
                47.57075823214494
              ],
              [
                19.121344258354892,
                47.57075772398983
              ],
              [
                19.121346716804734,
                47.5707570001499
              ],
              [
                19.121348867796854,
                47.570756183231275
              ],
              [
                19.121350003645368,
                47.570755699254974
              ],
              [
                19.121465558839468,
                47.57070075927286
              ],
              [
                19.121466583621576,
                47.57070021958306
              ],
              [
                19.121468393126708,
                47.570699166661626
              ],
              [
                19.121470185566263,
                47.57069789775443
              ],
              [
                19.121471658409416,
                47.570696627029534
              ],
              [
                19.121473052521697,
                47.570695146675504
              ],
              [
                19.121474132602604,
                47.57069370654884
              ],
              [
                19.12147507528621,
                47.57069207113439
              ],
              [
                19.121475721464872,
                47.57069051646008
              ],
              [
                19.121476176813264,
                47.57068878827787
              ],
              [
                19.121476364476965,
                47.57068717827308
              ],
              [
                19.12147631514611,
                47.57068542314917
              ],
              [
                19.121476037146852,
                47.570683819138736
              ],
              [
                19.121475485015836,
                47.5706821039254
              ],
              [
                19.121474751942646,
                47.570680567005674
              ],
              [
                19.12147371804212,
                47.570678957035
              ],
              [
                19.12147255781766,
                47.570677545746896
              ],
              [
                19.12147187183008,
                47.570676799613075
              ],
              [
                19.121192388030632,
                47.57040353956447
              ],
              [
                19.12119157422254,
                47.57040282357219
              ],
              [
                19.121189982963894,
                47.570401560289504
              ],
              [
                19.121188058546135,
                47.57040031148655
              ],
              [
                19.121186126732567,
                47.57039928855921
              ],
              [
                19.121183872733678,
                47.57039832482135
              ],
              [
                19.12118167810392,
                47.57039758341333
              ],
              [
                19.12117918522778,
                47.57039694352255
              ],
              [
                19.12117681609659,
                47.57039651346906
              ],
              [
                19.121174184659782,
                47.57039622317547
              ],
              [
                19.121171736364072,
                47.570396121782416
              ],
              [
                19.121169072259022,
                47.57039619276779
              ],
              [
                19.121166643321384,
                47.57039642411534
              ],
              [
                19.121164053755127,
                47.57039685352313
              ],
              [
                19.121161741919153,
                47.57039740830155
              ],
              [
                19.12115933109919,
                47.57039817885188
              ],
              [
                19.12115722939617,
                47.57039903473616
              ],
              [
                19.1211561217235,
                47.570399538755495
              ],
              [
                19.121061822319078,
                47.570447269407275
              ]
            ]
          ]
        ]
      },
      "properties": {
        "lotNumber": "88306"
      }
    },
    {
      "type": "Feature",
      "geometry": {
        "type": "MultiPolygon",
        "coordinates": [
          [
            [
              [
                19.12109897846003,
                47.57045202957145
              ],
              [
                19.121098276280875,
                47.57045133007934
              ],
              [
                19.121096882840686,
                47.570450073402476
              ],
              [
                19.12109520362608,
                47.57044882333557
              ],
              [
                19.121093487530782,
                47.570447765163955
              ],
              [
                19.121091492528272,
                47.57044674965015
              ],
              [
                19.121089514318456,
                47.57044592731398
              ],
              [
                19.12108727390794,
                47.5704451821787
              ],
              [
                19.121085103371094,
                47.57044462468846
              ],
              [
                19.121082696589994,
                47.57044417621861
              ],
              [
                19.121080410298507,
                47.570443903241525
              ],
              [
                19.12107792205345,
                47.57044376725827
              ],
              [
                19.121075600663296,
                47.570443788424384
              ],
              [
                19.12107311873479,
                47.570443969724955
              ],
              [
                19.121070844140174,
                47.57044428428758
              ],
              [
                19.1210684560859,
                47.57044477647609
              ],
              [
                19.121066308530146,
                47.570445373338046
              ],
              [
                19.121064098596094,
                47.57044615905098
              ],
              [
                19.121062153840878,
                47.57044701715618
              ],
              [
                19.121061140354744,
                47.570447511802406
              ],
              [
                19.120764972357644,
                47.57060690188002
              ],
              [
                19.120763931212515,
                47.5706075250344
              ],
              [
                19.120762089408505,
                47.57060874936512
              ],
              [
                19.120760322958137,
                47.57061019861932
              ],
              [
                19.120758897130585,
                47.570611655161336
              ],
              [
                19.120757614052078,
                47.57061332112758
              ],
              [
                19.12075666640348,
                47.570614946338566
              ],
              [
                19.120755922671844,
                47.57061675633822
              ],
              [
                19.12075549454393,
                47.57061847931756
              ],
              [
                19.120755322604936,
                47.570620354388495
              ],
              [
                19.1207554326751,
                47.570622099970294
              ],
              [
                19.1207558400298,
                47.57062395831171
              ],
              [
                19.120756483496287,
                47.5706256503441
              ],
              [
                19.120757452373724,
                47.57062741088474
              ],
              [
                19.120758601165083,
                47.57062897555194
              ],
              [
                19.12075928387969,
                47.57062979488539
              ],
              [
                19.120904365855605,
                47.57078441138354
              ],
              [
                19.120905075505405,
                47.57078509525323
              ],
              [
                19.120906479823667,
                47.57078632305531
              ],
              [
                19.12090816437488,
                47.57078754273587
              ],
              [
                19.120909879799317,
                47.57078857374871
              ],
              [
                19.12091186841156,
                47.57078956173099
              ],
              [
                19.120913835842494,
                47.57079036043418
              ],
              [
                19.120916060004205,
                47.57079108268027
              ],
              [
                19.120918211659827,
                47.57079162155693
              ],
              [
                19.120920594744327,
                47.57079205318404
              ],
              [
                19.120922856495888,
                47.57079231366883
              ],
              [
                19.12092531640125,
                47.570792439806546
              ],
              [
                19.120927610326998,
                47.57079241292526
              ],
              [
                19.120930062304677,
                47.57079222922789
              ],
              [
                19.120932309374382,
                47.570791915906646
              ],
              [
                19.120934668948937,
                47.57079142870296
              ],
              [
                19.120936791746658,
                47.57079083973624
              ],
              [
                19.120938977626157,
                47.570790065811316
              ],
              [
                19.12094090301737,
                47.57078922149025
              ],
              [
                19.12094190698126,
                47.5707887349766
              ],
              [
                19.12123542099698,
                47.57063204450665
              ],
              [
                19.12123645749923,
                47.570631429562056
              ],
              [
                19.121238292684346,
                47.57063022127554
              ],
              [
                19.121240056550977,
                47.5706287907158
              ],
              [
                19.12124148451365,
                47.57062735247121
              ],
              [
                19.121242775019237,
                47.57062570666603
              ],
              [
                19.12124373448789,
                47.5706241001762
              ],
              [
                19.121244496258942,
                47.570622309744564
              ],
              [
                19.121244946064387,
                47.570620603941414
              ],
              [
                19.12124514641462,
                47.57061874570788
              ],
              [
                19.12124506725651,
                47.57061701378479
              ],
              [
                19.12124469758932,
                47.5706151674832
              ],
              [
                19.121244092864316,
                47.57061348375423
              ],
              [
                19.121243169041655,
                47.57061172860646
              ],
              [
                19.121242064697633,
                47.57061016531771
              ],
              [
                19.121241406476436,
                47.57060934570399
              ],
              [
                19.12109897846003,
                47.57045202957145
              ]
            ]
          ]
        ]
      },
      "properties": {
        "lotNumber": "88307"
      }
    },
    {
      "type": "Feature",
      "geometry": {
        "type": "MultiPolygon",
        "coordinates": [
          [
            [
              [
                19.119949054284152,
                47.5716327524189
              ],
              [
                19.11994950191115,
                47.571632777050354
              ],
              [
                19.119952175013776,
                47.57163274156055
              ],
              [
                19.119955333598487,
                47.57163248302552
              ],
              [
                19.119957942122312,
                47.57163208620608
              ],
              [
                19.11996096034248,
                47.57163140510002
              ],
              [
                19.119963398734562,
                47.571630663008165
              ],
              [
                19.11996615445905,
                47.5716295868917
              ],
              [
                19.119967278641024,
                47.5716290952363
              ],
              [
                19.120094789442494,
                47.57156695356693
              ],
              [
                19.120095790268223,
                47.5715664144871
              ],
              [
                19.120098075593777,
                47.57156505696954
              ],
              [
                19.120099825098176,
                47.57156379654898
              ],
              [
                19.120101684310022,
                47.57156216815786
              ],
              [
                19.120103045060496,
                47.571560704461056
              ],
              [
                19.120104409436575,
                47.57155886538665
              ],
              [
                19.12010533113573,
                47.57155725251631
              ],
              [
                19.12010615024467,
                47.5715552707364
              ],
              [
                19.12010659882381,
                47.57155356830905
              ],
              [
                19.12010684238898,
                47.57155151707615
              ],
              [
                19.120106801267355,
                47.571549788018736
              ],
              [
                19.12010677512977,
                47.571549631271594
              ],
              [
                19.120108748912703,
                47.57154860788834
              ],
              [
                19.12010877006315,
                47.57154859689931
              ],
              [
                19.120108820362407,
                47.57154857071117
              ],
              [
                19.120108841480242,
                47.57154855969343
              ],
              [
                19.120219027455803,
                47.57149095315069
              ],
              [
                19.120296766712055,
                47.57145068908158
              ],
              [
                19.120297090478672,
                47.57145077338427
              ],
              [
                19.120300270420437,
                47.57145135278458
              ],
              [
                19.120303003021117,
                47.57145164876348
              ],
              [
                19.120306291329328,
                47.571451769965314
              ],
              [
                19.120309055266425,
                47.571451676580004
              ],
              [
                19.120312309383575,
                47.571451334328856
              ],
              [
                19.120314984832543,
                47.57145085562782
              ],
              [
                19.120318063683403,
                47.57145006476132
              ],
              [
                19.120320534655928,
                47.57144922149764
              ],
              [
                19.12032330476358,
                47.571448016302085
              ],
              [
                19.12032442961822,
                47.571447468805104
              ],
              [
                19.12040411741387,
                47.57140424516283
              ],
              [
                19.120404151371762,
                47.57140422668168
              ],
              [
                19.120404232084727,
                47.57140418260699
              ],
              [
                19.12040426595285,
                47.57140416405061
              ],
              [
                19.12045322934619,
                47.57137724688671
              ],
              [
                19.120632349592075,
                47.57128188767305
              ],
              [
                19.12063239703101,
                47.57128186229917
              ],
              [
                19.120632509732154,
                47.57128180173594
              ],
              [
                19.120632557000057,
                47.571281776216296
              ],
              [
                19.120743041155585,
                47.57122184754022
              ],
              [
                19.1207695110647,
                47.57121287018987
              ],
              [
                19.12077070092178,
                47.571212413352896
              ],
              [
                19.12077344270792,
                47.57121123046399
              ],
              [
                19.120775583542013,
                47.57121008142991
              ],
              [
                19.120777909951613,
                47.57120854410358
              ],
              [
                19.12077965833857,
                47.57120712308209
              ],
              [
                19.120781471048105,
                47.57120529629206
              ],
              [
                19.120782753093998,
                47.571203663341365
              ],
              [
                19.12078397549103,
                47.571201624295256
              ],
              [
                19.12078473701147,
                47.57119984843051
              ],
              [
                19.120785317432652,
                47.571197683306785
              ],
              [
                19.12078552624278,
                47.571195839583254
              ],
              [
                19.12078544015729,
                47.57119363988884
              ],
              [
                19.120785087432075,
                47.57119180622981
              ],
              [
                19.120785014949774,
                47.57119159899922
              ],
              [
                19.12089828098919,
                47.57112954068847
              ],
              [
                19.120898958037333,
                47.571129143431165
              ],
              [
                19.120900520510972,
                47.57112816229325
              ],
              [
                19.120901156465898,
                47.571127735064955
              ],
              [
                19.120966424965182,
                47.57108082784459
              ],
              [
                19.121051501005997,
                47.5710320190855
              ],
              [
                19.121051640304103,
                47.57103193804278
              ],
              [
                19.1210519698482,
                47.57103174361974
              ],
              [
                19.12105210747791,
                47.57103166128183
              ],
              [
                19.121076840990767,
                47.57101665694016
              ],
              [
                19.1213553699147,
                47.57086271166697
              ],
              [
                19.121460380539514,
                47.57081611724645
              ],
              [
                19.121521426814454,
                47.57079497265195
              ],
              [
                19.121522320416112,
                47.5707946330972
              ],
              [
                19.12152439802209,
                47.57079377070935
              ],
              [
                19.1215252503078,
                47.570793385568436
              ],
              [
                19.121688617803446,
                47.57071323025037
              ],
              [
                19.12168892780686,
                47.57071307343811
              ],
              [
                19.121689657429858,
                47.57071269303478
              ],
              [
                19.121689960555006,
                47.57071253018044
              ],
              [
                19.12175445167039,
                47.57067683402749
              ],
              [
                19.12185345626762,
                47.57062760307588
              ],
              [
                19.121853495518224,
                47.57062758348297
              ],
              [
                19.121853588807966,
                47.57062753673598
              ],
              [
                19.1218536279521,
                47.570627517045715
              ],
              [
                19.121978167703965,
                47.57056463052489
              ],
              [
                19.122036295791442,
                47.57053685957983
              ],
              [
                19.122036325667587,
                47.57053684526462
              ],
              [
                19.12203639670342,
                47.57053681112813
              ],
              [
                19.122036426521255,
                47.57053679675725
              ],
              [
                19.122292784739876,
                47.57041288224031
              ],
              [
                19.122546206415336,
                47.570340713185935
              ],
              [
                19.122546225088307,
                47.570340707856936
              ],
              [
                19.122546269515876,
                47.57034069515083
              ],
              [
                19.122546288177006,
                47.57034068980246
              ],
              [
                19.122795177121873,
                47.57026920544539
              ],
              [
                19.122969574453347,
                47.5702406898821
              ],
              [
                19.12296961204944,
                47.57024068371498
              ],
              [
                19.123143663060688,
                47.57021200968856
              ],
              [
                19.12317948903905,
                47.570208522441135
              ],
              [
                19.12318052735934,
                47.57020839269627
              ],
              [
                19.123182976552258,
                47.57020801801209
              ],
              [
                19.123184991270573,
                47.57020759357774
              ],
              [
                19.123187321975685,
                47.570206961296
              ],
              [
                19.123188285658113,
                47.57020666928529
              ],
              [
                19.123325115645443,
                47.57016070829529
              ],
              [
                19.12332632138617,
                47.57016024886657
              ],
              [
                19.12332909928022,
                47.570159057430814
              ],
              [
                19.123331267178276,
                47.570157897398666
              ],
              [
                19.123333620918743,
                47.570156342920754
              ],
              [
                19.123335387447884,
                47.57015490454404
              ],
              [
                19.123337215261063,
                47.57015305423839
              ],
              [
                19.123338504038138,
                47.57015139971122
              ],
              [
                19.123339726891015,
                47.57014933358343
              ],
              [
                19.123340482190486,
                47.5701475344462
              ],
              [
                19.123341047208083,
                47.57014534183388
              ],
              [
                19.123341236371566,
                47.57014347587981
              ],
              [
                19.12334111912316,
                47.570141251589625
              ],
              [
                19.12334073397152,
                47.57013939950091
              ],
              [
                19.123339939526975,
                47.570137239709325
              ],
              [
                19.12333899671396,
                47.57013548156865
              ],
              [
                19.123337559424524,
                47.57013347966308
              ],
              [
                19.123336890733995,
                47.57013265983004
              ],
              [
                19.123288970384035,
                47.57008052210006
              ],
              [
                19.123288226103295,
                47.57007979470467
              ],
              [
                19.123286333337624,
                47.57007812658095
              ],
              [
                19.123284546970982,
                47.570076837334064
              ],
              [
                19.12328220875301,
                47.57007545189508
              ],
              [
                19.123280084353784,
                47.570074423938195
              ],
              [
                19.123277390962805,
                47.570073374676106
              ],
              [
                19.12327501055467,
                47.57007264769893
              ],
              [
                19.123272065983272,
                47.57007197512606
              ],
              [
                19.123269521474445,
                47.570071577197375
              ],
              [
                19.123266439413335,
                47.570071307281886
              ],
              [
                19.12326513617765,
                47.57007123702802
              ],
              [
                19.123222604590126,
                47.57007036506447
              ],
              [
                19.12322116639798,
                47.5700703882941
              ],
              [
                19.12321775794122,
                47.57007056860347
              ],
              [
                19.123216331883985,
                47.57007069689436
              ],
              [
                19.123195070531672,
                47.57007340901634
              ],
              [
                19.12319504427086,
                47.570073412384694
              ],
              [
                19.1231949817821,
                47.57007342044394
              ],
              [
                19.123194955531332,
                47.57007342384804
              ],
              [
                19.123035495952468,
                47.57009421436805
              ],
              [
                19.12303522427659,
                47.570094251782166
              ],
              [
                19.12303457913062,
                47.57009434538186
              ],
              [
                19.12303430866703,
                47.57009438662295
              ],
              [
                19.12283100594922,
                47.570126898111255
              ],
              [
                19.12283094643222,
                47.570126907726895
              ],
              [
                19.122830804860335,
                47.57012693083269
              ],
              [
                19.122830745409367,
                47.570126940633685
              ],
              [
                19.122630101849907,
                47.570160349519135
              ],
              [
                19.1226292447057,
                47.57016051303381
              ],
              [
                19.122627226246784,
                47.570160947988974
              ],
              [
                19.122626387207035,
                47.570161149982816
              ],
              [
                19.1223287848337,
                47.57024049298148
              ],
              [
                19.12232811692667,
                47.57024068547014
              ],
              [
                19.122326546973998,
                47.570241172620236
              ],
              [
                19.12232589559306,
                47.5702413895015
              ],
              [
                19.122141245245427,
                47.57030716791712
              ],
              [
                19.122140546414773,
                47.570307435408004
              ],
              [
                19.12213891311507,
                47.57030810543706
              ],
              [
                19.122138239424945,
                47.57030840099578
              ],
              [
                19.121953617308336,
                47.570394866693526
              ],
              [
                19.12195332295674,
                47.570395008593096
              ],
              [
                19.121952629313476,
                47.5703953526969
              ],
              [
                19.121952340771582,
                47.57039549996015
              ],
              [
                19.121746482584065,
                47.57050356587595
              ],
              [
                19.121746436143702,
                47.57050359036659
              ],
              [
                19.121746325806928,
                47.57050364881965
              ],
              [
                19.121746279527315,
                47.570503673449224
              ],
              [
                19.12153910190908,
                47.57061443459196
              ],
              [
                19.121433494980273,
                47.57067082494419
              ],
              [
                19.121318601808223,
                47.570725450156544
              ],
              [
                19.121318208804166,
                47.570725644375614
              ],
              [
                19.121317286270255,
                47.57072611804845
              ],
              [
                19.121316904035716,
                47.570726321873785
              ],
              [
                19.121027381944895,
                47.5708866078852
              ],
              [
                19.12102663297261,
                47.57088705536347
              ],
              [
                19.121024912042735,
                47.5708881641657
              ],
              [
                19.121023573392726,
                47.57088916681587
              ],
              [
                19.121022117336935,
                47.570890437579
              ],
              [
                19.121021535223363,
                47.57089098708538
              ],
              [
                19.120948518300413,
                47.570965691682055
              ],
              [
                19.120346653931072,
                47.571282493831184
              ],
              [
                19.120346626924956,
                47.57128250806522
              ],
              [
                19.119746290414838,
                47.571599493915954
              ],
              [
                19.11974524679313,
                47.5716001065917
              ],
              [
                19.11974288152013,
                47.57160164806582
              ],
              [
                19.119741103334064,
                47.57160307605566
              ],
              [
                19.119739259388503,
                47.57160491483589
              ],
              [
                19.11973795524945,
                47.57160656053695
              ],
              [
                19.119736712112967,
                47.571608617364404
              ],
              [
                19.119735938234733,
                47.57161040984022
              ],
              [
                19.11973534949173,
                47.57161259605727
              ],
              [
                19.11973513923174,
                47.57161445804489
              ],
              [
                19.119735230259586,
                47.57161667941661
              ],
              [
                19.11973559268103,
                47.571618530656735
              ],
              [
                19.119736359556207,
                47.571620691432905
              ],
              [
                19.11973727903738,
                47.57162245212952
              ],
              [
                19.11973868870456,
                47.571624459171865
              ],
              [
                19.119739345855198,
                47.571625281606
              ],
              [
                19.11979525210464,
                47.571687309925096
              ],
              [
                19.119795944346002,
                47.57168800322901
              ],
              [
                19.11979770160515,
                47.57168959791878
              ],
              [
                19.119799355916157,
                47.571690839332035
              ],
              [
                19.11980151888077,
                47.571692186421494
              ],
              [
                19.119803484074808,
                47.57169319922777
              ],
              [
                19.119805978034034,
                47.57169425218716
              ],
              [
                19.11980818623143,
                47.57169500140312
              ],
              [
                19.11981092504151,
                47.57169572386223
              ],
              [
                19.11981329996898,
                47.57169618360928
              ],
              [
                19.119816189028747,
                47.57169655061359
              ],
              [
                19.11981864865396,
                47.57169670501161
              ],
              [
                19.11982158817246,
                47.571696703884456
              ],
              [
                19.11982404753756,
                47.57169654760034
              ],
              [
                19.119826935980928,
                47.57169617838074
              ],
              [
                19.119829310137025,
                47.57169571681269
              ],
              [
                19.119832047735592,
                47.57169499225377
              ],
              [
                19.119834254677006,
                47.57169424134484
              ],
              [
                19.11983674687145,
                47.57169318647356
              ],
              [
                19.119837763515413,
                47.57169271025346
              ],
              [
                19.119865655497044,
                47.57167830167151
              ],
              [
                19.119865858525532,
                47.57167819466909
              ],
              [
                19.119866338045217,
                47.571677936861605
              ],
              [
                19.119866537974467,
                47.57167782721915
              ],
              [
                19.11991929531255,
                47.57164831757602
              ],
              [
                19.119949054284152,
                47.5716327524189
              ]
            ]
          ]
        ]
      },
      "properties": {
        "lotNumber": "88309"
      }
    },
    {
      "type": "Feature",
      "geometry": {
        "type": "MultiPolygon",
        "coordinates": [
          [
            [
              [
                19.12094866082998,
                47.570765340622046
              ],
              [
                19.120803602226786,
                47.5706107491697
              ],
              [
                19.120803582059292,
                47.57061072774369
              ],
              [
                19.120803540826373,
                47.57061068407395
              ],
              [
                19.12080352056943,
                47.570610662686505
              ],
              [
                19.120701033769453,
                47.570502791428304
              ],
              [
                19.120700246203516,
                47.57050204842494
              ],
              [
                19.120698530021897,
                47.570500591810564
              ],
              [
                19.120697635056835,
                47.57049990676064
              ],
              [
                19.12058322614489,
                47.5704208255885
              ],
              [
                19.120582273559407,
                47.570420228496786
              ],
              [
                19.12058024711033,
                47.57041907749729
              ],
              [
                19.120578107177298,
                47.57041808564244
              ],
              [
                19.12057578899429,
                47.570417222913264
              ],
              [
                19.120573405160616,
                47.5704165312145
              ],
              [
                19.120570883528497,
                47.570415989611526
              ],
              [
                19.12056834657922,
                47.5704156244112
              ],
              [
                19.120565717530866,
                47.57041542456059
              ],
              [
                19.12056312408219,
                47.57041539976692
              ],
              [
                19.120560487741283,
                47.570415549279716
              ],
              [
                19.120557936561106,
                47.57041586583692
              ],
              [
                19.120555393329035,
                47.57041635901916
              ],
              [
                19.120552981575536,
                47.570417004871565
              ],
              [
                19.12055062830779,
                47.57041782294109
              ],
              [
                19.12054950372367,
                47.570418262133984
              ],
              [
                19.120475119190125,
                47.5704506890583
              ],
              [
                19.12047406359031,
                47.570451200257224
              ],
              [
                19.12047199045922,
                47.57045231169562
              ],
              [
                19.12047012473178,
                47.57045353031905
              ],
              [
                19.120468409930403,
                47.57045489301658
              ],
              [
                19.120466929337486,
                47.57045633360634
              ],
              [
                19.12046563813389,
                47.570457895696585
              ],
              [
                19.12046459902925,
                47.57045950342158
              ],
              [
                19.120463780568752,
                47.57046120544891
              ],
              [
                19.120463222502433,
                47.57046291911666
              ],
              [
                19.120462907937014,
                47.57046469629928
              ],
              [
                19.12046285214999,
                47.57046645068479
              ],
              [
                19.12046305345263,
                47.57046823538032
              ],
              [
                19.12046350206834,
                47.57046996370886
              ],
              [
                19.120464211577232,
                47.570471687988935
              ],
              [
                19.12046514752075,
                47.57047332447766
              ],
              [
                19.120466338230948,
                47.570474922713395
              ],
              [
                19.12046697851043,
                47.57047568685031
              ],
              [
                19.120947480043544,
                47.570988978892004
              ],
              [
                19.120948243162182,
                47.570989710740236
              ],
              [
                19.12094990577448,
                47.57099114761678
              ],
              [
                19.120951734739137,
                47.57099243961917
              ],
              [
                19.12095378471426,
                47.570993625358504
              ],
              [
                19.120955955377777,
                47.57099464680687
              ],
              [
                19.120958311599367,
                47.57099553448992
              ],
              [
                19.120960738069808,
                47.57099624496607
              ],
              [
                19.12096330730347,
                47.57099679946769
              ],
              [
                19.120965893566705,
                47.570997170858455
              ],
              [
                19.120968574149256,
                47.57099737023732
              ],
              [
                19.120971217868252,
                47.57099738784705
              ],
              [
                19.12097390373048,
                47.57099722421384
              ],
              [
                19.12097650029468,
                47.57099688734565
              ],
              [
                19.120979085158442,
                47.57099636717527
              ],
              [
                19.120981531823205,
                47.57099568915889
              ],
              [
                19.120983913406842,
                47.570994833034135
              ],
              [
                19.12098611335896,
                47.57099384069833
              ],
              [
                19.120988197424513,
                47.570992682495664
              ],
              [
                19.120990063613117,
                47.57099141510654
              ],
              [
                19.120991767695294,
                47.57099000065539
              ],
              [
                19.12099255195211,
                47.57098927911419
              ],
              [
                19.12106820438508,
                47.57091187802718
              ],
              [
                19.12106885691558,
                47.5709111351576
              ],
              [
                19.12107007755136,
                47.57090957997322
              ],
              [
                19.121071052511024,
                47.570907984597355
              ],
              [
                19.121071811612513,
                47.57090630023747
              ],
              [
                19.121072318216854,
                47.570904608191356
              ],
              [
                19.12107258781793,
                47.57090285670982
              ],
              [
                19.121072607403118,
                47.570901130330505
              ],
              [
                19.121072377571434,
                47.57089937625405
              ],
              [
                19.121071909416028,
                47.57089767914336
              ],
              [
                19.121071188618963,
                47.57089598709433
              ],
              [
                19.121070249970458,
                47.570894381775936
              ],
              [
                19.121069064763137,
                47.57089281409144
              ],
              [
                19.121068429164104,
                47.57089206452903
              ],
              [
                19.12094866082998,
                47.570765340622046
              ]
            ]
          ]
        ]
      },
      "properties": {
        "lotNumber": "88310"
      }
    },
    {
      "type": "Feature",
      "geometry": {
        "type": "MultiPolygon",
        "coordinates": [
          [
            [
              [
                19.117871776063488,
                47.56949957282367
              ],
              [
                19.118215184727184,
                47.5698960164144
              ],
              [
                19.11821519505494,
                47.56989602831612
              ],
              [
                19.118215214496388,
                47.56989605068111
              ],
              [
                19.11821522485104,
                47.56989606257199
              ],
              [
                19.118663802514014,
                47.57041028289476
              ],
              [
                19.118663826227927,
                47.570410309970214
              ],
              [
                19.118663870941603,
                47.57041036081923
              ],
              [
                19.11866389479543,
                47.57041038783841
              ],
              [
                19.119128443506693,
                47.57093449065648
              ],
              [
                19.119128461014817,
                47.57093451037604
              ],
              [
                19.119742107713968,
                47.57162402707156
              ],
              [
                19.119742801296404,
                47.57162472949652
              ],
              [
                19.119744193894963,
                47.571626005748094
              ],
              [
                19.119745857077902,
                47.57162726341084
              ],
              [
                19.11974757747126,
                47.57162834113588
              ],
              [
                19.119749558553927,
                47.571629366390916
              ],
              [
                19.11975154616781,
                47.57163020764332
              ],
              [
                19.119753775397207,
                47.57163096439186
              ],
              [
                19.11975596024863,
                47.57163153955145
              ],
              [
                19.119758359134554,
                47.571632001148735
              ],
              [
                19.119760664295846,
                47.57163228996433
              ],
              [
                19.11976314837458,
                47.57163244015772
              ],
              [
                19.119765492682,
                47.57163243246029
              ],
              [
                19.1197679744902,
                47.571632265961554
              ],
              [
                19.1197702754017,
                47.571631962022096
              ],
              [
                19.119772667555953,
                47.57163148469356
              ],
              [
                19.11977484405743,
                47.57163089521369
              ],
              [
                19.11977706233104,
                47.571630123861915
              ],
              [
                19.11977903778883,
                47.57162926959695
              ],
              [
                19.119780056996483,
                47.571628781768865
              ],
              [
                19.120380370159555,
                47.57131180813849
              ],
              [
                19.12098599002907,
                47.57099302908813
              ],
              [
                19.120986920823096,
                47.57099249079255
              ],
              [
                19.120988598199034,
                47.57099142645594
              ],
              [
                19.12099022110624,
                47.570990187859785
              ],
              [
                19.12099158185003,
                47.57098893351592
              ],
              [
                19.120992841857912,
                47.5709875146192
              ],
              [
                19.120993839877944,
                47.57098611275577
              ],
              [
                19.120994694307075,
                47.570984561619916
              ],
              [
                19.120995295798075,
                47.57098305972132
              ],
              [
                19.120995715706943,
                47.57098142888701
              ],
              [
                19.120995900295053,
                47.57097987782619
              ],
              [
                19.120995871460437,
                47.57097822253369
              ],
              [
                19.120995632893283,
                47.57097667484877
              ],
              [
                19.12099515629196,
                47.57097505116676
              ],
              [
                19.120994502650458,
                47.570973559281526
              ],
              [
                19.120993594426125,
                47.57097202220798
              ],
              [
                19.12099254785074,
                47.57097063665616
              ],
              [
                19.12099194094777,
                47.57096991703142
              ],
              [
                19.120525133920637,
                47.5704712546513
              ],
              [
                19.120578005453748,
                47.570448206012294
              ],
              [
                19.120579124588698,
                47.570447660535095
              ],
              [
                19.12058114438254,
                47.570446564021125
              ],
              [
                19.120583102906775,
                47.57044525310457
              ],
              [
                19.12058474531439,
                47.57044389836448
              ],
              [
                19.120586262460026,
                47.570442342374335
              ],
              [
                19.120587456929744,
                47.57044078760266
              ],
              [
                19.120588467525955,
                47.570439053378436
              ],
              [
                19.120589162747912,
                47.57043736536236
              ],
              [
                19.120589623383363,
                47.57043552739984
              ],
              [
                19.12058978949354,
                47.57043377865023
              ],
              [
                19.12058968038117,
                47.5704319159014
              ],
              [
                19.120589310244192,
                47.57043018153796
              ],
              [
                19.120588636071165,
                47.570428374019514
              ],
              [
                19.12058774558684,
                47.570426728543964
              ],
              [
                19.120587204731514,
                47.57042586994514
              ],
              [
                19.120479346172626,
                47.5702766266301
              ],
              [
                19.120479310430007,
                47.57027657755185
              ],
              [
                19.12047924281978,
                47.570276485423854
              ],
              [
                19.120479206636624,
                47.57027643649359
              ],
              [
                19.12037135479139,
                47.570131690372044
              ],
              [
                19.120371340234467,
                47.57013167089424
              ],
              [
                19.120371312801893,
                47.570131634298505
              ],
              [
                19.12037129817523,
                47.57013161484473
              ],
              [
                19.12026079006216,
                47.56998507627858
              ],
              [
                19.119938581141476,
                47.569557137278096
              ],
              [
                19.119938557543925,
                47.569557106087274
              ],
              [
                19.119938513011956,
                47.56955704750726
              ],
              [
                19.119938489235068,
                47.569557016378944
              ],
              [
                19.119749737333002,
                47.569311079606784
              ],
              [
                19.119743354164672,
                47.569301598702864
              ],
              [
                19.119743202019997,
                47.5693013805259
              ],
              [
                19.119742907912073,
                47.569300973022806
              ],
              [
                19.119742747175984,
                47.56930075768585
              ],
              [
                19.11962691778953,
                47.56915061897671
              ],
              [
                19.1196266687309,
                47.56915031095241
              ],
              [
                19.119626183980817,
                47.56914973827136
              ],
              [
                19.11962591734789,
                47.56914943706051
              ],
              [
                19.119322455009183,
                47.568821319978255
              ],
              [
                19.11932243888025,
                47.568821302564174
              ],
              [
                19.11921087111698,
                47.56870109382021
              ],
              [
                19.119060821012756,
                47.56852621603581
              ],
              [
                19.118830657822834,
                47.56824409062799
              ],
              [
                19.11882994398529,
                47.56824331216504
              ],
              [
                19.11882849546109,
                47.56824189864796
              ],
              [
                19.118826736443637,
                47.568240508799875
              ],
              [
                19.118824895170523,
                47.56823932295764
              ],
              [
                19.11882275690895,
                47.56823820282599
              ],
              [
                19.11882059910453,
                47.568237293745284
              ],
              [
                19.118818170109975,
                47.568236489696744
              ],
              [
                19.1188157850943,
                47.56823589500799
              ],
              [
                19.118813165912425,
                47.5682354403253
              ],
              [
                19.118810652410716,
                47.56823518464506
              ],
              [
                19.11880795145978,
                47.56823509814933
              ],
              [
                19.11880541351576,
                47.568235192061174
              ],
              [
                19.118802742598756,
                47.56823547733278
              ],
              [
                19.11880028526792,
                47.56823591694934
              ],
              [
                19.11879775494462,
                47.56823656217976
              ],
              [
                19.118795479945575,
                47.56823732930359
              ],
              [
                19.118794300586156,
                47.56823777911279
              ],
              [
                19.118127533260704,
                47.568523299446
              ],
              [
                19.11734253729568,
                47.568857457322224
              ],
              [
                19.117341488117276,
                47.5688579531881
              ],
              [
                19.117339586472163,
                47.56885894744753
              ],
              [
                19.11733772313437,
                47.56886013194354
              ],
              [
                19.117336137943155,
                47.568861354213794
              ],
              [
                19.11733464416831,
                47.5688627582377
              ],
              [
                19.11733343408085,
                47.56886416329645
              ],
              [
                19.11733236513655,
                47.56886573490133
              ],
              [
                19.117331574924442,
                47.56886727076345
              ],
              [
                19.11733097036019,
                47.56886895180226
              ],
              [
                19.117330629260223,
                47.56887056164301
              ],
              [
                19.11733051144414,
                47.5688722899196
              ],
              [
                19.117330632076627,
                47.56887391417714
              ],
              [
                19.117331005367827,
                47.568875625747715
              ],
              [
                19.117331583269618,
                47.5688772043268
              ],
              [
                19.117332433856934,
                47.568878835865696
              ],
              [
                19.11733344764656,
                47.56888031036104
              ],
              [
                19.117334042754035,
                47.56888107707673
              ],
              [
                19.117871776063488,
                47.56949957282367
              ]
            ]
          ]
        ]
      },
      "properties": {
        "lotNumber": "88311"
      }
    },
    {
      "type": "Feature",
      "geometry": {
        "type": "MultiPolygon",
        "coordinates": [
          [
            [
              [
                19.119703207988376,
                47.56932592163633
              ],
              [
                19.11970377656083,
                47.56932667100027
              ],
              [
                19.11970492812238,
                47.569328028282825
              ],
              [
                19.119706362673526,
                47.56932940292978
              ],
              [
                19.119707867675263,
                47.56933059127732
              ],
              [
                19.119709655492816,
                47.56933176100874
              ],
              [
                19.119711461248233,
                47.569332738820044
              ],
              [
                19.119713539745003,
                47.569333662686525
              ],
              [
                19.119715583038943,
                47.56933439573073
              ],
              [
                19.119717879451727,
                47.569335041389806
              ],
              [
                19.11972008875335,
                47.56933550400475
              ],
              [
                19.119722522690193,
                47.56933584885355
              ],
              [
                19.119724820657083,
                47.569336024844226
              ],
              [
                19.11972730691164,
                47.56933605681025
              ],
              [
                19.119729613097437,
                47.56933594001568
              ],
              [
                19.11973206463182,
                47.56933565797997
              ],
              [
                19.11973429830243,
                47.569335252488784
              ],
              [
                19.119736629294252,
                47.56933466632476
              ],
              [
                19.11973871225417,
                47.56933398633222
              ],
              [
                19.119739806801412,
                47.569333585215944
              ],
              [
                19.120063917274777,
                47.56920116424776
              ],
              [
                19.120063934912487,
                47.56920115702888
              ],
              [
                19.120063967703125,
                47.56920114358461
              ],
              [
                19.120063985324173,
                47.56920113634729
              ],
              [
                19.120698915867603,
                47.568939897808455
              ],
              [
                19.120700062555702,
                47.568939368605605
              ],
              [
                19.120702113740787,
                47.568938311704784
              ],
              [
                19.12070413216657,
                47.56893702578136
              ],
              [
                19.120705814781953,
                47.56893570390686
              ],
              [
                19.120707395152557,
                47.56893416259053
              ],
              [
                19.1207086359979,
                47.56893263324908
              ],
              [
                19.120709709561073,
                47.56893090359306
              ],
              [
                19.120710454654816,
                47.56892923331704
              ],
              [
                19.12071097470643,
                47.56892739056824
              ],
              [
                19.120711191634182,
                47.56892565202119
              ],
              [
                19.12071113555007,
                47.56892377634633
              ],
              [
                19.120710814874723,
                47.568922045161855
              ],
              [
                19.120710185094886,
                47.56892021816023
              ],
              [
                19.12070934076718,
                47.56891856965163
              ],
              [
                19.120708818353656,
                47.56891769941981
              ],
              [
                19.120651556729968,
                47.56883498472663
              ],
              [
                19.12065141716044,
                47.56883478929095
              ],
              [
                19.120651151118246,
                47.568834427953306
              ],
              [
                19.120651004620907,
                47.568834234853895
              ],
              [
                19.120536507610097,
                47.56868769404883
              ],
              [
                19.120535861591076,
                47.568686954925454
              ],
              [
                19.12053456587379,
                47.56868562206484
              ],
              [
                19.120532977027814,
                47.56868428533458
              ],
              [
                19.12053133096063,
                47.56868314320872
              ],
              [
                19.12052939601096,
                47.568682034948765
              ],
              [
                19.120527459474765,
                47.568681125106046
              ],
              [
                19.12052524881126,
                47.56868028563277
              ],
              [
                19.120523092253638,
                47.5686796411716
              ],
              [
                19.12052068629612,
                47.5686791010235
              ],
              [
                19.120518388168595,
                47.56867874538812
              ],
              [
                19.12051587444126,
                47.56867852421473
              ],
              [
                19.120513518345398,
                47.568678470342554
              ],
              [
                19.120510988292924,
                47.56867857618975
              ],
              [
                19.12050865993903,
                47.568678826040475
              ],
              [
                19.120506205599966,
                47.56867925505774
              ],
              [
                19.120503989689183,
                47.568679799542295
              ],
              [
                19.120501700347766,
                47.56868053612281
              ],
              [
                19.120499677490766,
                47.568681355433895
              ],
              [
                19.12049862103907,
                47.568681831099845
              ],
              [
                19.120142725817626,
                47.568859222624305
              ],
              [
                19.119862425685405,
                47.568997602586506
              ],
              [
                19.119726541231806,
                47.56884735178751
              ],
              [
                19.119726516310283,
                47.56884732434156
              ],
              [
                19.119726469821185,
                47.56884727334832
              ],
              [
                19.11972644475442,
                47.568847245962786
              ],
              [
                19.11958269815812,
                47.56869082815537
              ],
              [
                19.119581911155155,
                47.568690063222185
              ],
              [
                19.119580342477352,
                47.568688695528806
              ],
              [
                19.119578439900526,
                47.56868735092607
              ],
              [
                19.119576488786848,
                47.56868623108708
              ],
              [
                19.119574217950248,
                47.56868518036502
              ],
              [
                19.119571967987156,
                47.56868435635479
              ],
              [
                19.119569426174284,
                47.56868364452676
              ],
              [
                19.119566973751017,
                47.568683151646106
              ],
              [
                19.11956426985405,
                47.56868280920709
              ],
              [
                19.119561720033296,
                47.568682668571185
              ],
              [
                19.119558969888125,
                47.56868271019137
              ],
              [
                19.119556431905114,
                47.56868292782517
              ],
              [
                19.119553753328944,
                47.56868335172156
              ],
              [
                19.119551335911748,
                47.56868391830148
              ],
              [
                19.119548843655714,
                47.56868470631417
              ],
              [
                19.11954665036737,
                47.56868559756778
              ],
              [
                19.119545507914857,
                47.568686118142246
              ],
              [
                19.119529608578983,
                47.56869420363159
              ],
              [
                19.119415489873504,
                47.568751788078686
              ],
              [
                19.119285393971214,
                47.568816597484116
              ],
              [
                19.119284429375927,
                47.568817126764344
              ],
              [
                19.11928270702785,
                47.56881816574129
              ],
              [
                19.119281017194638,
                47.56881939502649
              ],
              [
                19.119279610172903,
                47.56882063253935
              ],
              [
                19.119278287361162,
                47.56882205295513
              ],
              [
                19.119277244693112,
                47.568823445883105
              ],
              [
                19.1192763349959,
                47.56882500793543
              ],
              [
                19.11927569301307,
                47.56882650774237
              ],
              [
                19.119275228128615,
                47.56882815700195
              ],
              [
                19.119275009200802,
                47.56882971142743
              ],
              [
                19.119275005327946,
                47.56883139042631
              ],
              [
                19.119275217083715,
                47.568832945306795
              ],
              [
                19.119275674357503,
                47.568834595540636
              ],
              [
                19.119276309418343,
                47.56883609669673
              ],
              [
                19.11927721190527,
                47.56883766066362
              ],
              [
                19.119278248142724,
                47.568839055787876
              ],
              [
                19.11927885709355,
                47.5688397882208
              ],
              [
                19.11958178769437,
                47.56916733065857
              ],
              [
                19.11969683476196,
                47.56931645548688
              ],
              [
                19.119703207988376,
                47.56932592163633
              ]
            ]
          ]
        ]
      },
      "properties": {
        "lotNumber": "88322/1"
      }
    },
    {
      "type": "Feature",
      "geometry": {
        "type": "MultiPolygon",
        "coordinates": [
          [
            [
              [
                19.120711413462654,
                47.56891699664116
              ],
              [
                19.120710840094986,
                47.568916249991034
              ],
              [
                19.120709418144983,
                47.56891459269236
              ],
              [
                19.120707975540395,
                47.568913224169265
              ],
              [
                19.12070612274516,
                47.56891177488931
              ],
              [
                19.120704329056036,
                47.56891061194241
              ],
              [
                19.120702110136165,
                47.56890942130647
              ],
              [
                19.120700028018423,
                47.56890850455904
              ],
              [
                19.120697520483656,
                47.56890761415748
              ],
              [
                19.12069522266837,
                47.56890697563265
              ],
              [
                19.120692514110132,
                47.568906416568346
              ],
              [
                19.12069008086292,
                47.56890607857061
              ],
              [
                19.12068726589462,
                47.56890587037242
              ],
              [
                19.120684782211928,
                47.56890584470848
              ],
              [
                19.12068195916398,
                47.568905994648986
              ],
              [
                19.120679511803985,
                47.56890628221532
              ],
              [
                19.120676779289067,
                47.56890678505697
              ],
              [
                19.120674453741202,
                47.56890737580852
              ],
              [
                19.120671907209534,
                47.568908213986354
              ],
              [
                19.12067081574613,
                47.56890861700431
              ],
              [
                19.120035923130835,
                47.56916983988341
              ],
              [
                19.1197118505418,
                47.56930224534588
              ],
              [
                19.11971081110603,
                47.56930271657394
              ],
              [
                19.11970852108121,
                47.569303864000396
              ],
              [
                19.119706661033028,
                47.56930499388816
              ],
              [
                19.119704728938,
                47.569306411191874
              ],
              [
                19.119703214364137,
                47.56930775678496
              ],
              [
                19.119701708530858,
                47.56930939384049
              ],
              [
                19.119700592996924,
                47.56931090754969
              ],
              [
                19.119699566681877,
                47.56931270645974
              ],
              [
                19.11969888964074,
                47.56931433475006
              ],
              [
                19.119698379141433,
                47.56931623189306
              ],
              [
                19.11969816453793,
                47.56931791717712
              ],
              [
                19.119698187909183,
                47.56931984545724
              ],
              [
                19.119698443333238,
                47.5693215281321
              ],
              [
                19.11969899974859,
                47.56932341935233
              ],
              [
                19.11969971616677,
                47.569325039907206
              ],
              [
                19.11970078594771,
                47.56932682718123
              ],
              [
                19.119701309727898,
                47.569327596111
              ],
              [
                19.119890327037087,
                47.5695738789919
              ],
              [
                19.11995552738629,
                47.569660133892974
              ],
              [
                19.119956210754818,
                47.56966093374068
              ],
              [
                19.119957902940982,
                47.5696626984977
              ],
              [
                19.119959614136523,
                47.56966413530974
              ],
              [
                19.119961802892856,
                47.56966562920125
              ],
              [
                19.11996391136233,
                47.56966679942459
              ],
              [
                19.11996650455437,
                47.5696679595661
              ],
              [
                19.119968921542938,
                47.5696688139408
              ],
              [
                19.11997181001169,
                47.569669591496734
              ],
              [
                19.119974433777493,
                47.569670094058395
              ],
              [
                19.119977495934393,
                47.569670456297935
              ],
              [
                19.1199802160314,
                47.56967058589146
              ],
              [
                19.119983322976555,
                47.5696705175663
              ],
              [
                19.119986024903696,
                47.569670268736516
              ],
              [
                19.11998904585187,
                47.5696697727228
              ],
              [
                19.119991615872934,
                47.56966915594407
              ],
              [
                19.119994423658895,
                47.56966825312124
              ],
              [
                19.119995625053356,
                47.56966781428499
              ],
              [
                19.120934744283414,
                47.56928136086986
              ],
              [
                19.120935866430184,
                47.56928084420249
              ],
              [
                19.120938329494635,
                47.56927958097717
              ],
              [
                19.120940311826992,
                47.569278329537134
              ],
              [
                19.120942344913715,
                47.569276754356665
              ],
              [
                19.120943910802172,
                47.56927525673152
              ],
              [
                19.1209454293254,
                47.569273435130754
              ],
              [
                19.120946513621824,
                47.56927175362859
              ],
              [
                19.120947454404032,
                47.56926976139462
              ],
              [
                19.120948011996767,
                47.56926796597372
              ],
              [
                19.120948335897197,
                47.569265885992614
              ],
              [
                19.120948343587916,
                47.56926405135082
              ],
              [
                19.120948037130944,
                47.56926197015949
              ],
              [
                19.120947494599807,
                47.56926017262636
              ],
              [
                19.120946570535605,
                47.569258176811914
              ],
              [
                19.120946099115653,
                47.569257315478026
              ],
              [
                19.120942103345875,
                47.56925102175309
              ],
              [
                19.12094202112611,
                47.569250894949135
              ],
              [
                19.120941830387835,
                47.569250606829826
              ],
              [
                19.120941745293322,
                47.56925048089754
              ],
              [
                19.120869833894464,
                47.56914618842858
              ],
              [
                19.120869825216698,
                47.56914617586853
              ],
              [
                19.120869805398907,
                47.56914614724218
              ],
              [
                19.120869796692652,
                47.56914613469133
              ],
              [
                19.120757980393144,
                47.56898526372818
              ],
              [
                19.120711413462654,
                47.56891699664116
              ]
            ]
          ]
        ]
      },
      "properties": {
        "lotNumber": "88322/2"
      }
    },
    {
      "type": "Feature",
      "geometry": {
        "type": "MultiPolygon",
        "coordinates": [
          [
            [
              [
                19.12072222286673,
                47.57018877353247
              ],
              [
                19.120722364198,
                47.570188711130236
              ],
              [
                19.12072261753036,
                47.57018859771786
              ],
              [
                19.12072275767951,
                47.5701885341063
              ],
              [
                19.120908554616065,
                47.57010304113775
              ],
              [
                19.121043790531335,
                47.57004280233833
              ],
              [
                19.12136912841324,
                47.56990052181572
              ],
              [
                19.121370236143562,
                47.569899980798425
              ],
              [
                19.121372150938623,
                47.56989894028248
              ],
              [
                19.12137409189368,
                47.56989764246371
              ],
              [
                19.121375652362985,
                47.5698963592457
              ],
              [
                19.12137716080013,
                47.56989482053164
              ],
              [
                19.121378301175376,
                47.56989334869466
              ],
              [
                19.121379313519316,
                47.56989163393679
              ],
              [
                19.121379985737743,
                47.569890035513595
              ],
              [
                19.121380459321802,
                47.56988821698295
              ],
              [
                19.12138063505183,
                47.5698865593416
              ],
              [
                19.121380549916207,
                47.569884713682825
              ],
              [
                19.121380221751558,
                47.569883066687055
              ],
              [
                19.121379581484526,
                47.56988127168824
              ],
              [
                19.121378763256253,
                47.56987970475318
              ],
              [
                19.121378242491897,
                47.56987885006459
              ],
              [
                19.12127437124433,
                47.569730504414046
              ],
              [
                19.121274357750128,
                47.56973048520073
              ],
              [
                19.121274333400052,
                47.569730450636094
              ],
              [
                19.121274319838612,
                47.56973043144428
              ],
              [
                19.12117045404259,
                47.56958388800016
              ],
              [
                19.121069306755828,
                47.569441018164916
              ],
              [
                19.120942849078446,
                47.56925768532056
              ],
              [
                19.120942272582223,
                47.569256942128874
              ],
              [
                19.120941145017444,
                47.56925564002887
              ],
              [
                19.120939698343186,
                47.5692542785897
              ],
              [
                19.12093823323301,
                47.56925314076983
              ],
              [
                19.120936438283664,
                47.56925198473024
              ],
              [
                19.120934686553415,
                47.56925105073962
              ],
              [
                19.120932605719062,
                47.56925014028195
              ],
              [
                19.120930628256573,
                47.56924944258479
              ],
              [
                19.120928333864278,
                47.56924880935544
              ],
              [
                19.120926199403517,
                47.56924837220285
              ],
              [
                19.12092377120329,
                47.569248038211946
              ],
              [
                19.120921553935275,
                47.569247876798684
              ],
              [
                19.1209190763281,
                47.56924785365534
              ],
              [
                19.1209168533221,
                47.56924797359193
              ],
              [
                19.120914412426288,
                47.56924826210059
              ],
              [
                19.120912260951005,
                47.56924865921824
              ],
              [
                19.120909941608843,
                47.56924924935065
              ],
              [
                19.120907936446677,
                47.56924990984607
              ],
              [
                19.120906847794192,
                47.56925031200359
              ],
              [
                19.119967728911593,
                47.56963676519554
              ],
              [
                19.119966699257485,
                47.56963723483737
              ],
              [
                19.11996490820974,
                47.569638136875454
              ],
              [
                19.11996306504966,
                47.56963926045288
              ],
              [
                19.119961552888007,
                47.569640372028
              ],
              [
                19.119960050353832,
                47.569641707837484
              ],
              [
                19.119958869756978,
                47.569642990226065
              ],
              [
                19.119957760192037,
                47.56964449173244
              ],
              [
                19.119956952288106,
                47.569645900260376
              ],
              [
                19.119956274346034,
                47.56964751515614
              ],
              [
                19.119955867279774,
                47.569649000754964
              ],
              [
                19.119955644577903,
                47.56965067278253
              ],
              [
                19.119955652530226,
                47.56965218369888
              ],
              [
                19.119955892826834,
                47.569653854610365
              ],
              [
                19.11995631552079,
                47.56965533820894
              ],
              [
                19.1199570104448,
                47.56965694979524
              ],
              [
                19.119957833155187,
                47.56965835439235
              ],
              [
                19.119958344136517,
                47.569659120259104
              ],
              [
                19.12021531603599,
                47.57000075635493
              ],
              [
                19.120215324813827,
                47.57000076801238
              ],
              [
                19.120325811833936,
                47.570147278777405
              ],
              [
                19.12043363599442,
                47.57029198791022
              ],
              [
                19.120434243585382,
                47.57029271686684
              ],
              [
                19.12043542498721,
                47.57029399175147
              ],
              [
                19.12043692652489,
                47.57029531958746
              ],
              [
                19.12043843619065,
                47.570296424460814
              ],
              [
                19.120440274942837,
                47.570297541270115
              ],
              [
                19.12044206070313,
                47.57029843795113
              ],
              [
                19.120444173128213,
                47.57029930514026
              ],
              [
                19.120446173272654,
                47.57029996264236
              ],
              [
                19.12044848637168,
                47.57030055024391
              ],
              [
                19.120450631781402,
                47.57030094584586
              ],
              [
                19.120453065620737,
                47.570301233554055
              ],
              [
                19.12045528215691,
                47.570301353585045
              ],
              [
                19.12045775263049,
                47.57030133145768
              ],
              [
                19.120459963696387,
                47.57030117176982
              ],
              [
                19.12046238543218,
                47.57030084057143
              ],
              [
                19.120464514620117,
                47.57030040668304
              ],
              [
                19.120466803930324,
                47.570299777858914
              ],
              [
                19.120468777662044,
                47.570299084763825
              ],
              [
                19.120469847680155,
                47.57029866514923
              ],
              [
                19.12072222286673,
                47.57018877353247
              ]
            ]
          ]
        ]
      },
      "properties": {
        "lotNumber": "88323"
      }
    },
    {
      "type": "Feature",
      "geometry": {
        "type": "MultiPolygon",
        "coordinates": [
          [
            [
              [
                19.12053968629268,
                47.57044159830992
              ],
              [
                19.120540289136127,
                47.570442341514976
              ],
              [
                19.120541647800486,
                47.57044384399877
              ],
              [
                19.12054314939988,
                47.57044519903388
              ],
              [
                19.120544900187333,
                47.57044650250246
              ],
              [
                19.120546750529936,
                47.570447643002204
              ],
              [
                19.12054883135781,
                47.57044870123474
              ],
              [
                19.120550964830745,
                47.57044958675711
              ],
              [
                19.120553301913112,
                47.57045036222881
              ],
              [
                19.120555642863675,
                47.57045096137327
              ],
              [
                19.12055815332786,
                47.570451426585926
              ],
              [
                19.120560618746186,
                47.5704517181069
              ],
              [
                19.120563213571398,
                47.570451856564155
              ],
              [
                19.120565716033994,
                47.57045183012435
              ],
              [
                19.120568303207982,
                47.57045163691646
              ],
              [
                19.120570753977777,
                47.57045129345341
              ],
              [
                19.120573241759615,
                47.57045077543159
              ],
              [
                19.120575553932557,
                47.57045012712441
              ],
              [
                19.120577854105743,
                47.57044930265767
              ],
              [
                19.12057893232356,
                47.57044887096908
              ],
              [
                19.120864511625008,
                47.57032186858316
              ],
              [
                19.120864562895537,
                47.57032184566708
              ],
              [
                19.120864669374892,
                47.570321797835035
              ],
              [
                19.120864720488356,
                47.57032177475876
              ],
              [
                19.121045363061587,
                47.57023981060288
              ],
              [
                19.12104641227203,
                47.57023928209896
              ],
              [
                19.12104850951693,
                47.57023811288858
              ],
              [
                19.121050353051672,
                47.57023685995151
              ],
              [
                19.121052071791265,
                47.5702354356721
              ],
              [
                19.121053517520135,
                47.57023396287318
              ],
              [
                19.121054791335467,
                47.57023233856462
              ],
              [
                19.12105578338975,
                47.57023070281875
              ],
              [
                19.121056563055554,
                47.570228941250846
              ],
              [
                19.121057063098373,
                47.57022720576981
              ],
              [
                19.121057318485317,
                47.57022537501667
              ],
              [
                19.12105730719311,
                47.57022360686645
              ],
              [
                19.121057028432123,
                47.570221777675634
              ],
              [
                19.121056506241363,
                47.5702200451846
              ],
              [
                19.121055704105004,
                47.57021828824342
              ],
              [
                19.121054691195344,
                47.57021665836201
              ],
              [
                19.12105339668145,
                47.57021504156573
              ],
              [
                19.12105271773503,
                47.570214285009364
              ],
              [
                19.120916966227057,
                47.57007855150889
              ],
              [
                19.120916181904832,
                47.57007784476546
              ],
              [
                19.120914447856123,
                47.570076432468554
              ],
              [
                19.12091259160831,
                47.57007519179736
              ],
              [
                19.120910483303195,
                47.570074035957695
              ],
              [
                19.12090830469371,
                47.57007306459244
              ],
              [
                19.120905903370097,
                47.57007220974732
              ],
              [
                19.120903486345824,
                47.57007154511696
              ],
              [
                19.120900884532254,
                47.57007102420554
              ],
              [
                19.12089832222671,
                47.570070691919774
              ],
              [
                19.12089562017706,
                47.5700705250139
              ],
              [
                19.120893011321762,
                47.57007053787654
              ],
              [
                19.12089031315219,
                47.57007073140749
              ],
              [
                19.120887758272335,
                47.570071088922845
              ],
              [
                19.120885167949528,
                47.57007163543344
              ],
              [
                19.120882765490503,
                47.57007232382564
              ],
              [
                19.12088038282556,
                47.570073202257596
              ],
              [
                19.12087926801181,
                47.57007366271664
              ],
              [
                19.120693599053784,
                47.57015909677643
              ],
              [
                19.120441513472098,
                47.570268862265486
              ],
              [
                19.120440393516446,
                47.57026940755203
              ],
              [
                19.120438157153917,
                47.570270620408564
              ],
              [
                19.120436197034234,
                47.570271931196054
              ],
              [
                19.12043437831483,
                47.57027343008747
              ],
              [
                19.120432859741804,
                47.570274986252855
              ],
              [
                19.120431536847928,
                47.5702767067455
              ],
              [
                19.120430525101405,
                47.57027844139303
              ],
              [
                19.120429754901163,
                47.570280309527064
              ],
              [
                19.12042929347378,
                47.57028214808846
              ],
              [
                19.12042910907632,
                47.57028408355732
              ],
              [
                19.120429217803856,
                47.570285946997224
              ],
              [
                19.12042962713612,
                47.5702878665998
              ],
              [
                19.120430301344747,
                47.57028967481338
              ],
              [
                19.120431286810632,
                47.57029149603055
              ],
              [
                19.120431827835798,
                47.5702923549512
              ],
              [
                19.12053968629268,
                47.57044159830992
              ]
            ]
          ]
        ]
      },
      "properties": {
        "lotNumber": "88325"
      }
    },
    {
      "type": "Feature",
      "geometry": {
        "type": "MultiPolygon",
        "coordinates": [
          [
            [
              [
                19.120880994709534,
                47.57007493704157
              ],
              [
                19.120879933395784,
                47.57007546249249
              ],
              [
                19.120878198795136,
                47.57007641390384
              ],
              [
                19.12087633151775,
                47.57007766420923
              ],
              [
                19.120874907284307,
                47.57007882791334
              ],
              [
                19.120873439826884,
                47.5700803023331
              ],
              [
                19.120872381593315,
                47.570081632874015
              ],
              [
                19.12087137127694,
                47.57008327381518
              ],
              [
                19.12087072037944,
                47.57008471922003
              ],
              [
                19.12087020666861,
                47.57008646258504
              ],
              [
                19.12086998853226,
                47.57008796639424
              ],
              [
                19.120869991493365,
                47.5700897440847
              ],
              [
                19.120870214638963,
                47.57009124755722
              ],
              [
                19.120870734156426,
                47.570092990133986
              ],
              [
                19.12087138986767,
                47.57009443454203
              ],
              [
                19.120872405648477,
                47.570096073937414
              ],
              [
                19.120873468312375,
                47.570097402860256
              ],
              [
                19.120874150622008,
                47.570098163626
              ],
              [
                19.121009902070437,
                47.57023389717601
              ],
              [
                19.121010680388405,
                47.57023459902215
              ],
              [
                19.121012086278835,
                47.57023574569379
              ],
              [
                19.12101392663854,
                47.57023697922549
              ],
              [
                19.121015634470556,
                47.57023791957815
              ],
              [
                19.121017793415415,
                47.570238888111206
              ],
              [
                19.121019738323163,
                47.57023958642901
              ],
              [
                19.121022133853426,
                47.57024025317715
              ],
              [
                19.121024241966566,
                47.570240682936976
              ],
              [
                19.121026783096603,
                47.57024102257617
              ],
              [
                19.121028974346004,
                47.570241167455144
              ],
              [
                19.121031564560063,
                47.570241167085406
              ],
              [
                19.12103375571896,
                47.570241021580806
              ],
              [
                19.12103629663705,
                47.57024068121617
              ],
              [
                19.1210384044821,
                47.57024025085449
              ],
              [
                19.121040799596518,
                47.57023958342247
              ],
              [
                19.121042744068777,
                47.57023888454947
              ],
              [
                19.121043858208708,
                47.57023843564307
              ],
              [
                19.12124038758418,
                47.57015018869517
              ],
              [
                19.121463482695564,
                47.57005113092972
              ],
              [
                19.121464569275844,
                47.57005059330013
              ],
              [
                19.12146634342709,
                47.57004961845285
              ],
              [
                19.12146824855297,
                47.57004833458257
              ],
              [
                19.12146969650665,
                47.57004713804321
              ],
              [
                19.121471180858766,
                47.57004562096496
              ],
              [
                19.121472243362962,
                47.570044251697375
              ],
              [
                19.121473246199944,
                47.57004256349188
              ],
              [
                19.1214738797758,
                47.570041077528074
              ],
              [
                19.121474360060475,
                47.57003928727862
              ],
              [
                19.121474538781406,
                47.570037745425914
              ],
              [
                19.121474476860072,
                47.57003592639158
              ],
              [
                19.121474193412705,
                47.570034391744485
              ],
              [
                19.121473591819345,
                47.5700326183623
              ],
              [
                19.121472857802768,
                47.57003115372025
              ],
              [
                19.12147236148105,
                47.570030306981685
              ],
              [
                19.121411457894215,
                47.569940031889296
              ],
              [
                19.121378450975286,
                47.56988033655174
              ],
              [
                19.121377928198438,
                47.56987951736696
              ],
              [
                19.121376939718715,
                47.56987815797628
              ],
              [
                19.12137554837431,
                47.569876644543825
              ],
              [
                19.12137418320793,
                47.56987544375995
              ],
              [
                19.121372378202928,
                47.5698741457221
              ],
              [
                19.121370689960703,
                47.56987315070039
              ],
              [
                19.121368542178605,
                47.56987211903174
              ],
              [
                19.12136659715868,
                47.569871368847195
              ],
              [
                19.12136419094397,
                47.56987064406195
              ],
              [
                19.121362065528242,
                47.569870168174674
              ],
              [
                19.121359495374175,
                47.56986977873539
              ],
              [
                19.12135727302877,
                47.56986959583373
              ],
              [
                19.12135463986655,
                47.56986955703395
              ],
              [
                19.121352407864048,
                47.56986967430055
              ],
              [
                19.121349815099226,
                47.56986998766391
              ],
              [
                19.12134766109146,
                47.569870400493606
              ],
              [
                19.121345210543183,
                47.56987105371424
              ],
              [
                19.121343219119083,
                47.56987174589503
              ],
              [
                19.121342077572994,
                47.569872192432705
              ],
              [
                19.12101665066687,
                47.57001451185759
              ],
              [
                19.121016603822714,
                47.570014532438435
              ],
              [
                19.121016524296554,
                47.570014567539005
              ],
              [
                19.121016477580525,
                47.5700145882529
              ],
              [
                19.120880994709534,
                47.57007493704157
              ]
            ]
          ]
        ]
      },
      "properties": {
        "lotNumber": "88326"
      }
    },
    {
      "type": "Feature",
      "geometry": {
        "type": "MultiPolygon",
        "coordinates": [
          [
            [
              [
                19.11974154969537,
                47.567839737371486
              ],
              [
                19.119740245921804,
                47.56783953414189
              ],
              [
                19.11973732536541,
                47.56783918258929
              ],
              [
                19.11973466051575,
                47.56783904651555
              ],
              [
                19.11973169508277,
                47.56783909751518
              ],
              [
                19.11972904388417,
                47.5678393250145
              ],
              [
                19.119726153479586,
                47.567839776504215
              ],
              [
                19.119723623131215,
                47.56784035837787
              ],
              [
                19.119720924626293,
                47.567841192102065
              ],
              [
                19.11971861744084,
                47.56784210482242
              ],
              [
                19.11971621994757,
                47.567843287070126
              ],
              [
                19.11971422921432,
                47.56784449373196
              ],
              [
                19.119712229673553,
                47.5678459766999
              ],
              [
                19.11971063588634,
                47.56784742851285
              ],
              [
                19.119709115148037,
                47.56784915223828
              ],
              [
                19.11970798275051,
                47.56785079049935
              ],
              [
                19.119707002304676,
                47.56785268528481
              ],
              [
                19.119706377084576,
                47.56785444375221
              ],
              [
                19.119705976574913,
                47.56785643298335
              ],
              [
                19.119705883812653,
                47.56785824055473
              ],
              [
                19.119706079433605,
                47.567860243798556
              ],
              [
                19.119706522880072,
                47.56786202738607
              ],
              [
                19.119707306721978,
                47.56786396364289
              ],
              [
                19.119708268446846,
                47.567865651128464
              ],
              [
                19.119709608815736,
                47.5678674421071
              ],
              [
                19.119710272661703,
                47.567868228260295
              ],
              [
                19.119853953753193,
                47.56802008777966
              ],
              [
                19.119977675488496,
                47.56815307046866
              ],
              [
                19.11997772047323,
                47.56815311848327
              ],
              [
                19.119977820836056,
                47.56815322486101
              ],
              [
                19.11997786626828,
                47.56815327268218
              ],
              [
                19.120089501730444,
                47.568269965568476
              ],
              [
                19.1201877453062,
                47.56837756549208
              ],
              [
                19.120344718075568,
                47.568554556845186
              ],
              [
                19.120344842556232,
                47.56855469439009
              ],
              [
                19.120345122926324,
                47.56855499803843
              ],
              [
                19.120345251031324,
                47.56855513405055
              ],
              [
                19.120489632554214,
                47.56870543642462
              ],
              [
                19.120603222438394,
                47.56885081639447
              ],
              [
                19.120660163217845,
                47.568933067734825
              ],
              [
                19.120706739770434,
                47.5690013490244
              ],
              [
                19.120706759882427,
                47.569001378369805
              ],
              [
                19.12070680470386,
                47.569001443461794
              ],
              [
                19.12070682497154,
                47.56900147275785
              ],
              [
                19.1208186662891,
                47.56916237993786
              ],
              [
                19.120890554150776,
                47.569266638416806
              ],
              [
                19.121021056027658,
                47.56945633542817
              ],
              [
                19.12102108727158,
                47.569456380517416
              ],
              [
                19.121021157041934,
                47.56945648048463
              ],
              [
                19.121021188654193,
                47.56945652545601
              ],
              [
                19.12112239313053,
                47.569599476254126
              ],
              [
                19.121226237868118,
                47.56974599017853
              ],
              [
                19.12132957318758,
                47.5698935706268
              ],
              [
                19.12136246753141,
                47.569953062462794
              ],
              [
                19.121362638756906,
                47.56995335631058
              ],
              [
                19.12136303568309,
                47.569954003935095
              ],
              [
                19.121363222048746,
                47.5699542935329
              ],
              [
                19.121424484360645,
                47.57004510047236
              ],
              [
                19.12142512081986,
                47.57004592749574
              ],
              [
                19.12142667039772,
                47.570047709055764
              ],
              [
                19.12142830444587,
                47.57004920762827
              ],
              [
                19.121430362961387,
                47.57005073502164
              ],
              [
                19.121432418018966,
                47.570051973720595
              ],
              [
                19.121434897215277,
                47.57005318146176
              ],
              [
                19.121437285173666,
                47.570054107179224
              ],
              [
                19.121440078757573,
                47.570054943487364
              ],
              [
                19.1214426972353,
                47.57005551653404
              ],
              [
                19.121445685434516,
                47.57005594555324
              ],
              [
                19.12144842216677,
                47.57005614136026
              ],
              [
                19.121451476865005,
                47.570056144696665
              ],
              [
                19.121454214516916,
                47.57005595486899
              ],
              [
                19.121457204746797,
                47.57005553237964
              ],
              [
                19.12145982594406,
                47.570054965055945
              ],
              [
                19.121462623502254,
                47.57005413485464
              ],
              [
                19.121463854982014,
                47.57005371662459
              ],
              [
                19.121602005208786,
                47.570000561153165
              ],
              [
                19.121603089455338,
                47.57000009568739
              ],
              [
                19.121605417197365,
                47.56999898616986
              ],
              [
                19.121607361953064,
                47.569997854321755
              ],
              [
                19.121609331421336,
                47.56999646286234
              ],
              [
                19.121610918697307,
                47.56999509927603
              ],
              [
                19.12161245653779,
                47.56999347770053
              ],
              [
                19.121613627215005,
                47.56999193316367
              ],
              [
                19.12161467614993,
                47.569990141868644
              ],
              [
                19.121615386625855,
                47.56998847390852
              ],
              [
                19.121615907587085,
                47.56998657961189
              ],
              [
                19.121616131399694,
                47.569984850352675
              ],
              [
                19.121616104983815,
                47.56998292360869
              ],
              [
                19.12161583379717,
                47.56998119745769
              ],
              [
                19.121615260988165,
                47.56997931002912
              ],
              [
                19.121614504902876,
                47.56997765127795
              ],
              [
                19.12161340703548,
                47.56997587346322
              ],
              [
                19.121612194212492,
                47.569974343892994
              ],
              [
                19.121610612177516,
                47.56997274190784
              ],
              [
                19.12160898778922,
                47.56997139848826
              ],
              [
                19.12160698051057,
                47.569970031999645
              ],
              [
                19.121605005058324,
                47.56996892476723
              ],
              [
                19.12160264729832,
                47.56996784467073
              ],
              [
                19.12160155047727,
                47.569967392900175
              ],
              [
                19.12159506736575,
                47.569965005031314
              ],
              [
                19.12150176694535,
                47.56982867594921
              ],
              [
                19.121415222405577,
                47.569701037560876
              ],
              [
                19.121415198311887,
                47.56970100222854
              ],
              [
                19.12141514457339,
                47.56970092386935
              ],
              [
                19.12141512025403,
                47.56970088860786
              ],
              [
                19.12133658548638,
                47.569587657722444
              ],
              [
                19.121179535258687,
                47.56935763361085
              ],
              [
                19.12108649128027,
                47.56921765032273
              ],
              [
                19.120998699778674,
                47.569077577761114
              ],
              [
                19.120998549891343,
                47.56907734761793
              ],
              [
                19.120998206652807,
                47.56907683994805
              ],
              [
                19.120998047316228,
                47.569076612730974
              ],
              [
                19.1208928545853,
                47.568931865376754
              ],
              [
                19.120892845270895,
                47.56893185258554
              ],
              [
                19.120892824559604,
                47.5689318242
              ],
              [
                19.120892815215186,
                47.568931811418686
              ],
              [
                19.120831564934544,
                47.5688481998511
              ],
              [
                19.120831539153453,
                47.56884816484916
              ],
              [
                19.12083148167005,
                47.56884808722944
              ],
              [
                19.12083145566428,
                47.568848052303714
              ],
              [
                19.12077022029476,
                47.56876625600183
              ],
              [
                19.120661051459884,
                47.56861972838903
              ],
              [
                19.120660826237444,
                47.56861943928058
              ],
              [
                19.12066030918186,
                47.56861880381838
              ],
              [
                19.120660068588464,
                47.56861852043839
              ],
              [
                19.120517642768476,
                47.56845760565078
              ],
              [
                19.120517620213356,
                47.56845758026256
              ],
              [
                19.1205175700041,
                47.56845752395667
              ],
              [
                19.120517547325655,
                47.56845749861894
              ],
              [
                19.12044574225589,
                47.56837757079827
              ],
              [
                19.120373933806253,
                47.568295844479515
              ],
              [
                19.120373921953554,
                47.568295831003816
              ],
              [
                19.120219513484187,
                47.56812052771201
              ],
              [
                19.12021949171705,
                47.56812050304621
              ],
              [
                19.12002381963658,
                47.567899349058095
              ],
              [
                19.120023125947892,
                47.56789864284321
              ],
              [
                19.120021480299453,
                47.56789712760766
              ],
              [
                19.120019814368028,
                47.56789586309291
              ],
              [
                19.12001777808618,
                47.567894583582415
              ],
              [
                19.12001579134811,
                47.56789355291932
              ],
              [
                19.120013436674245,
                47.56789255452711
              ],
              [
                19.12001119961324,
                47.567891794280555
              ],
              [
                19.12000861008437,
                47.56789111242665
              ],
              [
                19.120007422212513,
                47.56789084254158
              ],
              [
                19.11974154969537,
                47.567839737371486
              ]
            ]
          ]
        ]
      },
      "properties": {
        "lotNumber": "88327"
      }
    },
    {
      "type": "Feature",
      "geometry": {
        "type": "MultiPolygon",
        "coordinates": [
          [
            [
              [
                19.121143486552512,
                47.56935017284344
              ],
              [
                19.121142333850198,
                47.569350583092344
              ],
              [
                19.121140362175503,
                47.56935137058804
              ],
              [
                19.121138261812565,
                47.56935240958322
              ],
              [
                19.121136554597133,
                47.569353441939214
              ],
              [
                19.121134793554173,
                47.56935473794255
              ],
              [
                19.12113341621527,
                47.56935597560088
              ],
              [
                19.121132061972133,
                47.56935747895206
              ],
              [
                19.121131067286843,
                47.569358874488046
              ],
              [
                19.12113017173565,
                47.56936052758142
              ],
              [
                19.121129597818488,
                47.56936202752077
              ],
              [
                19.121129195275135,
                47.569363767013
              ],
              [
                19.121129064117607,
                47.5693653138808
              ],
              [
                19.1211291700069,
                47.56936707311779
              ],
              [
                19.121129486634796,
                47.56936860764102
              ],
              [
                19.121130096899343,
                47.56937031921212
              ],
              [
                19.121130849180155,
                47.569371782590764
              ],
              [
                19.121131336881025,
                47.5693725998655
              ],
              [
                19.121288481884985,
                47.56960276309743
              ],
              [
                19.121289087954377,
                47.56960354703441
              ],
              [
                19.12129025220427,
                47.56960488796451
              ],
              [
                19.12129179002349,
                47.56960631641058
              ],
              [
                19.121293319241484,
                47.56960747738288
              ],
              [
                19.121295240103777,
                47.56960867474518
              ],
              [
                19.121297075248002,
                47.56960961093549
              ],
              [
                19.121299304990387,
                47.569610530984754
              ],
              [
                19.121301375207352,
                47.569611206247465
              ],
              [
                19.12130382774123,
                47.56961181346135
              ],
              [
                19.121306053101463,
                47.569612201725
              ],
              [
                19.12130863373636,
                47.56961247265946
              ],
              [
                19.12131092832039,
                47.56961255893355
              ],
              [
                19.121313537419972,
                47.569612483128
              ],
              [
                19.121315812635665,
                47.56961226408151
              ],
              [
                19.12131834946456,
                47.56961184446268
              ],
              [
                19.121320517467574,
                47.5696113285529
              ],
              [
                19.121321727958897,
                47.569610994371544
              ],
              [
                19.12153295683982,
                47.56954430100333
              ],
              [
                19.121534130367714,
                47.56954388095805
              ],
              [
                19.12153613613633,
                47.56954307379894
              ],
              [
                19.12153826883984,
                47.56954200726182
              ],
              [
                19.121539997904158,
                47.56954094667988
              ],
              [
                19.121541775288367,
                47.5695396148282
              ],
              [
                19.12154315881475,
                47.56953834304496
              ],
              [
                19.121544510122444,
                47.56953679889943
              ],
              [
                19.121545493033064,
                47.56953536654433
              ],
              [
                19.121546364469047,
                47.56953367157707
              ],
              [
                19.121546907634535,
                47.569532135671786
              ],
              [
                19.121547264507242,
                47.56953035735904
              ],
              [
                19.121547346304386,
                47.569528779047616
              ],
              [
                19.121547174406896,
                47.569526988183625
              ],
              [
                19.121546791579462,
                47.56952543029827
              ],
              [
                19.12154609775507,
                47.56952369817682
              ],
              [
                19.121545265543404,
                47.56952222273657
              ],
              [
                19.121544730753136,
                47.5695214004204
              ],
              [
                19.121540616435183,
                47.56951584454004
              ],
              [
                19.12173218309463,
                47.56946002488049
              ],
              [
                19.122002541352188,
                47.5693934594351
              ],
              [
                19.12200279520453,
                47.569393394941294
              ],
              [
                19.122003240227315,
                47.56939327835973
              ],
              [
                19.12200349208269,
                47.56939321037456
              ],
              [
                19.122113761167473,
                47.56936255853264
              ],
              [
                19.122114924552452,
                47.569362189714205
              ],
              [
                19.122116921024215,
                47.569361475214464
              ],
              [
                19.122119063310166,
                47.56936051883422
              ],
              [
                19.122120819646828,
                47.569359557968454
              ],
              [
                19.12212265038662,
                47.56935834076524
              ],
              [
                19.122124101098837,
                47.56935716936173
              ],
              [
                19.122125552028848,
                47.56935573672202
              ],
              [
                19.122126643023265,
                47.569354398459396
              ],
              [
                19.122127660042043,
                47.56935280380266
              ],
              [
                19.122128350638295,
                47.569351348581364
              ],
              [
                19.122128895823845,
                47.569349651368334
              ],
              [
                19.122129160271424,
                47.56934813344994
              ],
              [
                19.122129213295253,
                47.56934639696538
              ],
              [
                19.122129041733654,
                47.56934487294914
              ],
              [
                19.122128600618733,
                47.56934316194217
              ],
              [
                19.12212799944513,
                47.56934168865481
              ],
              [
                19.122127080639594,
                47.569340066924504
              ],
              [
                19.122126072270294,
                47.56933869930112
              ],
              [
                19.12212544377459,
                47.56933794100459
              ],
              [
                19.122065634152385,
                47.5692733127804
              ],
              [
                19.121921960411633,
                47.569113395696675
              ],
              [
                19.12192127211145,
                47.56911270398847
              ],
              [
                19.121919980006012,
                47.569111527163464
              ],
              [
                19.121918335006765,
                47.56911028764231
              ],
              [
                19.12191674435723,
                47.569109292286484
              ],
              [
                19.121914789781826,
                47.56910827935828
              ],
              [
                19.121912955164138,
                47.56910749962277
              ],
              [
                19.12191075807496,
                47.569106748041584
              ],
              [
                19.121908742435686,
                47.569106210679486
              ],
              [
                19.121906378215854,
                47.56910574623236
              ],
              [
                19.121904250712493,
                47.5691054696808
              ],
              [
                19.121901800479453,
                47.569105308303115
              ],
              [
                19.121899634107585,
                47.5691053020507
              ],
              [
                19.12189718192991,
                47.56910544927941
              ],
              [
                19.12189505101871,
                47.56910571354066
              ],
              [
                19.12189268103171,
                47.56910616432429
              ],
              [
                19.121890658693683,
                47.569106690032285
              ],
              [
                19.12188953012025,
                47.56910702481859
              ],
              [
                19.121472673690793,
                47.56924661407805
              ],
              [
                19.121143486552512,
                47.56935017284344
              ]
            ]
          ]
        ]
      },
      "properties": {
        "lotNumber": "88334"
      }
    },
    {
      "type": "Feature",
      "geometry": {
        "type": "MultiPolygon",
        "coordinates": [
          [
            [
              [
                19.121768130034877,
                47.5689881172279
              ],
              [
                19.12176726844329,
                47.56898750120604
              ],
              [
                19.121765156481814,
                47.56898612718501
              ],
              [
                19.12176319595307,
                47.56898507310723
              ],
              [
                19.12176074067674,
                47.56898399155391
              ],
              [
                19.121758522814634,
                47.568983205043644
              ],
              [
                19.121755811370672,
                47.56898245434659
              ],
              [
                19.12175341489565,
                47.5689819633201
              ],
              [
                19.1217505435236,
                47.56898157012441
              ],
              [
                19.121748053495775,
                47.56898139201014
              ],
              [
                19.12174512411163,
                47.56898137027175
              ],
              [
                19.121742628911605,
                47.5689815113917
              ],
              [
                19.121739745490437,
                47.568981861882286
              ],
              [
                19.12173733368243,
                47.56898231722746
              ],
              [
                19.121734598567897,
                47.568983027506725
              ],
              [
                19.121733450887135,
                47.56898336838583
              ],
              [
                19.121457358549513,
                47.56907611322835
              ],
              [
                19.121048415104678,
                47.56920762026533
              ],
              [
                19.12104728080328,
                47.569208031716066
              ],
              [
                19.12104470155793,
                47.56920907912334
              ],
              [
                19.121042635348605,
                47.569210114444004
              ],
              [
                19.121040402331694,
                47.569211478329095
              ],
              [
                19.12103866931388,
                47.56921276350545
              ],
              [
                19.12103686608135,
                47.56921439283394
              ],
              [
                19.121035531101835,
                47.569215879776756
              ],
              [
                19.121034225127847,
                47.56921771358184
              ],
              [
                19.121033338139505,
                47.56921934665211
              ],
              [
                19.121032578291608,
                47.5692213163157
              ],
              [
                19.12103217248423,
                47.5692230344065
              ],
              [
                19.121031987194854,
                47.56922506622696
              ],
              [
                19.121032077753203,
                47.56922680505006
              ],
              [
                19.121032473955694,
                47.569228822999804
              ],
              [
                19.12103305749134,
                47.56923051749121
              ],
              [
                19.121034020360543,
                47.56923244606176
              ],
              [
                19.121034490874294,
                47.56923325673847
              ],
              [
                19.121127716928257,
                47.569373514163104
              ],
              [
                19.121128314844345,
                47.569374306468006
              ],
              [
                19.121129845861553,
                47.56937610915627
              ],
              [
                19.12113137292992,
                47.569377554892064
              ],
              [
                19.12113339777339,
                47.56937911867719
              ],
              [
                19.121135315044803,
                47.56938033300252
              ],
              [
                19.121137754670706,
                47.56938159683897
              ],
              [
                19.121139987300587,
                47.56938253235002
              ],
              [
                19.12114274647318,
                47.569383446901355
              ],
              [
                19.121145207306274,
                47.56938406707868
              ],
              [
                19.12114817831561,
                47.56938459664348
              ],
              [
                19.121150771288256,
                47.56938487727709
              ],
              [
                19.12115383815488,
                47.56938500118271
              ],
              [
                19.121156462045054,
                47.56938493131754
              ],
              [
                19.121159505047515,
                47.569384644727094
              ],
              [
                19.121162057426265,
                47.56938422709047
              ],
              [
                19.121164957774702,
                47.56938354119157
              ],
              [
                19.121166175793796,
                47.5693832065373
              ],
              [
                19.121495638885722,
                47.56927956094634
              ],
              [
                19.121495785158007,
                47.56927951419563
              ],
              [
                19.121496126438796,
                47.56927940339329
              ],
              [
                19.1214962718595,
                47.5692793554412
              ],
              [
                19.121913401073595,
                47.569139674817606
              ],
              [
                19.121914574675845,
                47.56913923044678
              ],
              [
                19.121917236242417,
                47.56913809937177
              ],
              [
                19.121919355088256,
                47.56913698201085
              ],
              [
                19.12192162623958,
                47.569135511846014
              ],
              [
                19.121923369829492,
                47.569134128969694
              ],
              [
                19.12192515779235,
                47.56913237976925
              ],
              [
                19.121926454903246,
                47.569130787866015
              ],
              [
                19.121927686642003,
                47.569128831082224
              ],
              [
                19.121928484288865,
                47.56912709517908
              ],
              [
                19.121929109488896,
                47.56912501074375
              ],
              [
                19.121929375089103,
                47.56912320174985
              ],
              [
                19.121929368212022,
                47.56912107480913
              ],
              [
                19.121929090916307,
                47.56911926661917
              ],
              [
                19.12192845224317,
                47.56911718405553
              ],
              [
                19.121927643378797,
                47.569115450531484
              ],
              [
                19.1219263989986,
                47.56911349741457
              ],
              [
                19.12192509160658,
                47.569111909368324
              ],
              [
                19.12192329235054,
                47.56911016548007
              ],
              [
                19.12192246765461,
                47.56910944658949
              ],
              [
                19.121768130034877,
                47.5689881172279
              ]
            ]
          ]
        ]
      },
      "properties": {
        "lotNumber": "88335"
      }
    },
    {
      "type": "Feature",
      "geometry": {
        "type": "MultiPolygon",
        "coordinates": [
          [
            [
              [
                19.120962732943774,
                47.569070228812286
              ],
              [
                19.120961603536678,
                47.56907063025271
              ],
              [
                19.120959824176477,
                47.56907133844707
              ],
              [
                19.12095776141563,
                47.56907235127038
              ],
              [
                19.120956214497202,
                47.56907327629137
              ],
              [
                19.120954475301733,
                47.56907453694891
              ],
              [
                19.120953217702766,
                47.56907564478511
              ],
              [
                19.120951866020118,
                47.56907710692451
              ],
              [
                19.120950943980517,
                47.56907835684255
              ],
              [
                19.120950029509913,
                47.56907996670336
              ],
              [
                19.12094947693164,
                47.56908131274579
              ],
              [
                19.12094903329676,
                47.56908301113603
              ],
              [
                19.120948870497287,
                47.569084403811054
              ],
              [
                19.120948914009947,
                47.56908612828365
              ],
              [
                19.120949146975217,
                47.569087516384826
              ],
              [
                19.120949676035615,
                47.56908920353369
              ],
              [
                19.12095029619994,
                47.569090536022806
              ],
              [
                19.120950737413825,
                47.56909134609862
              ],
              [
                19.121038646790062,
                47.569231606932604
              ],
              [
                19.12103923131309,
                47.569232422565825
              ],
              [
                19.121040274095325,
                47.56923370828403
              ],
              [
                19.12104179102052,
                47.56923519983242
              ],
              [
                19.121043193176874,
                47.56923631815113
              ],
              [
                19.121045120783474,
                47.5692375738601
              ],
              [
                19.121046825490776,
                47.56923847945883
              ],
              [
                19.121049085661408,
                47.56923944844004
              ],
              [
                19.121051023835395,
                47.569240104618814
              ],
              [
                19.121053524975338,
                47.56924074760369
              ],
              [
                19.12105561807036,
                47.56924112777047
              ],
              [
                19.121058258819392,
                47.56924141870176
              ],
              [
                19.121060422011507,
                47.569241507450016
              ],
              [
                19.121063095351687,
                47.56924143453748
              ],
              [
                19.12106524097621,
                47.569241228270705
              ],
              [
                19.121067838568795,
                47.569240794469145
              ],
              [
                19.12106987967301,
                47.569240301546394
              ],
              [
                19.12107111692919,
                47.56923995425025
              ],
              [
                19.121480283823914,
                47.56910837533931
              ],
              [
                19.121480386493733,
                47.569108341957026
              ],
              [
                19.121480552473404,
                47.56910828739635
              ],
              [
                19.121480654716763,
                47.56910825341974
              ],
              [
                19.121756968585768,
                47.56901543414791
              ],
              [
                19.12175805537719,
                47.569015025115355
              ],
              [
                19.121759766370108,
                47.5690143082504
              ],
              [
                19.121761747236892,
                47.569013293492546
              ],
              [
                19.121763231201225,
                47.5690123736456
              ],
              [
                19.12176489840479,
                47.569011127118486
              ],
              [
                19.12176610348759,
                47.56901003643108
              ],
              [
                19.12176739877223,
                47.56900860169122
              ],
              [
                19.121768282865297,
                47.56900737827428
              ],
              [
                19.121769160970974,
                47.569005805454594
              ],
              [
                19.121769693182195,
                47.56900449205699
              ],
              [
                19.121770123426042,
                47.56900283611528
              ],
              [
                19.12177028515887,
                47.56900147863006
              ],
              [
                19.121770252507304,
                47.568999797428475
              ],
              [
                19.121770038110494,
                47.568998443289125
              ],
              [
                19.12176954370451,
                47.56899679557257
              ],
              [
                19.121768960669616,
                47.568995492095645
              ],
              [
                19.12176802178491,
                47.56899393543889
              ],
              [
                19.121767090484507,
                47.568992728170684
              ],
              [
                19.121765739927806,
                47.56899131696673
              ],
              [
                19.121764492903587,
                47.56899024809181
              ],
              [
                19.121763677475553,
                47.5689896126913
              ],
              [
                19.121684419528126,
                47.56893339657125
              ],
              [
                19.121613092252357,
                47.56887540132827
              ],
              [
                19.121612246299126,
                47.56887477595853
              ],
              [
                19.121610808423895,
                47.56887380877498
              ],
              [
                19.12160887502941,
                47.56887273314568
              ],
              [
                19.12160719472072,
                47.568871965551345
              ],
              [
                19.12160499763747,
                47.56887115430637
              ],
              [
                19.121603134484275,
                47.56887061352253
              ],
              [
                19.12160075162763,
                47.56887009543112
              ],
              [
                19.121598771703088,
                47.56886980063563
              ],
              [
                19.121596287576487,
                47.56886959407088
              ],
              [
                19.12159426109483,
                47.56886955571811
              ],
              [
                19.121591763793056,
                47.568869668005455
              ],
              [
                19.121589762619568,
                47.568869887455534
              ],
              [
                19.121587340704632,
                47.56887031461293
              ],
              [
                19.121585435807084,
                47.56887078408344
              ],
              [
                19.1215842801487,
                47.56887111142869
              ],
              [
                19.121074238389582,
                47.56903510705456
              ],
              [
                19.120962732943774,
                47.569070228812286
              ]
            ]
          ]
        ]
      },
      "properties": {
        "lotNumber": "88336"
      }
    },
    {
      "type": "Feature",
      "geometry": {
        "type": "MultiPolygon",
        "coordinates": [
          [
            [
              [
                19.121450305459717,
                47.568731163651385
              ],
              [
                19.12144943737702,
                47.568730489611
              ],
              [
                19.121447405233155,
                47.56872906168429
              ],
              [
                19.12144539479633,
                47.568727904635814
              ],
              [
                19.121442985822927,
                47.56872677660666
              ],
              [
                19.121440677213503,
                47.56872591121266
              ],
              [
                19.121437986397115,
                47.56872512755959
              ],
              [
                19.121435470644247,
                47.568724587942754
              ],
              [
                19.121432604084553,
                47.56872417956543
              ],
              [
                19.121429980385095,
                47.56872398700302
              ],
              [
                19.121427051111347,
                47.56872397000389
              ],
              [
                19.121424422918498,
                47.56872413208865
              ],
              [
                19.121421546432785,
                47.56872450713797
              ],
              [
                19.121419017376923,
                47.56872501747887
              ],
              [
                19.12141630709987,
                47.56872576978836
              ],
              [
                19.1214151111732,
                47.56872614978476
              ],
              [
                19.12119743989934,
                47.56880447404306
              ],
              [
                19.120854894709122,
                47.5689233537201
              ],
              [
                19.120853776437432,
                47.56892378945467
              ],
              [
                19.12085136902991,
                47.56892483597181
              ],
              [
                19.120849345513033,
                47.568925916678324
              ],
              [
                19.120847281886054,
                47.568927258021766
              ],
              [
                19.120845604681215,
                47.568928582759064
              ],
              [
                19.120843962462803,
                47.568930168471155
              ],
              [
                19.120842694661892,
                47.5689316874063
              ],
              [
                19.120841535627864,
                47.56893345783691
              ],
              [
                19.120840724922143,
                47.56893511383169
              ],
              [
                19.12084009267228,
                47.568937002382064
              ],
              [
                19.12083976955838,
                47.56893873314248
              ],
              [
                19.12083968787629,
                47.568940668770544
              ],
              [
                19.120839864508973,
                47.568942409190164
              ],
              [
                19.120840336467438,
                47.56894431908285
              ],
              [
                19.12084100620236,
                47.568946003691764
              ],
              [
                19.120842014047703,
                47.568947816004126
              ],
              [
                19.120842526658855,
                47.56894861742821
              ],
              [
                19.12094771928537,
                47.5690933648275
              ],
              [
                19.12094834224244,
                47.569094126557026
              ],
              [
                19.120949842754616,
                47.56909576839183
              ],
              [
                19.120951399535997,
                47.56909715214398
              ],
              [
                19.12095333888867,
                47.56909856784846
              ],
              [
                19.12095526006729,
                47.569099722965966
              ],
              [
                19.120957565751763,
                47.56910085960958
              ],
              [
                19.1209597794984,
                47.5691017429048
              ],
              [
                19.120962365309488,
                47.569102557990576
              ],
              [
                19.120964788856334,
                47.569103136438706
              ],
              [
                19.120967558115407,
                47.569103599492124
              ],
              [
                19.12097010085058,
                47.56910385146609
              ],
              [
                19.120972950020224,
                47.56910394517443
              ],
              [
                19.120975516875585,
                47.56910386125338
              ],
              [
                19.12097833943067,
                47.56910358211307
              ],
              [
                19.120980834436306,
                47.56910316543473
              ],
              [
                19.120983524846757,
                47.569102523882314
              ],
              [
                19.120984716053215,
                47.56910219515432
              ],
              [
                19.121096308003317,
                47.56906704614534
              ],
              [
                19.121096355722184,
                47.56906703103692
              ],
              [
                19.121096461559294,
                47.56906699735443
              ],
              [
                19.121096509189165,
                47.56906698211824
              ],
              [
                19.121606637315796,
                47.56890295870183
              ],
              [
                19.12160780375958,
                47.56890253420411
              ],
              [
                19.12161031754253,
                47.56890150694827
              ],
              [
                19.121612434869853,
                47.568900433546666
              ],
              [
                19.12161459821539,
                47.56889908968255
              ],
              [
                19.121616359454492,
                47.56889775372964
              ],
              [
                19.121618086646567,
                47.56889614650383
              ],
              [
                19.121619422013676,
                47.56889460093277
              ],
              [
                19.12162064461756,
                47.568892794026766
              ],
              [
                19.121621501202853,
                47.56889110007614
              ],
              [
                19.121622170776643,
                47.56888916508322
              ],
              [
                19.121622514640592,
                47.56888738987071
              ],
              [
                19.121622604654572,
                47.56888540345911
              ],
              [
                19.121622422172713,
                47.568883617322186
              ],
              [
                19.121621929060453,
                47.56888165819747
              ],
              [
                19.121621227463194,
                47.568879931906416
              ],
              [
                19.121620170762903,
                47.56887807769295
              ],
              [
                19.12161897784902,
                47.568876479646796
              ],
              [
                19.121617399429343,
                47.56887480381218
              ],
              [
                19.12161663278499,
                47.568874072936616
              ],
              [
                19.121450305459717,
                47.568731163651385
              ]
            ]
          ]
        ]
      },
      "properties": {
        "lotNumber": "88337"
      }
    },
    {
      "type": "Feature",
      "geometry": {
        "type": "MultiPolygon",
        "coordinates": [
          [
            [
              [
                19.125014101946572,
                47.56900169549382
              ],
              [
                19.125014180276057,
                47.56900165427312
              ],
              [
                19.125014325543972,
                47.56900157723558
              ],
              [
                19.125014403416543,
                47.569001535620274
              ],
              [
                19.125149860593012,
                47.56892858951569
              ],
              [
                19.125149894682853,
                47.56892857109577
              ],
              [
                19.125149958006716,
                47.56892853676428
              ],
              [
                19.12514999200705,
                47.56892851826871
              ],
              [
                19.125258846190228,
                47.56886910412823
              ],
              [
                19.12539691668032,
                47.56879437949321
              ],
              [
                19.12539693409446,
                47.56879437005921
              ],
              [
                19.12553637948979,
                47.56871871916218
              ],
              [
                19.125536394866238,
                47.56871871080758
              ],
              [
                19.125536423449223,
                47.568718695253715
              ],
              [
                19.12553643880718,
                47.56871868688374
              ],
              [
                19.125699751078905,
                47.568629547404136
              ],
              [
                19.12587006305665,
                47.56853714991366
              ],
              [
                19.125898641568835,
                47.56854035380531
              ],
              [
                19.125899905739427,
                47.568540453721944
              ],
              [
                19.12590226483929,
                47.568540563029764
              ],
              [
                19.125904806486275,
                47.56854051580762
              ],
              [
                19.125907153171745,
                47.56854031906931
              ],
              [
                19.125909635018523,
                47.56853994513844
              ],
              [
                19.125911883400036,
                47.56853944955466
              ],
              [
                19.125914214610088,
                47.568538762601094
              ],
              [
                19.12591628239606,
                47.56853798631042
              ],
              [
                19.12591837764627,
                47.56853701147694
              ],
              [
                19.125920189154982,
                47.568535982891824
              ],
              [
                19.125921971758427,
                47.56853475585767
              ],
              [
                19.12592346068806,
                47.56853351262476
              ],
              [
                19.125924865400872,
                47.56853207829984
              ],
              [
                19.1259259772561,
                47.56853066592189
              ],
              [
                19.12592695266536,
                47.56852907680295
              ],
              [
                19.125927646751954,
                47.56852754697354
              ],
              [
                19.125928157157407,
                47.56852586122294
              ],
              [
                19.125928408071644,
                47.56852426993432
              ],
              [
                19.125928434792357,
                47.56852254925109
              ],
              [
                19.125928233350773,
                47.56852095474494
              ],
              [
                19.125927775408858,
                47.56851926210669
              ],
              [
                19.12592712898436,
                47.56851772274245
              ],
              [
                19.125926203140732,
                47.5685161201003
              ],
              [
                19.12592513539274,
                47.568514692219246
              ],
              [
                19.12592450695809,
                47.56851394316563
              ],
              [
                19.125912348661,
                47.56850094326459
              ],
              [
                19.12590554355114,
                47.56828990365694
              ],
              [
                19.125905446400456,
                47.568288996862535
              ],
              [
                19.125905140369667,
                47.56828732070598
              ],
              [
                19.125904544145847,
                47.56828555007663
              ],
              [
                19.125903746865646,
                47.568283949687086
              ],
              [
                19.12590263726749,
                47.56828229620064
              ],
              [
                19.12590138123848,
                47.56828083681674
              ],
              [
                19.125899803497983,
                47.568279367876244
              ],
              [
                19.125898139921297,
                47.568278108988665
              ],
              [
                19.125896158353893,
                47.56827688447439
              ],
              [
                19.12589415504398,
                47.568275877400716
              ],
              [
                19.125891850426754,
                47.56827494722895
              ],
              [
                19.125889589047,
                47.568274233021725
              ],
              [
                19.125887055325894,
                47.56827363511023
              ],
              [
                19.125884628059676,
                47.56827324288353
              ],
              [
                19.12588196851982,
                47.56827300160575
              ],
              [
                19.12587947431273,
                47.56827294734837
              ],
              [
                19.125876797368168,
                47.568273072539775
              ],
              [
                19.12587433789457,
                47.56827335846352
              ],
              [
                19.125871752668814,
                47.568273845020755
              ],
              [
                19.125869428187194,
                47.56827445947013
              ],
              [
                19.12586704006494,
                47.568275287559075
              ],
              [
                19.125864945330967,
                47.56827620548661
              ],
              [
                19.125863856030836,
                47.56827673756645
              ],
              [
                19.125578340364893,
                47.568431635673896
              ],
              [
                19.125339353762737,
                47.568561289563725
              ],
              [
                19.12508442815196,
                47.56869814938168
              ],
              [
                19.125084352868758,
                47.568698190100015
              ],
              [
                19.125084213249565,
                47.56869826617868
              ],
              [
                19.125084138404603,
                47.56869830726538
              ],
              [
                19.12494735658335,
                47.56877395255853
              ],
              [
                19.12481070963368,
                47.56884952288327
              ],
              [
                19.12457977147766,
                47.568973727304446
              ],
              [
                19.12441924862808,
                47.569060090969316
              ],
              [
                19.12429458449199,
                47.569124843937864
              ],
              [
                19.124294573638092,
                47.56912484958159
              ],
              [
                19.124294553458057,
                47.569124860085864
              ],
              [
                19.124294542613015,
                47.569124865737
              ],
              [
                19.124260373189763,
                47.56914268975409
              ],
              [
                19.124214755486783,
                47.56916478683555
              ],
              [
                19.124062464246848,
                47.569231367223814
              ],
              [
                19.123950842621817,
                47.56922147979868
              ],
              [
                19.12394958966394,
                47.56922140940069
              ],
              [
                19.123947255234988,
                47.56922135327107
              ],
              [
                19.12394474790098,
                47.56922145370981
              ],
              [
                19.123942439555982,
                47.56922169581968
              ],
              [
                19.12394000491932,
                47.56922211371755
              ],
              [
                19.123937805102425,
                47.569222645419735
              ],
              [
                19.123935530117855,
                47.56922336585124
              ],
              [
                19.123933517397067,
                47.569224168155706
              ],
              [
                19.123931483317275,
                47.569225165390066
              ],
              [
                19.123929729578332,
                47.569226209641926
              ],
              [
                19.12392800905193,
                47.56922744806221
              ],
              [
                19.123926576930888,
                47.56922869696529
              ],
              [
                19.123925231407732,
                47.56923013234048
              ],
              [
                19.12392417205386,
                47.5692315412893
              ],
              [
                19.12392324959033,
                47.569233122353936
              ],
              [
                19.12392260083928,
                47.569234641026924
              ],
              [
                19.123922134381893,
                47.56923631131216
              ],
              [
                19.12392191940433,
                47.569237885468766
              ],
              [
                19.123921925613036,
                47.56923958531916
              ],
              [
                19.12392215208714,
                47.56924115873727
              ],
              [
                19.123922630740278,
                47.5692428274414
              ],
              [
                19.123923290577427,
                47.5692443439252
              ],
              [
                19.123924224579625,
                47.56924592188412
              ],
              [
                19.123925294213326,
                47.569247327271306
              ],
              [
                19.123925922152317,
                47.569248064426674
              ],
              [
                19.12395362203212,
                47.56927729356845
              ],
              [
                19.123676605160853,
                47.569379111069544
              ],
              [
                19.12342246110646,
                47.569467108828015
              ],
              [
                19.123330618065932,
                47.56949470632808
              ],
              [
                19.12306021212138,
                47.56956667317864
              ],
              [
                19.122823830893253,
                47.56962796144582
              ],
              [
                19.122823800776924,
                47.56962796928266
              ],
              [
                19.12282374478679,
                47.56962798390515
              ],
              [
                19.12282371469866,
                47.56962799179143
              ],
              [
                19.122652328769906,
                47.569673074903704
              ],
              [
                19.12265231248467,
                47.56967307919585
              ],
              [
                19.122652282201955,
                47.56967308719274
              ],
              [
                19.12265226592513,
                47.56967309149939
              ],
              [
                19.122482309313575,
                47.56971814685158
              ],
              [
                19.12234290868527,
                47.56975418840295
              ],
              [
                19.12234267828396,
                47.56975424964225
              ],
              [
                19.122342251341966,
                47.56975436623809
              ],
              [
                19.12234202266585,
                47.56975443037064
              ],
              [
                19.122254478146054,
                47.56977963133872
              ],
              [
                19.122076591499333,
                47.56982917632599
              ],
              [
                19.122076571703253,
                47.56982918184688
              ],
              [
                19.121986223221338,
                47.56985442614889
              ],
              [
                19.121986205760056,
                47.5698544310376
              ],
              [
                19.121986173291386,
                47.56985444014624
              ],
              [
                19.12198615584013,
                47.56985444505179
              ],
              [
                19.121845401796428,
                47.569894090419716
              ],
              [
                19.121578433339266,
                47.56996799528361
              ],
              [
                19.121577652801903,
                47.56996823146745
              ],
              [
                19.121576223373147,
                47.56996870190176
              ],
              [
                19.121575466890334,
                47.56996897156128
              ],
              [
                19.121437316719394,
                47.57002212700149
              ],
              [
                19.12143695222614,
                47.57002227249006
              ],
              [
                19.12143628080533,
                47.570022550333455
              ],
              [
                19.121435923340734,
                47.570022703601225
              ],
              [
                19.121212775235925,
                47.57012178487441
              ],
              [
                19.12121274657825,
                47.57012179763469
              ],
              [
                19.121212693320263,
                47.57012182141527
              ],
              [
                19.1212126647113,
                47.57012183422556
              ],
              [
                19.121016082513172,
                47.57021010487226
              ],
              [
                19.121016055844986,
                47.57021011687827
              ],
              [
                19.12101600628181,
                47.570210139249994
              ],
              [
                19.121015979656264,
                47.5702101512996
              ],
              [
                19.120835435636124,
                47.57029207071861
              ],
              [
                19.12054995552994,
                47.570419028960565
              ],
              [
                19.120548903637594,
                47.57041954841033
              ],
              [
                19.120547021666432,
                47.570420577053554
              ],
              [
                19.120545167688764,
                47.57042181182752
              ],
              [
                19.1205436178121,
                47.57042306884104
              ],
              [
                19.120542154718777,
                47.57042452434755
              ],
              [
                19.120540996303042,
                47.57042596158275
              ],
              [
                19.120539980136375,
                47.57042758207017
              ],
              [
                19.120539257553535,
                47.5704291444753
              ],
              [
                19.1205387272368,
                47.57043086787252
              ],
              [
                19.120538468164707,
                47.5704324956013
              ],
              [
                19.120538444011217,
                47.57043425589544
              ],
              [
                19.120538658373462,
                47.570435886599405
              ],
              [
                19.120539141308498,
                47.57043761636416
              ],
              [
                19.120539820894233,
                47.57043918758089
              ],
              [
                19.120540792419558,
                47.57044082055947
              ],
              [
                19.12054191119804,
                47.57044227210515
              ],
              [
                19.120543334100443,
                47.57044374574789
              ],
              [
                19.12054484921807,
                47.57044502202251
              ],
              [
                19.120545713526077,
                47.570445681154006
              ],
              [
                19.120660122435694,
                47.57052476236273
              ],
              [
                19.120661093697898,
                47.57052537004057
              ],
              [
                19.12066297877831,
                47.570526436760666
              ],
              [
                19.120665164177563,
                47.57052744173983
              ],
              [
                19.12066732380919,
                47.57052823502375
              ],
              [
                19.120669759778448,
                47.570528927582785
              ],
              [
                19.120672108610968,
                47.57052941607929
              ],
              [
                19.12067469887879,
                47.57052976884773
              ],
              [
                19.120677144084468,
                47.57052993325111
              ],
              [
                19.120679786281435,
                47.57052993228721
              ],
              [
                19.120682231223796,
                47.57052976610002
              ],
              [
                19.12068482092817,
                47.570529411441974
              ],
              [
                19.120687168981153,
                47.570528921232125
              ],
              [
                19.12068960384576,
                47.57052822689626
              ],
              [
                19.12069176221245,
                47.5705274320372
              ],
              [
                19.120692891163287,
                47.57052696556711
              ],
              [
                19.12089611310837,
                47.570433294557084
              ],
              [
                19.120896126584796,
                47.5704332883372
              ],
              [
                19.12089615164024,
                47.570433276757846
              ],
              [
                19.12089616510514,
                47.57043327052687
              ],
              [
                19.12121484729771,
                47.570285602812106
              ],
              [
                19.12145979490619,
                47.570174268512446
              ],
              [
                19.12155616064351,
                47.57013629118729
              ],
              [
                19.121681019581604,
                47.57009883920943
              ],
              [
                19.121805481119974,
                47.5700620065688
              ],
              [
                19.12193782152756,
                47.57002608412266
              ],
              [
                19.12219275943566,
                47.56995940122389
              ],
              [
                19.1221928115994,
                47.56995938749409
              ],
              [
                19.122192908544022,
                47.569959361818505
              ],
              [
                19.12219296062181,
                47.569959347940205
              ],
              [
                19.122465294750473,
                47.56988632393359
              ],
              [
                19.122651271570785,
                47.56983674066146
              ],
              [
                19.122651288238476,
                47.569836736208885
              ],
              [
                19.122651319232336,
                47.56983672791287
              ],
              [
                19.122651335891366,
                47.56983672344508
              ],
              [
                19.122849167669518,
                47.569783561591464
              ],
              [
                19.12299784342369,
                47.5697448215784
              ],
              [
                19.12299791507618,
                47.56974480274688
              ],
              [
                19.12299804819902,
                47.5697447674597
              ],
              [
                19.122998119689377,
                47.569744748348015
              ],
              [
                19.12309510015549,
                47.56971860264447
              ],
              [
                19.123262444429173,
                47.569673536060805
              ],
              [
                19.123428465023387,
                47.569629368209526
              ],
              [
                19.123429085746572,
                47.56962919064909
              ],
              [
                19.123430227181633,
                47.56962884079626
              ],
              [
                19.12343083380796,
                47.56962864217084
              ],
              [
                19.123476339129823,
                47.569612766722976
              ],
              [
                19.123592221246525,
                47.569580595996726
              ],
              [
                19.12359289573935,
                47.5695803937695
              ],
              [
                19.123594133910352,
                47.56957999436194
              ],
              [
                19.123594790784203,
                47.56957976711864
              ],
              [
                19.1236239387865,
                47.56956898271917
              ],
              [
                19.123858984475625,
                47.56948340865293
              ],
              [
                19.124422228614936,
                47.56927795650623
              ],
              [
                19.12442262281422,
                47.569277806804614
              ],
              [
                19.12442334881716,
                47.56927752000314
              ],
              [
                19.124423735266266,
                47.56927736131602
              ],
              [
                19.124763764120864,
                47.56913232423371
              ],
              [
                19.124764288958072,
                47.569132088422606
              ],
              [
                19.124765249251503,
                47.569131634406986
              ],
              [
                19.124765756987873,
                47.56913138202929
              ],
              [
                19.125014101946572,
                47.56900169549382
              ]
            ]
          ]
        ]
      },
      "properties": {
        "lotNumber": "88422"
      }
    }
  ]
}